date,daily_kwh,interpolated_value,maxtempC,mintempC,avgtempC,humidity,sunHour,uvIndex,windspeedKmph,pressure,winddirDegree,visibility,cloudcover,HeatIndexC,WindChillC,WindGustKmph,FeelsLikeC,month,month_day,week_day,season,is_weekend,is_holiday
2021-09-01,0.0000,0.0000,33.0,25.0,28.0,80.625,9.0,6.0,9.125,1009.5,125.625,9.875,56.125,32.5,28.25,17.0,32.5,9,1,2,4,0,0
2021-09-02,0.0000,0.0000,29.0,23.0,26.0,83.5,5.0,7.0,6.5,1008.75,60.375,9.875,59.625,28.75,25.625,13.625,28.75,9,2,3,4,0,0
2021-09-03,0.0000,0.0000,31.0,24.0,27.0,82.125,7.0,6.0,8.25,1006.75,64.0,9.875,66.375,31.5,27.5,15.375,31.5,9,3,4,4,0,0
2021-09-04,0.0000,0.0000,34.0,26.0,29.0,83.375,7.0,6.0,10.125,1005.25,156.375,9.5,75.75,35.75,29.375,20.125,35.75,9,4,5,4,1,0
2021-09-05,0.0000,0.0000,29.0,22.0,25.0,85.125,8.0,6.0,13.875,1009.625,19.75,9.875,67.875,28.875,25.625,22.875,28.625,9,5,6,4,1,0
2021-09-06,0.0000,0.0000,27.0,21.0,24.0,79.625,3.0,6.0,14.625,1013.875,136.625,10.0,63.875,26.125,24.0,23.375,25.75,9,6,0,4,0,0
2021-09-07,0.0000,0.0000,29.0,21.0,25.0,70.75,12.0,6.0,11.0,1014.375,225.875,10.0,34.75,26.25,24.375,20.0,25.875,9,7,1,4,0,0
2021-09-08,0.0000,0.0000,27.0,22.0,24.0,75.5,12.0,6.0,3.625,1011.625,135.0,10.0,42.25,26.5,24.25,7.875,26.25,9,8,2,4,0,0
2021-09-09,0.0000,0.0000,29.0,23.0,26.0,76.625,12.0,7.0,2.25,1010.25,138.125,10.0,42.25,29.125,26.25,7.25,29.125,9,9,3,4,0,0
2021-09-10,0.0000,0.0000,35.0,24.0,29.0,63.0,12.0,7.0,4.875,1009.5,81.375,10.0,4.75,31.125,28.25,9.125,31.125,9,10,4,4,0,0
2021-09-11,0.0000,0.0000,35.0,24.0,29.0,58.625,12.0,7.0,6.75,1007.375,71.75,10.0,0.0,31.5,28.875,10.875,31.5,9,11,5,4,1,0
2021-09-12,0.0000,0.0000,34.0,23.0,28.0,59.375,12.0,7.0,11.5,1006.5,36.375,10.0,1.625,29.875,28.0,20.0,29.875,9,12,6,4,1,0
2021-09-13,0.0000,0.0000,32.0,22.0,26.0,63.875,12.0,7.0,13.0,1009.75,28.75,10.0,0.0,27.875,26.25,21.125,27.625,9,13,0,4,0,0
2021-09-14,0.0000,0.0000,30.0,23.0,26.0,72.125,6.0,7.0,14.875,1012.5,142.0,10.0,57.0,28.25,25.875,22.0,28.25,9,14,1,4,0,0
2021-09-15,0.0000,0.0000,30.0,20.0,25.0,66.5,11.0,7.0,12.0,1013.0,7.625,10.0,20.625,27.375,25.5,19.125,27.0,9,15,2,4,0,0
2021-09-16,0.0000,0.0000,32.0,22.0,27.0,63.875,12.0,7.0,8.125,1010.25,82.125,10.0,13.75,28.5,26.75,11.75,28.25,9,16,3,4,0,0
2021-09-17,0.0000,0.0000,30.0,24.0,26.0,64.75,12.0,7.0,9.5,1010.375,50.5,10.0,30.0,28.625,26.625,16.375,28.625,9,17,4,4,0,0
2021-09-18,0.0000,0.0000,34.0,23.0,28.0,61.375,12.0,7.0,13.375,1009.625,94.875,10.0,27.25,29.375,27.625,22.125,29.375,9,18,5,4,1,0
2021-09-19,0.0000,0.0000,32.0,19.0,26.0,77.0,1.0,7.0,16.125,1007.375,220.5,9.625,70.5,29.75,26.875,30.5,29.75,9,19,6,4,1,0
2021-09-20,0.0000,0.0000,27.0,19.0,23.0,77.875,11.0,5.0,9.625,1011.375,267.625,9.875,50.5,23.25,22.375,18.625,23.25,9,20,0,4,0,1
2021-09-21,0.0000,0.0000,33.0,21.0,27.0,68.0,12.0,7.0,10.75,1008.5,196.5,10.0,0.0,28.75,26.625,17.75,28.5,9,21,1,4,0,1
2021-09-22,0.0000,0.0000,35.0,22.0,28.0,60.75,12.0,7.0,10.75,1008.375,123.25,10.0,2.875,30.0,27.75,16.625,29.625,9,22,2,4,0,0
2021-09-23,0.0000,0.0000,35.0,22.0,28.0,53.0,12.0,7.0,10.625,1011.25,111.0,10.0,2.125,29.875,28.125,20.875,29.875,9,23,3,4,0,0
2021-09-24,0.0000,0.0000,32.0,25.0,28.0,67.25,11.0,7.0,11.75,1012.0,92.125,9.875,44.625,31.375,28.25,21.875,31.375,9,24,4,4,0,0
2021-09-25,0.0000,0.0000,36.0,27.0,30.0,66.25,11.0,8.0,9.375,1010.5,147.875,10.0,28.625,34.75,30.375,19.25,34.75,9,25,5,4,1,0
2021-09-26,0.0000,0.0000,37.0,25.0,30.0,68.5,12.0,7.0,9.75,1010.875,123.5,10.0,19.375,34.75,30.25,16.125,34.75,9,26,6,4,1,0
2021-09-27,0.0000,0.0000,32.0,22.0,26.0,72.25,12.0,6.0,14.5,1011.125,26.375,9.875,45.0,28.75,26.5,22.5,28.75,9,27,0,4,0,0
2021-09-28,0.0000,0.0000,32.0,22.0,26.0,75.625,6.0,7.0,11.125,1008.875,131.25,9.875,53.25,29.25,26.25,19.5,29.25,9,28,1,4,0,0
2021-09-29,0.0000,0.0000,30.0,20.0,24.0,72.625,12.0,5.0,11.25,1010.25,226.875,9.25,31.625,25.0,23.875,21.375,24.75,9,29,2,4,0,0
2021-09-30,135211.5000,135211.5000,32.0,20.0,26.0,57.875,12.0,7.0,5.625,1009.5,98.125,10.0,2.875,25.75,24.5,11.875,25.75,9,30,3,4,0,0
2021-10-01,642.4871,642.4871,31.0,21.0,26.0,58.125,12.0,7.0,5.625,1008.625,109.0,10.0,6.75,27.125,25.875,9.25,27.125,10,1,4,4,0,1
2021-10-02,642.4871,642.4871,34.0,23.0,28.0,56.5,12.0,7.0,8.875,1009.125,121.375,10.0,3.375,29.625,27.875,17.625,29.625,10,2,5,4,1,1
2021-10-03,642.4871,642.4871,36.0,25.0,30.0,58.125,12.0,7.0,15.0,1008.25,146.875,10.0,14.25,32.875,29.875,26.875,32.875,10,3,6,4,1,1
2021-10-04,642.4871,642.4871,36.0,27.0,31.0,51.125,12.0,8.0,14.875,1010.375,153.25,10.0,18.125,34.0,31.25,24.75,34.0,10,4,0,4,0,1
2021-10-05,642.4871,642.4871,29.0,20.0,24.0,65.25,12.0,6.0,21.125,1016.25,28.375,10.0,6.25,26.75,24.875,28.625,26.5,10,5,1,4,0,1
2021-10-06,642.4871,642.4871,26.0,17.0,20.0,74.75,3.0,6.0,17.0,1017.25,93.5,10.0,76.125,20.875,20.25,26.75,20.875,10,6,2,4,0,1
2021-10-07,642.4871,642.4871,23.0,15.0,18.0,74.625,2.0,4.0,17.25,1016.625,96.625,10.0,86.0,18.875,18.25,29.875,18.5,10,7,3,4,0,1
2021-10-08,642.4871,642.4871,25.0,16.0,20.0,74.25,6.0,5.0,13.375,1015.625,50.125,10.0,68.625,20.125,19.375,23.5,19.75,10,8,4,4,0,0
2021-10-09,642.4871,642.4871,27.0,18.0,21.0,75.5,2.0,5.0,14.5,1015.0,223.0,10.0,86.0,21.625,21.125,22.75,21.625,10,9,5,4,1,0
2021-10-10,642.4871,642.4871,20.0,15.0,17.0,79.125,1.0,4.0,25.625,1019.625,92.75,7.75,100.0,17.625,17.625,38.125,17.625,10,10,6,4,1,0
2021-10-11,642.4871,642.4871,17.0,14.0,15.0,68.25,1.0,4.0,23.5,1022.125,17.25,10.0,96.875,15.875,14.875,35.875,14.875,10,11,0,4,0,0
2021-10-12,642.4871,642.4871,25.0,14.0,19.0,59.25,11.0,4.0,19.125,1021.0,16.625,10.0,54.75,18.875,18.0,30.375,18.125,10,12,1,4,0,0
2021-10-13,642.4871,642.4871,25.0,16.0,20.0,57.25,11.0,6.0,18.125,1019.0,14.875,10.0,49.875,21.125,20.125,26.375,20.75,10,13,2,4,0,0
2021-10-14,642.4871,642.4871,20.0,17.0,19.0,80.625,1.0,4.0,17.875,1018.0,97.625,8.375,94.75,19.625,19.625,29.375,19.625,10,14,3,4,0,0
2021-10-15,642.4871,642.4871,17.0,15.0,16.0,86.125,1.0,4.0,23.875,1021.0,6.75,4.75,100.0,16.0,15.75,36.875,15.75,10,15,4,4,0,0
2021-10-16,642.4871,642.4871,15.0,13.0,14.0,83.5,1.0,3.0,26.125,1028.75,20.375,6.5,100.0,14.0,11.875,37.125,11.875,10,16,5,4,1,0
2021-10-17,642.4871,642.4871,15.0,10.0,12.0,63.0,11.0,3.0,10.375,1030.25,100.0,9.0,53.75,12.375,11.375,18.125,11.375,10,17,6,4,1,0
2021-10-18,642.4871,642.4871,15.0,11.0,13.0,62.75,3.0,3.0,4.375,1024.75,237.25,10.0,82.5,12.625,12.625,9.125,12.625,10,18,0,4,0,0
2021-10-19,642.4871,642.4871,16.0,12.0,14.0,79.25,9.0,3.0,5.75,1024.0,96.25,8.0,65.5,14.25,14.375,8.375,14.375,10,19,1,4,0,0
2021-10-20,642.4871,642.4871,13.0,10.0,12.0,89.125,1.0,3.0,15.625,1024.75,27.125,3.75,99.5,11.875,10.375,23.0,10.375,10,20,2,4,0,0
2021-10-21,642.4871,642.4871,19.0,9.0,13.0,67.125,11.0,3.0,9.0,1025.5,138.25,9.0,36.875,13.25,12.5,13.75,12.5,10,21,3,4,0,0
2021-10-22,642.4871,642.4871,19.0,12.0,15.0,62.625,11.0,3.0,6.875,1027.625,47.25,10.0,57.25,14.5,14.25,11.75,14.25,10,22,4,4,0,0
2021-10-23,642.4871,642.4871,19.0,11.0,15.0,60.625,9.0,4.0,6.125,1027.0,122.375,10.0,36.875,14.625,14.5,11.25,14.5,10,23,5,4,1,0
2021-10-24,642.4871,642.4871,22.0,11.0,16.0,51.75,11.0,5.0,6.125,1025.25,147.75,10.0,11.125,15.875,15.375,10.625,15.375,10,24,6,4,1,0
2021-10-25,642.4871,642.4871,23.0,12.0,17.0,50.25,11.0,4.0,5.0,1022.25,77.625,10.0,16.125,16.375,16.125,8.625,16.125,10,25,0,4,0,0
2021-10-26,642.4871,642.4871,23.0,13.0,18.0,52.125,11.0,5.0,5.75,1020.375,201.375,10.0,12.375,17.25,16.875,10.625,16.875,10,26,1,4,0,0
2021-10-27,642.4871,642.4871,24.0,15.0,19.0,57.625,11.0,5.0,7.875,1022.125,110.25,10.0,14.75,18.5,18.0,12.0,18.125,10,27,2,4,0,0
2021-10-28,642.4871,642.4871,24.0,15.0,19.0,55.375,11.0,5.0,4.875,1022.5,105.625,10.0,50.125,19.875,19.25,8.25,19.625,10,28,3,4,0,0
2021-10-29,642.4871,642.4871,22.0,15.0,19.0,60.0,10.0,5.0,6.625,1022.625,118.375,10.0,62.0,18.75,18.25,10.25,18.25,10,29,4,4,0,0
2021-10-30,642.4871,642.4871,24.0,14.0,19.0,52.875,10.0,5.0,5.0,1022.375,144.25,10.0,23.375,18.5,18.375,9.0,18.5,10,30,5,4,1,0
2021-10-31,19917.1000,642.4870,25.0,16.0,20.0,52.375,11.0,5.0,6.25,1022.5,92.75,10.0,41.875,20.375,19.75,9.375,20.375,10,31,6,4,1,0
2021-11-01,0.0000,0.0000,23.0,17.0,19.0,51.25,11.0,5.0,5.875,1023.25,120.375,10.0,32.375,19.5,19.375,10.875,19.5,11,1,0,4,0,0
2021-11-02,0.0000,0.0000,21.0,17.0,19.0,58.75,11.0,4.0,6.0,1022.625,240.75,10.0,63.875,19.125,18.75,9.625,18.75,11,2,1,4,0,0
2021-11-03,0.0000,0.0000,21.0,14.0,18.0,65.375,7.0,5.0,4.75,1020.625,164.125,10.0,60.75,18.5,17.875,7.25,17.875,11,3,2,4,0,0
2021-11-04,0.0000,0.0000,21.0,17.0,19.0,67.0,3.0,4.0,6.875,1016.75,136.625,10.0,77.5,18.75,18.75,13.375,18.75,11,4,3,4,0,0
2021-11-05,0.0000,0.0000,21.0,18.0,19.0,88.875,1.0,4.0,6.0,1011.875,123.5,9.0,98.375,19.125,18.75,10.25,18.75,11,5,4,4,0,0
2021-11-06,0.0000,0.0000,21.0,17.0,19.0,77.375,6.0,4.0,14.25,1014.625,12.625,10.0,86.875,19.125,18.75,19.0,18.75,11,6,5,4,1,0
2021-11-07,0.0000,0.0000,17.0,7.0,9.0,73.125,2.0,2.0,27.75,1025.25,347.75,5.875,76.5,9.5,6.25,44.0,6.25,11,7,6,4,1,0
2021-11-08,0.0000,0.0000,13.0,4.0,9.0,42.5,11.0,3.0,7.125,1030.25,244.25,10.0,18.75,8.25,7.125,15.875,7.125,11,8,0,4,0,0
2021-11-09,0.0000,0.0000,16.0,6.0,11.0,46.125,10.0,4.0,7.5,1026.25,278.125,10.0,20.0,10.375,9.75,11.75,9.75,11,9,1,4,0,0
2021-11-10,0.0000,0.0000,20.0,8.0,13.0,44.875,11.0,4.0,13.375,1022.75,295.125,10.0,0.0,12.0,10.875,20.25,10.875,11,10,2,4,0,0
2021-11-11,0.0000,0.0000,18.0,8.0,13.0,40.5,11.0,4.0,5.875,1023.5,157.75,10.0,24.25,12.875,12.75,11.625,12.75,11,11,3,4,0,0
2021-11-12,0.0000,0.0000,19.0,9.0,14.0,36.875,11.0,4.0,7.25,1024.625,251.375,10.0,11.25,13.0,12.875,12.25,12.875,11,12,4,4,0,0
2021-11-13,0.0000,0.0000,21.0,8.0,14.0,40.375,11.0,4.0,7.375,1022.375,252.875,10.0,2.125,13.25,13.0,13.5,13.0,11,13,5,4,1,0
2021-11-14,0.0000,0.0000,22.0,10.0,15.0,44.75,11.0,3.0,6.875,1021.0,199.875,10.0,10.375,13.875,13.5,12.625,13.5,11,14,6,4,1,0
2021-11-15,0.0000,0.0000,22.0,10.0,16.0,43.0,11.0,5.0,8.125,1019.875,88.125,10.0,17.375,15.125,14.625,13.0,14.625,11,15,0,4,0,0
2021-11-16,0.0000,0.0000,19.0,12.0,16.0,43.375,7.0,4.0,9.75,1021.75,73.875,10.0,70.0,16.0,15.75,13.75,15.75,11,16,1,4,0,0
2021-11-17,0.0000,0.0000,20.0,13.0,16.0,49.625,11.0,4.0,7.75,1022.875,328.875,10.0,49.0,16.0,15.875,11.5,15.875,11,17,2,4,0,0
2021-11-18,0.0000,0.0000,21.0,10.0,15.0,51.625,11.0,5.0,9.125,1017.875,194.125,10.0,0.75,15.5,14.625,13.25,14.625,11,18,3,4,0,0
2021-11-19,0.0000,0.0000,20.0,12.0,16.0,58.5,9.0,5.0,10.125,1014.75,103.875,10.0,49.5,15.5,15.0,14.75,15.0,11,19,4,4,0,0
2021-11-20,0.0000,0.0000,17.0,14.0,15.0,65.125,1.0,5.0,10.875,1015.625,49.875,9.875,84.375,14.75,14.25,16.25,14.25,11,20,5,4,1,0
2021-11-21,0.0000,0.0000,15.0,11.0,13.0,57.0,4.0,3.0,20.625,1023.5,135.75,9.0,79.0,13.25,11.5,29.5,11.5,11,21,6,4,1,0
2021-11-22,0.0000,0.0000,12.0,6.0,9.0,19.0,11.0,3.0,18.125,1030.25,18.75,10.0,29.5,9.0,6.25,27.0,6.25,11,22,0,4,0,0
2021-11-23,0.0000,0.0000,14.0,5.0,9.0,22.625,11.0,3.0,5.25,1028.25,128.5,10.0,27.125,8.125,7.375,9.5,7.375,11,23,1,4,0,0
2021-11-24,0.0000,0.0000,18.0,5.0,11.0,31.5,11.0,4.0,7.75,1024.25,210.25,10.0,7.375,10.375,9.75,13.875,9.75,11,24,2,4,0,0
2021-11-25,0.0000,0.0000,20.0,8.0,13.0,36.5,11.0,4.0,5.5,1022.625,188.375,10.0,1.75,12.125,11.75,10.5,11.75,11,25,3,4,0,0
2021-11-26,0.0000,0.0000,21.0,9.0,14.0,34.375,11.0,4.0,8.0,1024.625,37.75,10.0,17.0,13.0,12.625,11.5,12.625,11,26,4,4,0,0
2021-11-27,0.0000,0.0000,18.0,8.0,13.0,39.25,11.0,4.0,8.25,1026.625,59.0,10.0,36.5,12.125,11.5,14.125,11.5,11,27,5,4,1,0
2021-11-28,0.0000,0.0000,18.0,10.0,13.0,45.25,10.0,4.0,7.375,1025.875,78.5,10.0,54.125,12.25,11.875,11.375,11.875,11,28,6,4,1,0
2021-11-29,0.0000,0.0000,19.0,9.0,13.0,45.375,10.0,4.0,12.875,1025.375,142.0,10.0,36.375,13.25,12.25,20.375,12.25,11,29,0,4,0,0
2021-11-30,0.0000,0.0000,17.0,7.0,11.0,26.25,10.0,3.0,16.0,1029.875,257.25,10.0,10.75,10.5,8.875,25.75,8.875,11,30,1,4,0,0
2021-12-01,0.0000,0.0000,14.0,4.0,9.0,26.875,10.0,3.0,8.875,1030.125,59.75,10.0,9.75,8.375,6.5,14.375,6.5,12,1,2,1,0,0
2021-12-02,0.0000,0.0000,16.0,6.0,10.0,25.0,10.0,3.0,6.875,1026.625,174.5,10.0,23.0,9.125,8.625,12.25,8.625,12,2,3,1,0,0
2021-12-03,0.0000,0.0000,18.0,6.0,11.0,24.0,9.0,3.0,6.375,1026.5,254.0,10.0,46.875,10.375,9.75,12.0,9.75,12,3,4,1,0,0
2021-12-04,0.0000,0.0000,18.0,7.0,12.0,24.625,10.0,4.0,6.375,1026.625,89.0,10.0,26.375,11.0,10.375,10.375,10.375,12,4,5,1,1,0
2021-12-05,0.0000,0.0000,19.0,6.0,12.0,33.125,10.0,4.0,4.75,1025.375,96.875,10.0,0.0,11.25,10.75,10.5,10.75,12,5,6,1,1,0
2021-12-06,0.0000,0.0000,20.0,8.0,13.0,30.375,10.0,4.0,6.75,1026.0,75.0,10.0,0.25,11.875,11.625,10.625,11.625,12,6,0,1,0,0
2021-12-07,0.0000,0.0000,16.0,7.0,11.0,40.5,6.0,4.0,12.375,1028.25,28.875,10.0,37.375,11.375,9.875,19.75,9.875,12,7,1,1,0,0
2021-12-08,0.0000,0.0000,17.0,8.0,12.0,46.125,10.0,4.0,7.125,1028.25,139.125,10.0,19.0,12.25,11.5,12.0,11.5,12,8,2,1,0,0
2021-12-09,0.0000,0.0000,18.0,9.0,13.0,42.25,10.0,3.0,6.5,1026.375,264.625,10.0,21.875,12.625,12.0,9.75,12.0,12,9,3,1,0,0
2021-12-10,0.0000,0.0000,20.0,8.0,14.0,42.625,9.0,4.0,9.5,1023.625,74.125,10.0,35.75,12.375,11.625,15.0,11.625,12,10,4,1,0,0
2021-12-11,0.0000,0.0000,14.0,11.0,12.0,59.625,1.0,3.0,14.875,1026.75,91.375,10.0,83.75,11.625,10.0,19.25,10.0,12,11,5,1,1,0
2021-12-12,0.0000,0.0000,14.0,9.0,11.0,53.5,10.0,3.0,15.25,1031.375,101.875,10.0,50.25,10.875,9.0,24.875,9.0,12,12,6,1,1,0
2021-12-13,0.0000,0.0000,15.0,6.0,10.0,62.0,10.0,3.0,9.25,1027.875,97.25,10.0,18.625,9.0,7.5,14.375,7.5,12,13,0,1,0,0
2021-12-14,0.0000,0.0000,15.0,9.0,12.0,63.875,1.0,3.0,7.875,1020.5,162.75,10.0,91.75,10.625,9.875,12.0,9.875,12,14,1,1,0,0
2021-12-15,0.0000,0.0000,14.0,11.0,12.0,71.875,1.0,3.0,7.0,1019.125,84.625,8.0,100.0,11.875,11.5,9.5,11.5,12,15,2,1,0,0
2021-12-16,0.0000,0.0000,12.0,11.0,11.0,61.875,1.0,3.0,12.875,1022.25,100.75,6.0,96.875,11.125,9.625,19.125,9.625,12,16,3,1,0,0
2021-12-17,0.0000,0.0000,12.0,5.0,9.0,27.625,10.0,3.0,22.75,1032.125,19.625,10.0,21.125,9.125,6.25,31.875,6.25,12,17,4,1,0,0
2021-12-18,0.0000,0.0000,11.0,1.0,6.0,22.125,10.0,3.0,8.375,1032.875,171.0,10.0,16.625,5.25,3.375,12.0,3.375,12,18,5,1,1,0
2021-12-19,0.0000,0.0000,15.0,4.0,9.0,23.0,10.0,3.0,4.625,1028.0,215.125,10.0,5.5,8.0,7.5,9.375,7.5,12,19,6,1,1,0
2021-12-20,0.0000,0.0000,17.0,6.0,11.0,26.375,10.0,4.0,5.75,1022.5,211.5,10.0,16.25,10.0,9.625,10.375,9.625,12,20,0,1,0,0
2021-12-21,0.0000,0.0000,19.0,7.0,12.0,33.375,10.0,4.0,5.0,1020.875,204.125,10.0,0.0,10.625,10.125,9.75,10.125,12,21,1,1,0,0
2021-12-22,0.0000,0.0000,19.0,7.0,12.0,33.0,10.0,4.0,6.125,1021.0,57.125,10.0,0.0,10.625,10.25,9.875,10.25,12,22,2,1,0,0
2021-12-23,0.0000,0.0000,19.0,7.0,12.0,37.875,10.0,4.0,9.375,1017.75,68.375,10.0,20.5,11.625,10.375,16.75,10.375,12,23,3,1,0,0
2021-12-24,0.0000,0.0000,11.0,5.0,9.0,52.5,6.0,3.0,22.375,1024.75,12.625,10.0,63.375,8.625,5.375,32.0,5.375,12,24,4,1,0,0
2021-12-25,0.0000,0.0000,4.0,2.0,3.0,60.875,1.0,1.0,19.25,1035.25,19.5,10.0,90.375,2.875,-1.5,32.75,-1.5,12,25,5,1,1,0
2021-12-26,0.0000,0.0000,3.0,-1.0,1.0,28.125,7.0,1.0,20.25,1040.875,19.875,10.0,66.125,0.75,-4.125,30.25,-4.125,12,26,6,1,1,0
2021-12-27,0.0000,0.0000,6.0,-1.0,2.0,21.25,7.0,2.0,7.25,1036.375,54.875,10.0,56.5,1.875,-0.125,10.75,-0.125,12,27,0,1,0,0
2021-12-28,0.0000,0.0000,9.0,1.0,4.0,34.25,10.0,2.0,6.5,1029.875,214.625,10.0,42.25,3.875,2.625,11.0,2.625,12,28,1,1,0,0
2021-12-29,0.0000,0.0000,12.0,1.0,6.0,65.125,10.0,3.0,7.0,1030.0,213.0,10.0,12.125,5.875,4.5,11.5,4.5,12,29,2,1,0,0
2021-12-30,0.0000,0.0000,14.0,2.0,7.0,23.125,10.0,3.0,7.375,1031.0,49.125,10.0,1.875,6.125,4.625,11.875,4.625,12,30,3,1,0,0
2021-12-31,0.0000,0.0000,13.0,2.0,7.0,25.0,8.0,3.0,10.25,1030.125,133.75,10.0,45.875,5.875,4.0,15.25,4.0,12,31,4,1,0,0
2022-01-01,0.0000,0.0000,15.0,4.0,8.0,35.625,10.0,3.0,6.625,1028.75,255.375,10.0,14.25,6.875,5.625,11.375,5.625,1,1,5,1,1,1
2022-01-02,0.0000,0.0000,14.0,4.0,9.0,35.125,10.0,3.0,6.625,1027.0,109.25,10.0,26.875,7.25,6.0,9.5,6.0,1,2,6,1,1,0
2022-01-03,0.0000,0.0000,16.0,5.0,10.0,32.875,10.0,4.0,7.5,1023.875,67.5,10.0,38.875,9.125,8.125,11.375,8.125,1,3,0,1,0,1
2022-01-04,0.0000,0.0000,12.0,6.0,10.0,38.125,1.0,2.0,12.625,1023.5,33.375,9.0,79.875,10.125,8.5,18.25,8.5,1,4,1,1,0,0
2022-01-05,0.0000,0.0000,8.0,6.0,7.0,79.0,1.0,2.0,14.5,1024.875,135.625,7.875,96.75,6.625,3.5,23.75,3.5,1,5,2,1,0,0
2022-01-06,0.0000,0.0000,8.0,6.0,7.0,80.5,1.0,2.0,12.25,1030.25,64.0,9.0,98.5,6.875,4.375,19.875,4.375,1,6,3,1,0,0
2022-01-07,0.0000,0.0000,8.0,5.0,7.0,77.875,1.0,2.0,6.5,1030.5,17.375,9.0,100.0,7.25,6.0,9.625,6.0,1,7,4,1,0,0
2022-01-08,0.0000,0.0000,8.0,6.0,7.0,75.125,1.0,2.0,3.625,1027.125,230.875,9.0,93.25,6.25,6.0,6.5,6.0,1,8,5,1,1,0
2022-01-09,0.0000,0.0000,11.0,4.0,8.0,71.625,10.0,3.0,5.125,1025.25,89.5,10.0,46.0,7.0,6.375,9.25,6.375,1,9,6,1,1,0
2022-01-10,0.0000,0.0000,10.0,5.0,8.0,75.0,1.0,3.0,9.625,1023.125,144.75,8.0,70.0,6.375,4.875,14.0,4.875,1,10,0,1,0,0
2022-01-11,0.0000,0.0000,12.0,3.0,7.0,57.0,10.0,3.0,7.0,1027.625,151.375,10.0,3.375,5.25,3.5,12.0,3.5,1,11,1,1,0,0
2022-01-12,0.0000,0.0000,13.0,3.0,8.0,55.875,10.0,3.0,7.375,1023.625,172.375,10.0,15.0,6.875,5.25,14.5,5.25,1,12,2,1,0,0
2022-01-13,0.0000,0.0000,10.0,3.0,6.0,37.0,10.0,3.0,15.875,1028.5,23.625,10.0,37.5,5.625,2.375,22.625,2.375,1,13,3,1,0,0
2022-01-14,0.0000,0.0000,5.0,3.0,4.0,74.0,1.0,2.0,7.75,1024.25,95.0,6.0,80.5,3.875,2.125,14.5,2.125,1,14,4,1,0,0
2022-01-15,0.0000,0.0000,10.0,4.0,7.0,72.375,7.0,2.0,2.75,1025.0,206.75,10.0,76.25,6.625,6.625,6.0,6.625,1,15,5,1,1,0
2022-01-16,0.0000,0.0000,14.0,6.0,9.0,54.25,9.0,3.0,7.875,1027.75,124.375,10.0,35.875,9.0,7.875,11.25,7.875,1,16,6,1,1,0
2022-01-17,0.0000,0.0000,13.0,6.0,9.0,57.125,10.0,3.0,6.125,1029.0,15.0,10.0,38.625,9.125,8.375,10.75,8.375,1,17,0,1,0,0
2022-01-18,0.0000,0.0000,15.0,4.0,9.0,56.125,8.0,3.0,6.125,1025.875,137.0,10.0,30.0,7.875,7.0,9.625,7.0,1,18,1,1,0,0
2022-01-19,0.0000,0.0000,16.0,5.0,10.0,53.875,10.0,4.0,4.75,1024.125,137.125,10.0,1.0,8.75,8.25,9.5,8.25,1,19,2,1,0,0
2022-01-20,0.0000,0.0000,14.0,6.0,10.0,56.375,6.0,3.0,11.375,1023.5,67.5,10.0,48.625,8.5,6.625,18.25,6.625,1,20,3,1,0,0
2022-01-21,0.0000,0.0000,10.0,6.0,8.0,75.375,1.0,2.0,13.375,1022.375,56.375,8.0,95.375,7.625,5.375,18.875,5.375,1,21,4,1,0,0
2022-01-22,0.0000,0.0000,6.0,5.0,6.0,85.75,1.0,2.0,13.0,1020.5,7.75,5.875,100.0,5.75,3.0,16.75,3.0,1,22,5,1,1,0
2022-01-23,0.0000,0.0000,5.0,4.0,5.0,88.5,1.0,1.0,14.75,1021.625,225.0,2.0,100.0,5.0,1.5,24.75,1.5,1,23,6,1,1,0
2022-01-24,0.0000,0.0000,4.0,3.0,3.0,90.625,1.0,1.0,10.875,1023.5,179.375,6.0,100.0,3.5,0.625,18.375,0.625,1,24,0,1,0,0
2022-01-25,0.0000,0.0000,6.0,2.0,4.0,89.625,1.0,1.0,9.0,1023.75,148.625,10.0,100.0,4.625,2.25,12.375,2.25,1,25,1,1,0,0
2022-01-26,0.0000,0.0000,6.0,5.0,6.0,91.5,1.0,2.0,9.25,1023.375,28.25,5.0,100.0,5.75,3.875,14.25,3.875,1,26,2,1,0,0
2022-01-27,0.0000,0.0000,5.0,3.0,4.0,94.125,1.0,1.0,13.625,1025.75,17.875,5.5,100.0,3.75,0.25,22.75,0.25,1,27,3,1,0,0
2022-01-28,0.0000,0.0000,3.0,2.0,2.0,96.75,1.0,1.0,14.125,1027.875,16.5,8.375,100.0,2.5,-1.25,22.25,-1.25,1,28,4,1,0,0
2022-01-29,0.0000,0.0000,4.0,2.0,3.0,93.875,1.0,1.0,8.75,1025.75,37.125,5.375,99.75,2.625,0.125,15.375,0.125,1,29,5,1,1,0
2022-01-30,0.0000,0.0000,7.0,-0.0,4.0,79.0,1.0,1.0,4.125,1026.375,112.125,10.0,84.625,3.0,2.125,7.875,2.125,1,30,6,1,1,0
2022-01-31,0.0000,0.0000,10.0,3.0,6.0,61.375,10.0,2.0,7.75,1027.875,140.875,10.0,50.0,5.625,4.5,11.75,4.5,1,31,0,1,0,1
2022-02-01,0.0000,0.0000,10.0,4.0,7.0,52.125,7.0,2.0,9.125,1027.5,49.625,10.0,71.25,6.75,4.75,14.25,4.75,2,1,1,1,0,1
2022-02-02,0.0000,0.0000,7.0,3.0,5.0,72.125,1.0,1.0,8.25,1029.0,47.125,8.0,91.0,4.375,2.75,13.125,2.75,2,2,2,1,0,1
2022-02-03,0.0000,0.0000,8.0,2.0,4.0,77.875,3.0,1.0,3.125,1027.125,150.625,10.0,71.75,3.75,3.25,6.75,3.25,2,3,3,1,0,1
2022-02-04,0.0000,0.0000,12.0,2.0,6.0,62.125,11.0,2.0,7.75,1028.875,216.125,10.0,13.75,5.25,3.5,11.125,3.5,2,4,4,1,0,1
2022-02-05,0.0000,0.0000,11.0,1.0,6.0,60.75,11.0,3.0,9.0,1030.5,62.0,10.0,26.0,5.75,3.75,14.625,3.75,2,5,5,1,1,0
2022-02-06,0.0000,0.0000,7.0,3.0,4.0,74.875,2.0,2.0,10.5,1028.5,76.125,8.75,78.625,4.375,1.75,16.0,1.75,2,6,6,1,1,0
2022-02-07,0.0000,0.0000,4.0,1.0,2.0,93.25,1.0,1.0,9.75,1027.5,190.375,9.375,100.0,2.25,-0.5,18.125,-0.5,2,7,0,1,0,0
2022-02-08,0.0000,0.0000,4.0,0.0,2.0,88.625,1.0,1.0,9.625,1029.125,26.0,8.875,100.0,2.25,-0.5,14.0,-0.5,2,8,1,1,0,0
2022-02-09,0.0000,0.0000,6.0,1.0,4.0,85.125,1.0,1.0,4.875,1027.0,263.625,7.625,99.875,3.5,2.375,9.875,2.375,2,9,2,1,0,0
2022-02-10,0.0000,0.0000,8.0,4.0,6.0,72.625,10.0,3.0,6.25,1024.125,104.125,10.0,44.75,5.75,4.375,10.5,4.375,2,10,3,1,0,0
2022-02-11,0.0000,0.0000,8.0,5.0,7.0,87.375,1.0,2.0,6.375,1023.125,102.125,7.0,100.0,6.125,5.25,9.0,5.25,2,11,4,1,0,0
2022-02-12,0.0000,0.0000,7.0,4.0,6.0,85.875,1.0,2.0,8.125,1023.25,59.75,7.0,98.0,5.625,3.875,12.375,3.875,2,12,5,1,1,0
2022-02-13,0.0000,0.0000,11.0,4.0,7.0,70.875,6.0,2.0,7.0,1022.875,123.875,10.0,72.125,7.0,5.75,10.375,5.75,2,13,6,1,1,0
2022-02-14,0.0000,0.0000,13.0,5.0,9.0,64.875,11.0,3.0,6.0,1023.75,95.625,10.0,8.25,7.25,6.5,9.125,6.5,2,14,0,1,0,0
2022-02-15,0.0000,0.0000,13.0,7.0,10.0,62.5,9.0,3.0,6.0,1022.75,59.0,10.0,53.75,9.375,8.75,11.25,8.75,2,15,1,1,0,0
2022-02-16,0.0000,0.0000,13.0,7.0,9.0,64.25,6.0,3.0,11.75,1021.125,76.125,10.0,61.875,9.125,7.25,17.25,7.25,2,16,2,1,0,0
2022-02-17,0.0000,0.0000,8.0,3.0,5.0,83.5,1.0,2.0,14.25,1022.875,67.875,5.0,99.0,5.125,2.0,22.25,2.0,2,17,3,1,0,0
2022-02-18,0.0000,0.0000,6.0,3.0,4.0,80.75,1.0,1.0,12.75,1025.125,64.125,10.0,100.0,3.375,0.375,21.375,0.375,2,18,4,1,0,0
2022-02-19,0.0000,0.0000,7.0,2.0,4.0,71.875,1.0,1.0,21.875,1030.875,13.5,10.0,86.625,4.125,-0.25,30.75,-0.25,2,19,5,1,1,0
2022-02-20,0.0000,0.0000,8.0,1.0,5.0,58.75,9.0,2.0,8.125,1032.375,75.0,10.0,43.125,3.875,1.625,12.875,1.625,2,20,6,1,1,0
2022-02-21,0.0000,0.0000,10.0,2.0,6.0,51.625,12.0,2.0,5.5,1031.375,78.0,10.0,28.625,5.125,4.0,9.75,4.0,2,21,0,1,0,0
2022-02-22,0.0000,0.0000,10.0,4.0,6.0,53.625,12.0,3.0,7.375,1033.125,30.125,10.0,50.25,6.25,4.75,10.875,4.75,2,22,1,1,0,0
2022-02-23,0.0000,0.0000,11.0,3.0,6.0,70.25,7.0,2.0,8.125,1033.375,176.875,10.0,64.875,6.125,4.75,14.125,4.75,2,23,2,1,0,0
2022-02-24,0.0000,0.0000,13.0,4.0,8.0,55.0,12.0,3.0,7.0,1031.0,145.0,10.0,2.5,7.625,6.125,11.875,6.125,2,24,3,1,0,0
2022-02-25,0.0000,0.0000,15.0,5.0,10.0,53.25,12.0,3.0,7.375,1026.625,167.5,10.0,0.125,8.5,7.625,11.125,7.625,2,25,4,1,0,0
2022-02-26,0.0000,0.0000,19.0,6.0,11.0,54.625,12.0,4.0,7.375,1024.0,193.625,10.0,12.0,11.125,10.5,11.0,10.5,2,26,5,1,1,0
2022-02-27,0.0000,0.0000,18.0,6.0,13.0,50.375,12.0,4.0,12.625,1021.125,111.75,10.0,19.625,12.375,11.5,20.5,11.5,2,27,6,1,1,0
2022-02-28,0.0000,0.0000,16.0,12.0,13.0,75.875,1.0,4.0,6.5,1017.5,235.75,7.875,83.875,12.75,12.5,9.875,12.5,2,28,0,1,0,0
2022-03-01,0.0000,0.0000,14.0,10.0,12.0,44.375,11.0,3.0,12.25,1023.75,196.5,9.375,52.625,12.5,11.25,18.875,11.25,3,1,1,2,0,0
2022-03-02,0.0000,0.0000,19.0,7.0,12.0,49.125,11.0,4.0,6.5,1022.25,175.5,10.0,23.375,11.75,11.375,11.0,11.375,3,2,2,2,0,0
2022-03-03,0.0000,0.0000,18.0,11.0,15.0,62.125,8.0,4.0,5.5,1017.25,150.375,10.0,59.125,14.5,14.625,10.25,14.625,3,3,3,2,0,0
2022-03-04,0.0000,0.0000,23.0,12.0,17.0,50.375,12.0,4.0,7.5,1016.5,138.125,10.0,28.75,17.0,17.125,11.375,17.125,3,4,4,2,0,0
2022-03-05,0.0000,0.0000,23.0,13.0,18.0,33.75,12.0,5.0,11.625,1017.625,76.625,10.0,27.75,17.75,17.75,16.875,17.75,3,5,5,2,1,0
2022-03-06,0.0000,0.0000,17.0,10.0,13.0,60.375,1.0,3.0,12.625,1019.25,61.0,7.0,91.375,13.25,12.125,21.75,12.125,3,6,6,2,1,0
2022-03-07,0.0000,0.0000,19.0,7.0,13.0,60.375,12.0,3.0,9.5,1022.0,266.625,10.0,18.875,12.0,11.25,15.25,11.25,3,7,0,2,0,0
2022-03-08,0.0000,0.0000,22.0,10.0,15.0,55.375,12.0,5.0,13.25,1016.25,150.75,10.0,0.125,15.0,14.25,21.625,14.5,3,8,1,2,0,0
2022-03-09,0.0000,0.0000,24.0,12.0,17.0,55.125,12.0,5.0,12.125,1016.375,104.0,10.0,7.5,16.875,16.5,18.625,16.5,3,9,2,2,0,0
2022-03-10,0.0000,0.0000,25.0,14.0,19.0,55.75,12.0,5.0,8.5,1014.125,137.125,10.0,36.0,19.625,19.0,15.0,19.5,3,10,3,2,0,0
2022-03-11,0.0000,0.0000,28.0,15.0,21.0,54.25,12.0,6.0,10.625,1011.875,118.75,10.0,24.75,21.5,20.875,15.625,21.125,3,11,4,2,0,0
2022-03-12,0.0000,0.0000,27.0,18.0,22.0,60.75,11.0,6.0,14.0,1009.125,174.125,10.0,48.375,23.25,22.25,21.875,23.25,3,12,5,2,1,0
2022-03-13,0.0000,0.0000,29.0,18.0,23.0,70.25,11.0,5.0,8.125,1008.625,145.5,9.875,47.75,24.75,23.375,14.875,24.125,3,13,6,2,1,0
2022-03-14,0.0000,0.0000,27.0,20.0,23.0,60.875,5.0,6.0,11.125,1010.875,74.375,9.875,46.0,23.375,22.125,20.625,23.125,3,14,0,2,0,0
2022-03-15,0.0000,0.0000,30.0,18.0,23.0,60.375,12.0,6.0,8.875,1009.75,122.75,10.0,12.125,22.75,22.125,15.875,22.75,3,15,1,2,0,0
2022-03-16,0.0000,0.0000,25.0,19.0,21.0,74.5,11.0,6.0,11.25,1007.625,137.375,9.375,29.875,22.25,21.375,19.375,22.25,3,16,2,2,0,0
2022-03-17,0.0000,0.0000,18.0,8.0,12.0,81.125,1.0,3.0,26.0,1012.375,95.625,9.125,100.0,12.375,10.0,42.25,10.0,3,17,3,2,0,0
2022-03-18,0.0000,0.0000,15.0,8.0,11.0,70.25,6.0,3.0,8.125,1015.375,154.625,10.0,80.375,10.625,9.75,13.5,9.75,3,18,4,2,0,0
2022-03-19,0.0000,0.0000,15.0,11.0,13.0,77.875,1.0,4.0,12.0,1012.0,77.375,10.0,75.25,12.625,11.75,20.5,11.75,3,19,5,2,1,0
2022-03-20,0.0000,0.0000,11.0,8.0,9.0,89.25,1.0,2.0,15.375,1015.125,21.625,7.125,100.0,8.75,6.25,25.375,6.25,3,20,6,2,1,0
2022-03-21,0.0000,0.0000,8.0,8.0,8.0,92.125,1.0,2.0,15.25,1017.625,20.25,7.75,100.0,8.0,5.625,24.5,5.625,3,21,0,2,0,0
2022-03-22,0.0000,0.0000,9.0,7.0,8.0,89.375,1.0,2.0,12.25,1022.75,66.25,3.75,100.0,8.25,6.0,21.875,6.0,3,22,1,2,0,0
2022-03-23,0.0000,0.0000,14.0,6.0,10.0,77.25,6.0,2.0,9.75,1020.75,250.25,10.0,69.375,9.25,8.0,14.25,8.0,3,23,2,2,0,0
2022-03-24,0.0000,0.0000,20.0,8.0,14.0,72.25,9.0,4.0,10.875,1012.875,138.875,9.875,34.375,13.125,12.75,20.625,12.75,3,24,3,2,0,0
2022-03-25,0.0000,0.0000,15.0,13.0,15.0,96.0,1.0,3.0,9.0,1007.875,272.5,6.375,100.0,14.875,14.375,21.75,14.375,3,25,4,2,0,0
2022-03-26,0.0000,0.0000,18.0,11.0,14.0,70.75,12.0,3.0,14.75,1017.125,100.625,10.0,55.375,13.375,12.5,21.0,12.5,3,26,5,2,1,0
2022-03-27,0.0000,0.0000,19.0,11.0,15.0,55.5,12.0,5.0,9.5,1021.125,100.75,10.0,48.25,15.25,15.25,14.0,15.25,3,27,6,2,1,0
2022-03-28,0.0000,0.0000,21.0,10.0,16.0,61.75,12.0,5.0,12.25,1021.125,135.625,10.0,1.625,15.75,14.875,19.625,14.875,3,28,0,2,0,0
2022-03-29,0.0000,0.0000,21.0,12.0,17.0,70.875,10.0,5.0,11.5,1016.0,178.125,9.375,63.375,17.0,16.75,20.0,16.75,3,29,1,2,0,0
2022-03-30,0.0000,0.0000,19.0,16.0,17.0,86.375,1.0,4.0,7.0,1017.5,141.5,9.5,93.375,17.25,17.25,10.625,17.25,3,30,2,2,0,0
2022-03-31,0.0000,0.0000,16.0,14.0,15.0,79.0,10.0,4.0,17.25,1026.375,32.5,7.875,72.625,15.5,15.125,30.125,15.125,3,31,3,2,0,0
2022-04-01,0.0000,0.0000,18.0,12.0,15.0,62.0,11.0,4.0,10.375,1031.0,46.25,10.0,48.5,14.25,13.5,16.5,13.5,4,1,4,2,0,0
2022-04-02,0.0000,0.0000,21.0,10.0,15.0,51.0,12.0,4.0,5.875,1029.25,152.375,10.0,32.25,14.75,14.625,10.5,14.625,4,2,5,2,1,0
2022-04-03,0.0000,0.0000,23.0,11.0,17.0,50.125,12.0,5.0,8.625,1026.375,129.5,10.0,4.625,16.125,16.0,13.0,16.125,4,3,6,2,1,0
2022-04-04,0.0000,0.0000,20.0,13.0,17.0,49.75,12.0,5.0,11.25,1025.125,122.625,10.0,44.0,17.0,16.75,18.625,16.75,4,4,0,2,0,1
2022-04-05,0.0000,0.0000,24.0,15.0,19.0,49.875,12.0,5.0,9.75,1022.25,222.25,10.0,24.5,19.125,18.625,16.125,18.75,4,5,1,2,0,1
2022-04-06,0.0000,0.0000,27.0,14.0,20.0,51.125,11.0,5.0,6.875,1020.0,194.625,10.0,26.0,20.125,20.125,11.75,20.25,4,6,2,2,0,0
2022-04-07,0.0000,0.0000,29.0,17.0,23.0,48.25,12.0,5.0,7.25,1018.25,190.0,10.0,9.125,21.875,21.625,11.125,21.875,4,7,3,2,0,0
2022-04-08,0.0000,0.0000,30.0,17.0,23.0,40.75,12.0,6.0,11.75,1015.375,170.875,10.0,0.625,22.5,22.875,19.0,22.5,4,8,4,2,0,0
2022-04-09,0.0000,0.0000,30.0,17.0,24.0,40.75,12.0,6.0,12.375,1010.75,176.625,10.0,19.875,23.5,23.25,20.5,23.25,4,9,5,2,1,0
2022-04-10,0.0000,0.0000,31.0,20.0,25.0,42.5,12.0,7.0,12.875,1008.75,168.375,10.0,4.625,25.0,25.0,20.875,24.625,4,10,6,2,1,0
2022-04-11,0.0000,0.0000,33.0,21.0,27.0,46.5,12.0,7.0,12.875,1006.625,174.25,10.0,10.25,26.875,26.125,21.125,26.5,4,11,0,2,0,0
2022-04-12,0.0000,0.0000,28.0,18.0,23.0,58.5,9.0,6.0,19.5,1007.125,59.25,9.0,45.25,24.375,23.125,30.625,23.625,4,12,1,2,0,0
2022-04-13,0.0000,0.0000,20.0,14.0,17.0,82.25,1.0,4.0,20.75,1011.375,23.375,8.0,85.875,16.75,16.375,35.375,16.375,4,13,2,2,0,0
2022-04-14,0.0000,0.0000,19.0,13.0,16.0,78.25,4.0,5.0,14.0,1015.125,83.5,9.75,81.125,15.375,15.0,19.75,15.0,4,14,3,2,0,0
2022-04-15,0.0000,0.0000,17.0,14.0,15.0,69.25,2.0,3.0,11.0,1019.75,38.5,10.0,84.625,14.5,14.0,19.625,14.0,4,15,4,2,0,0
2022-04-16,0.0000,0.0000,16.0,11.0,14.0,66.125,3.0,3.0,8.625,1022.125,153.875,10.0,83.375,14.0,13.375,15.625,13.375,4,16,5,2,1,0
2022-04-17,0.0000,0.0000,16.0,10.0,13.0,72.0,11.0,4.0,8.625,1020.875,231.625,10.0,41.875,12.875,12.375,13.625,12.375,4,17,6,2,1,0
2022-04-18,0.0000,0.0000,24.0,10.0,16.0,68.5,13.0,5.0,10.0,1021.125,237.125,10.0,20.5,16.25,14.875,16.75,15.25,4,18,0,2,0,0
2022-04-19,0.0000,0.0000,25.0,14.0,19.0,60.75,13.0,5.0,7.875,1020.125,246.125,10.0,17.25,19.375,18.625,11.625,19.25,4,19,1,2,0,0
2022-04-20,0.0000,0.0000,23.0,14.0,18.0,60.0,11.0,5.0,8.5,1014.625,188.5,10.0,52.0,18.625,18.125,15.375,18.375,4,20,2,2,0,0
2022-04-21,0.0000,0.0000,29.0,15.0,21.0,66.125,13.0,6.0,12.625,1009.5,175.375,10.0,1.25,21.25,20.75,22.0,20.875,4,21,3,2,0,0
2022-04-22,0.0000,0.0000,28.0,18.0,23.0,60.5,10.0,6.0,11.125,1008.375,175.0,10.0,41.75,23.25,22.375,17.0,22.875,4,22,4,2,0,0
2022-04-23,0.0000,0.0000,27.0,19.0,23.0,76.5,6.0,5.0,7.5,1009.0,104.625,10.0,73.375,24.125,22.75,11.5,23.75,4,23,5,2,1,0
2022-04-24,0.0000,0.0000,31.0,20.0,25.0,71.375,9.0,7.0,11.5,1005.25,130.75,9.875,54.25,26.875,24.875,19.25,26.5,4,24,6,2,1,0
2022-04-25,0.0000,0.0000,25.0,19.0,23.0,85.125,1.0,5.0,16.25,1002.125,263.875,8.0,95.375,25.125,23.25,27.375,24.5,4,25,0,2,0,0
2022-04-26,0.0000,0.0000,30.0,18.0,23.0,69.75,13.0,5.0,8.875,1006.75,209.875,10.0,33.75,24.125,23.125,12.625,24.125,4,26,1,2,0,0
2022-04-27,0.0000,0.0000,24.0,20.0,22.0,69.25,9.0,6.0,13.625,1011.0,82.625,10.0,64.25,25.0,23.0,21.5,24.25,4,27,2,2,0,0
2022-04-28,0.0000,0.0000,20.0,11.0,17.0,77.375,1.0,4.0,18.375,1012.75,78.75,8.75,92.625,17.25,16.875,31.875,16.875,4,28,3,2,0,0
2022-04-29,0.0000,0.0000,19.0,9.0,15.0,73.0,3.0,4.0,13.75,1018.875,81.125,10.0,64.125,14.375,13.25,23.0,13.25,4,29,4,2,0,0
2022-04-30,0.0000,0.0000,17.0,14.0,16.0,80.375,5.0,4.0,11.375,1018.875,139.875,6.375,76.25,15.875,15.75,18.75,15.75,4,30,5,2,1,0
2022-05-01,0.0000,0.0000,22.0,14.0,17.0,61.0,12.0,5.0,8.5,1020.5,245.75,10.0,43.25,17.25,17.0,14.0,17.0,5,1,6,2,1,1
2022-05-02,0.0000,0.0000,26.0,14.0,20.0,54.25,4.0,4.0,9.375,1017.25,249.625,10.0,82.625,19.625,19.25,14.625,19.5,5,2,0,2,0,1
2022-05-03,0.0000,0.0000,29.0,15.0,22.0,46.25,14.0,6.0,9.125,1018.0,221.25,10.0,8.75,21.375,21.125,14.875,21.125,5,3,1,2,0,1
2022-05-04,0.0000,0.0000,30.0,17.0,23.0,43.625,14.0,6.0,9.25,1014.75,194.25,10.0,5.625,23.0,22.625,14.25,22.625,5,4,2,2,0,1
2022-05-05,0.0000,0.0000,31.0,17.0,24.0,44.5,14.0,6.0,11.125,1011.25,165.125,10.0,0.0,23.75,23.75,19.875,23.75,5,5,3,2,0,0
2022-05-06,0.0000,0.0000,33.0,18.0,25.0,50.25,14.0,7.0,9.75,1009.875,149.5,10.0,3.875,25.625,25.125,18.125,25.625,5,6,4,2,0,0
2022-05-07,0.0000,0.0000,31.0,21.0,26.0,48.0,14.0,7.0,10.375,1012.75,67.0,10.0,11.25,26.625,25.125,17.25,26.25,5,7,5,2,1,0
2022-05-08,0.0000,0.0000,30.0,21.0,25.0,49.75,10.0,7.0,13.25,1012.25,78.125,10.0,18.75,25.75,24.625,18.5,25.5,5,8,6,2,1,0
2022-05-09,0.0000,0.0000,22.0,17.0,20.0,82.5,1.0,5.0,13.625,1012.625,83.0,8.875,96.875,22.375,21.125,22.125,22.125,5,9,0,2,0,0
2022-05-10,0.0000,0.0000,24.0,15.0,20.0,59.375,12.0,5.0,10.875,1011.25,33.75,10.0,73.125,19.875,19.625,18.625,19.875,5,10,1,2,0,0
2022-05-11,0.0000,0.0000,25.0,19.0,22.0,68.875,10.0,6.0,6.25,1011.0,115.375,8.75,51.75,22.375,21.5,12.75,22.0,5,11,2,2,0,0
2022-05-12,0.0000,0.0000,26.0,19.0,23.0,66.25,4.0,5.0,8.0,1008.5,72.5,10.0,67.75,23.5,22.5,11.0,23.5,5,12,3,2,0,0
2022-05-13,0.0000,0.0000,25.0,18.0,21.0,62.375,11.0,5.0,19.375,1010.875,100.875,10.0,60.0,22.0,21.25,28.125,21.75,5,13,4,2,0,0
2022-05-14,0.0000,0.0000,24.0,16.0,19.0,52.25,10.0,4.0,16.25,1015.125,24.875,10.0,60.75,19.0,18.625,23.25,19.0,5,14,5,2,1,0
2022-05-15,0.0000,0.0000,24.0,15.0,19.0,54.75,14.0,4.0,10.75,1018.125,173.125,10.0,40.5,19.125,18.125,17.25,18.5,5,15,6,2,1,0
2022-05-16,0.0000,0.0000,28.0,13.0,21.0,52.125,14.0,5.0,11.625,1016.0,228.25,10.0,24.75,20.125,20.0,16.875,20.0,5,16,0,2,0,0
2022-05-17,0.0000,0.0000,29.0,15.0,22.0,49.375,14.0,6.0,10.25,1014.375,209.125,10.0,2.875,21.75,21.25,16.5,21.75,5,17,1,2,0,0
2022-05-18,0.0000,0.0000,28.0,18.0,22.0,45.875,10.0,6.0,7.625,1014.75,178.625,10.0,45.125,22.0,21.25,11.875,21.75,5,18,2,2,0,0
2022-05-19,0.0000,0.0000,21.0,17.0,19.0,67.125,1.0,4.0,6.75,1014.75,223.25,10.0,92.125,19.375,19.375,11.875,19.375,5,19,3,2,0,0
2022-05-20,0.0000,0.0000,24.0,16.0,20.0,75.375,2.0,5.0,6.0,1011.375,105.125,10.0,88.75,20.625,20.0,9.25,20.625,5,20,4,2,0,0
2022-05-21,0.0000,0.0000,28.0,18.0,23.0,55.75,14.0,5.0,6.625,1009.375,194.125,10.0,32.0,23.0,22.125,11.0,23.0,5,21,5,2,1,0
2022-05-22,0.0000,0.0000,29.0,19.0,24.0,51.125,9.0,6.0,7.875,1006.875,141.375,10.0,29.875,24.375,23.375,12.375,24.125,5,22,6,2,1,0
2022-05-23,0.0000,0.0000,29.0,19.0,24.0,65.75,11.0,6.0,9.25,1007.375,187.25,10.0,29.75,24.375,23.625,13.625,24.375,5,23,0,2,0,0
2022-05-24,0.0000,0.0000,31.0,21.0,26.0,63.25,14.0,7.0,8.75,1009.0,127.125,10.0,14.375,26.625,25.5,14.0,26.25,5,24,1,2,0,0
2022-05-25,0.0000,0.0000,32.0,21.0,27.0,56.25,14.0,7.0,7.25,1007.625,183.25,10.0,18.125,27.875,26.25,13.0,27.5,5,25,2,2,0,0
2022-05-26,0.0000,0.0000,25.0,22.0,23.0,72.875,11.0,5.0,6.25,1007.0,168.125,9.875,70.75,25.75,24.125,11.125,25.75,5,26,3,2,0,0
2022-05-27,0.0000,0.0000,30.0,21.0,25.0,63.5,9.0,7.0,8.5,1004.75,230.0,10.0,27.375,26.375,24.625,10.375,25.75,5,27,4,2,0,0
2022-05-28,0.0000,0.0000,23.0,20.0,21.0,88.625,1.0,5.0,8.0,1003.125,186.625,8.0,99.875,22.875,21.25,11.5,22.25,5,28,5,2,1,0
2022-05-29,0.0000,0.0000,29.0,20.0,25.0,80.0,7.0,5.0,13.0,1000.375,208.875,10.0,69.5,26.5,24.75,18.875,26.5,5,29,6,2,1,0
2022-05-30,0.0000,0.0000,34.0,23.0,28.0,54.25,12.0,7.0,12.5,1004.625,118.375,10.0,34.625,28.75,27.625,18.625,28.75,5,30,0,2,0,0
2022-05-31,0.0000,0.0000,33.0,24.0,28.0,55.375,7.0,7.0,10.5,1004.5,144.375,10.0,39.625,28.875,27.25,16.25,28.875,5,31,1,2,0,0
2022-06-01,3253.3367,3253.3367,28.0,25.0,26.0,74.625,11.0,7.0,8.75,1003.25,171.0,9.875,63.75,28.625,26.125,13.0,28.625,6,1,2,3,0,0
2022-06-02,3253.3367,3253.3367,30.0,24.0,27.0,76.875,2.0,7.0,9.25,1001.25,137.625,9.5,76.25,29.375,26.75,15.875,29.375,6,2,3,3,0,0
2022-06-03,3253.3367,3253.3367,31.0,25.0,28.0,77.25,9.0,6.0,9.625,1000.0,167.75,9.25,74.875,30.875,27.5,14.375,30.875,6,3,4,3,0,1
2022-06-04,3253.3367,3253.3367,30.0,25.0,27.0,82.75,4.0,6.0,8.75,1000.125,187.375,10.0,83.75,30.0,26.75,15.625,30.0,6,4,5,3,1,0
2022-06-05,3253.3367,3253.3367,32.0,24.0,28.0,76.875,4.0,6.0,13.0,1000.0,146.875,9.0,69.625,30.75,27.5,22.375,30.75,6,5,6,3,1,0
2022-06-06,3253.3367,3253.3367,35.0,22.0,28.0,66.875,14.0,7.0,7.625,1002.0,252.25,10.0,1.5,30.75,27.5,13.75,30.75,6,6,0,3,0,0
2022-06-07,3253.3367,3253.3367,36.0,24.0,30.0,57.25,14.0,7.0,8.25,1003.875,145.0,10.0,7.125,31.75,29.0,14.0,31.75,6,7,1,3,0,0
2022-06-08,3253.3367,3253.3367,35.0,24.0,29.0,53.875,14.0,7.0,10.625,1004.25,135.375,10.0,25.75,31.125,29.0,19.5,31.125,6,8,2,3,0,0
2022-06-09,3253.3367,3253.3367,34.0,23.0,28.0,58.75,13.0,7.0,11.75,1004.375,112.75,10.0,23.25,29.875,27.875,18.875,29.875,6,9,3,3,0,0
2022-06-10,3253.3367,3253.3367,32.0,24.0,28.0,59.125,7.0,7.0,7.0,1004.0,93.0,9.875,31.5,29.375,27.875,13.25,29.375,6,10,4,3,0,0
2022-06-11,3253.3367,3253.3367,31.0,23.0,27.0,61.25,13.0,7.0,13.625,1005.875,108.0,10.0,29.0,28.25,26.5,19.5,28.25,6,11,5,3,1,0
2022-06-12,3253.3367,3253.3367,27.0,22.0,25.0,73.5,4.0,5.0,10.25,1006.25,166.125,9.875,74.125,26.625,24.75,17.0,26.625,6,12,6,3,1,0
2022-06-13,3253.3367,3253.3367,29.0,21.0,24.0,73.625,12.0,5.0,7.125,1006.25,239.5,10.0,53.875,26.0,24.5,12.0,25.375,6,13,0,3,0,0
2022-06-14,3253.3367,3253.3367,33.0,22.0,27.0,66.5,14.0,7.0,10.25,1005.0,223.625,10.0,10.25,29.125,26.875,16.625,28.875,6,14,1,3,0,0
2022-06-15,3253.3367,3253.3367,36.0,24.0,30.0,55.625,14.0,7.0,10.625,1005.25,181.125,10.0,0.625,31.5,29.0,15.0,31.5,6,15,2,3,0,0
2022-06-16,3253.3367,3253.3367,36.0,25.0,30.0,54.625,14.0,8.0,10.125,1005.0,179.0,10.0,4.125,32.25,29.625,19.0,32.25,6,16,3,3,0,0
2022-06-17,3253.3367,3253.3367,33.0,24.0,28.0,60.5,14.0,7.0,12.75,1003.5,187.25,10.0,28.25,30.875,28.5,19.5,30.875,6,17,4,3,0,0
2022-06-18,3253.3367,3253.3367,31.0,24.0,27.0,66.875,9.0,7.0,8.125,1002.625,158.0,10.0,48.0,29.125,27.375,12.0,29.125,6,18,5,3,1,0
2022-06-19,3253.3367,3253.3367,28.0,24.0,26.0,80.125,10.0,6.0,11.25,1001.875,129.0,10.0,67.375,29.25,26.125,19.0,29.25,6,19,6,3,1,0
2022-06-20,3253.3367,3253.3367,33.0,23.0,28.0,76.5,6.0,6.0,8.375,1000.5,112.25,7.0,74.375,30.75,27.375,14.25,30.75,6,20,0,3,0,0
2022-06-21,3253.3367,3253.3367,33.0,25.0,29.0,73.875,3.0,7.0,10.75,999.5,152.875,9.75,69.875,32.5,28.5,18.75,32.5,6,21,1,3,0,0
2022-06-22,3253.3367,3253.3367,32.0,26.0,29.0,76.75,10.0,6.0,13.875,1001.125,164.375,10.0,72.375,33.625,29.125,24.0,33.625,6,22,2,3,0,0
2022-06-23,3253.3367,3253.3367,34.0,27.0,30.0,68.5,7.0,7.0,19.25,1002.125,204.5,9.875,60.5,33.25,29.25,33.5,33.25,6,23,3,3,0,0
2022-06-24,3253.3367,3253.3367,32.0,27.0,29.0,74.75,11.0,6.0,17.25,1001.75,210.625,9.625,60.75,32.75,28.375,27.375,32.75,6,24,4,3,0,0
2022-06-25,3253.3367,3253.3367,35.0,25.0,30.0,72.0,9.0,6.0,15.5,1001.125,157.125,9.375,72.125,34.5,29.75,24.75,34.5,6,25,5,3,1,0
2022-06-26,3253.3367,3253.3367,35.0,27.0,31.0,65.25,14.0,8.0,21.75,1000.125,185.875,10.0,12.75,36.5,31.125,32.5,36.5,6,26,6,3,1,0
2022-06-27,3253.3367,3253.3367,34.0,26.0,30.0,70.75,10.0,7.0,21.875,999.875,230.375,9.625,44.0,35.25,29.875,34.875,35.25,6,27,0,3,0,0
2022-06-28,3253.3367,3253.3367,34.0,25.0,29.0,78.5,14.0,6.0,17.125,999.25,218.75,9.625,50.0,35.125,29.25,27.25,35.125,6,28,1,3,0,0
2022-06-29,3253.3367,3253.3367,36.0,26.0,30.0,72.625,13.0,7.0,11.25,999.375,195.625,10.0,28.375,36.25,30.5,17.5,36.25,6,29,2,3,0,0
2022-06-30,97600.1000,3253.3357,35.0,25.0,30.0,70.375,13.0,6.0,8.0,1002.125,130.5,10.0,47.75,33.75,29.625,14.125,33.75,6,30,3,3,0,0
2022-07-01,5062.3935,5062.3935,35.0,27.0,31.0,68.5,11.0,8.0,10.625,1003.5,99.5,10.0,26.375,36.125,30.75,17.375,36.125,7,1,4,3,0,0
2022-07-02,5062.3935,5062.3935,35.0,27.0,31.0,66.125,11.0,8.0,12.75,1002.75,99.125,10.0,26.0,35.875,30.375,19.875,35.875,7,2,5,3,1,0
2022-07-03,5062.3935,5062.3935,34.0,27.0,30.0,65.625,11.0,7.0,11.0,1000.875,98.0,10.0,48.25,34.375,29.75,19.0,34.375,7,3,6,3,1,0
2022-07-04,5062.3935,5062.3935,32.0,27.0,28.0,76.375,2.0,6.0,10.875,999.0,75.0,10.0,83.625,32.375,28.25,21.0,32.375,7,4,0,3,0,0
2022-07-05,5062.3935,5062.3935,29.0,25.0,27.0,88.0,8.0,6.0,10.875,998.125,172.875,10.0,71.5,31.25,27.0,20.75,31.25,7,5,1,3,0,0
2022-07-06,5062.3935,5062.3935,33.0,25.0,29.0,81.125,7.0,6.0,8.375,1000.5,262.875,9.0,62.75,33.0,28.375,18.375,33.0,7,6,2,3,0,0
2022-07-07,5062.3935,5062.3935,34.0,26.0,30.0,72.125,11.0,7.0,4.5,1002.875,113.125,9.625,52.625,35.125,29.875,10.125,35.125,7,7,3,3,0,0
2022-07-08,5062.3935,5062.3935,34.0,28.0,30.0,69.75,5.0,8.0,12.375,1002.5,204.25,10.0,63.375,35.625,30.375,19.25,35.625,7,8,4,3,0,0
2022-07-09,5062.3935,5062.3935,35.0,27.0,31.0,69.625,12.0,8.0,15.0,1000.25,191.25,10.0,38.125,37.25,31.0,23.0,37.25,7,9,5,3,1,0
2022-07-10,5062.3935,5062.3935,36.0,28.0,32.0,69.375,14.0,7.0,16.75,1000.25,197.125,9.875,28.625,39.75,32.0,27.25,39.75,7,10,6,3,1,0
2022-07-11,5062.3935,5062.3935,36.0,29.0,33.0,65.125,14.0,8.0,15.25,1001.5,183.875,10.0,19.375,40.0,32.5,23.625,40.0,7,11,0,3,0,0
2022-07-12,5062.3935,5062.3935,37.0,29.0,33.0,61.625,14.0,8.0,18.625,1000.625,194.125,10.0,6.5,39.75,32.875,28.0,39.75,7,12,1,3,0,0
2022-07-13,5062.3935,5062.3935,38.0,28.0,33.0,60.0,14.0,8.0,15.25,1000.875,197.25,10.0,4.75,39.125,32.625,22.125,39.125,7,13,2,3,0,0
2022-07-14,5062.3935,5062.3935,37.0,29.0,33.0,58.875,14.0,8.0,11.5,1000.625,192.25,10.0,7.375,39.125,33.25,19.75,39.125,7,14,3,3,0,0
2022-07-15,5062.3935,5062.3935,38.0,29.0,33.0,57.5,14.0,8.0,14.875,999.875,195.0,10.0,5.125,38.875,33.0,22.5,38.875,7,15,4,3,0,0
2022-07-16,5062.3935,5062.3935,37.0,29.0,33.0,58.625,13.0,8.0,14.625,998.75,218.625,10.0,17.75,38.5,32.625,24.375,38.5,7,16,5,3,1,0
2022-07-17,5062.3935,5062.3935,32.0,27.0,30.0,74.625,6.0,6.0,6.375,998.75,233.5,9.875,76.25,35.875,29.875,13.75,35.875,7,17,6,3,1,0
2022-07-18,5062.3935,5062.3935,35.0,26.0,30.0,71.875,14.0,7.0,6.5,1000.0,245.25,10.0,35.75,36.125,30.375,10.25,36.125,7,18,0,3,0,0
2022-07-19,5062.3935,5062.3935,32.0,27.0,29.0,81.0,11.0,7.0,7.125,1001.5,225.125,10.0,53.25,34.25,28.625,16.0,34.25,7,19,1,3,0,0
2022-07-20,5062.3935,5062.3935,27.0,24.0,25.0,92.875,6.0,6.0,7.5,1004.0,263.875,8.75,80.5,28.875,25.625,18.5,28.875,7,20,2,3,0,0
2022-07-21,5062.3935,5062.3935,32.0,25.0,28.0,83.5,9.0,6.0,4.875,1007.25,201.625,9.625,72.625,33.625,28.25,14.25,33.625,7,21,3,3,0,0
2022-07-22,5062.3935,5062.3935,37.0,27.0,32.0,71.375,14.0,8.0,16.25,1006.0,184.375,10.0,17.125,38.625,31.25,25.25,38.625,7,22,4,3,0,0
2022-07-23,5062.3935,5062.3935,30.0,25.0,27.0,76.5,9.0,7.0,10.5,1006.125,265.125,10.0,43.5,30.625,27.5,16.375,30.625,7,23,5,3,1,0
2022-07-24,5062.3935,5062.3935,35.0,23.0,29.0,68.25,13.0,7.0,5.375,1005.375,134.25,10.0,11.125,32.75,28.75,9.875,32.75,7,24,6,3,1,0
2022-07-25,5062.3935,5062.3935,37.0,27.0,32.0,68.5,10.0,8.0,12.75,1003.875,154.75,10.0,49.625,38.125,31.75,18.125,38.125,7,25,0,3,0,0
2022-07-26,5062.3935,5062.3935,37.0,27.0,31.0,63.0,12.0,7.0,12.375,1002.75,173.875,9.875,42.75,35.75,30.25,22.0,35.75,7,26,1,3,0,0
2022-07-27,5062.3935,5062.3935,37.0,29.0,33.0,54.875,14.0,8.0,9.5,1002.0,190.375,10.0,6.5,37.375,32.625,17.25,37.375,7,27,2,3,0,0
2022-07-28,5062.3935,5062.3935,32.0,28.0,30.0,72.75,6.0,8.0,7.625,1004.125,215.0,9.75,55.0,35.5,29.75,13.625,35.5,7,28,3,3,0,0
2022-07-29,5062.3935,5062.3935,30.0,27.0,28.0,77.5,12.0,6.0,6.75,1004.875,87.125,9.625,59.25,31.875,28.0,10.625,31.875,7,29,4,3,0,0
2022-07-30,5062.3935,5062.3935,34.0,25.0,29.0,72.25,14.0,7.0,7.0,1003.625,101.75,10.0,32.625,33.5,29.125,13.125,33.5,7,30,5,3,1,0
2022-07-31,156934.2000,5062.3950,34.0,25.0,30.0,70.0,10.0,7.0,8.75,1002.25,216.875,9.625,41.375,33.875,29.5,12.5,33.875,7,31,6,3,1,0
2022-08-01,4593.5000,4593.5000,36.0,26.0,31.0,59.25,14.0,8.0,3.625,1002.75,169.25,10.0,7.0,34.875,31.125,8.875,34.875,8,1,0,3,0,0
2022-08-02,4593.5000,4593.5000,37.0,27.0,32.0,55.25,13.0,8.0,7.0,1004.25,85.875,10.0,26.625,36.0,31.875,12.5,36.0,8,2,1,3,0,0
2022-08-03,4593.5000,4593.5000,38.0,29.0,33.0,55.25,13.0,8.0,9.625,1004.125,109.625,10.0,15.625,38.625,33.0,13.625,38.625,8,3,2,3,0,0
2022-08-04,4593.5000,4593.5000,36.0,29.0,33.0,58.5,10.0,8.0,8.375,1003.75,125.25,9.875,29.625,38.625,32.25,14.25,38.625,8,4,3,3,0,0
2022-08-05,4593.5000,4593.5000,37.0,29.0,33.0,58.25,14.0,8.0,9.5,1003.0,130.5,10.0,28.125,39.75,33.125,17.625,39.75,8,5,4,3,0,0
2022-08-06,4593.5000,4593.5000,37.0,29.0,33.0,54.375,14.0,8.0,10.75,1002.75,180.5,10.0,27.125,37.875,32.875,20.125,37.875,8,6,5,3,1,0
2022-08-07,4593.5000,4593.5000,38.0,30.0,34.0,53.625,14.0,8.0,15.375,1002.25,200.875,10.0,14.125,39.0,33.5,24.0,39.0,8,7,6,3,1,0
2022-08-08,4593.5000,4593.5000,38.0,30.0,34.0,50.125,14.0,8.0,14.0,1002.125,183.25,10.0,12.75,39.375,34.25,21.625,39.375,8,8,0,3,0,0
2022-08-09,4593.5000,4593.5000,39.0,31.0,34.0,50.25,14.0,8.0,10.125,1002.875,140.0,10.0,12.5,39.5,34.5,16.75,39.5,8,9,1,3,0,0
2022-08-10,4593.5000,4593.5000,38.0,29.0,34.0,48.75,14.0,8.0,7.75,1003.5,128.375,10.0,18.75,38.0,33.75,14.125,38.0,8,10,2,3,0,0
2022-08-11,4593.5000,4593.5000,38.0,29.0,34.0,50.0,14.0,8.0,9.75,1004.25,204.25,10.0,13.75,38.375,33.75,15.25,38.375,8,11,3,3,0,0
2022-08-12,4593.5000,4593.5000,39.0,30.0,34.0,47.875,14.0,8.0,11.75,1003.125,181.375,10.0,11.25,38.625,34.125,19.5,38.625,8,12,4,3,0,0
2022-08-13,4593.5000,4593.5000,39.0,30.0,34.0,46.125,14.0,8.0,11.875,1001.5,177.75,10.0,10.25,38.625,34.125,19.625,38.625,8,13,5,3,1,0
2022-08-14,4593.5000,4593.5000,39.0,30.0,34.0,48.125,14.0,8.0,13.0,1001.875,199.5,10.0,15.75,38.75,34.25,19.125,38.75,8,14,6,3,1,0
2022-08-15,4593.5000,4593.5000,39.0,31.0,35.0,47.75,14.0,9.0,14.875,1000.25,203.5,10.0,11.25,40.25,34.75,22.125,40.25,8,15,0,3,0,0
2022-08-16,4593.5000,4593.5000,39.0,30.0,34.0,50.375,13.0,8.0,7.125,1001.375,198.625,9.875,41.5,39.0,34.125,14.0,39.0,8,16,1,3,0,0
2022-08-17,4593.5000,4593.5000,39.0,28.0,33.0,61.25,12.0,8.0,10.5,1002.375,108.375,10.0,42.375,38.375,32.5,16.75,38.375,8,17,2,3,0,0
2022-08-18,4593.5000,4593.5000,40.0,28.0,34.0,57.25,14.0,7.0,8.0,1001.125,166.625,10.0,25.625,40.5,34.0,16.25,40.5,8,18,3,3,0,0
2022-08-19,4593.5000,4593.5000,41.0,30.0,35.0,45.875,14.0,9.0,13.25,1000.5,194.375,10.0,7.25,40.625,35.125,17.875,40.625,8,19,4,3,0,0
2022-08-20,4593.5000,4593.5000,39.0,32.0,35.0,47.25,11.0,9.0,6.875,1002.625,146.0,10.0,29.0,40.75,35.125,12.5,40.75,8,20,5,3,1,0
2022-08-21,4593.5000,4593.5000,40.0,30.0,35.0,46.0,13.0,8.0,13.375,1001.75,171.125,10.0,13.25,39.0,34.625,21.0,39.0,8,21,6,3,1,0
2022-08-22,4593.5000,4593.5000,39.0,31.0,35.0,46.0,13.0,8.0,16.875,1001.125,199.125,10.0,11.5,39.125,34.5,28.625,39.125,8,22,0,3,0,0
2022-08-23,4593.5000,4593.5000,38.0,27.0,33.0,53.75,13.0,8.0,13.375,1004.5,66.875,10.0,17.75,38.5,33.25,21.125,38.5,8,23,1,3,0,0
2022-08-24,4593.5000,4593.5000,35.0,24.0,30.0,65.0,13.0,7.0,14.75,1006.625,16.25,10.0,38.625,32.75,29.125,19.75,32.75,8,24,2,3,0,0
2022-08-25,4593.5000,4593.5000,35.0,25.0,30.0,62.5,13.0,8.0,10.75,1005.5,22.0,10.0,33.75,34.0,30.125,17.25,34.0,8,25,3,3,0,0
2022-08-26,4593.5000,4593.5000,36.0,25.0,30.0,69.625,9.0,7.0,9.0,1005.75,106.75,9.625,72.125,34.75,30.125,16.5,34.75,8,26,4,3,0,0
2022-08-27,4593.5000,4593.5000,32.0,25.0,29.0,72.375,12.0,7.0,11.75,1007.0,46.0,9.75,62.75,33.0,29.0,20.875,33.0,8,27,5,3,1,0
2022-08-28,4593.5000,4593.5000,29.0,24.0,26.0,83.25,1.0,6.0,10.375,1008.625,149.5,10.0,97.375,29.875,26.5,19.375,29.875,8,28,6,3,1,0
2022-08-29,4593.5000,4593.5000,25.0,20.0,22.0,78.25,1.0,5.0,12.5,1011.625,218.5,10.0,100.0,25.75,23.5,22.625,25.375,8,29,0,3,0,0
2022-08-30,4593.5000,4593.5000,22.0,20.0,21.0,79.5,1.0,5.0,13.0,1013.5,348.75,10.0,94.5,23.5,22.0,23.5,22.75,8,30,1,3,0,0
2022-08-31,142398.5000,4593.5000,27.0,19.0,23.0,71.375,10.0,5.0,12.875,1012.75,224.25,10.0,62.875,23.75,22.625,19.625,23.75,8,31,2,3,0,0
2023-03-01,14.8000,14.8000,20.0,11.0,15.0,56.625,8.0,4.0,9.625,1027.0,125.5,10.0,65.5,14.625,14.375,14.25,14.375,3,1,2,2,0,0
2023-03-02,14.8000,14.8000,20.0,12.0,16.0,43.75,12.0,5.0,10.375,1028.375,96.0,10.0,30.75,14.375,13.625,15.25,13.625,3,2,3,2,0,0
2023-03-03,15.0000,15.0000,19.0,11.0,15.0,35.125,7.0,5.0,8.0,1026.625,154.875,10.0,40.0,13.75,13.25,13.75,13.25,3,3,4,2,0,0
2023-03-04,14.5000,14.5000,25.0,12.0,18.0,41.25,12.0,5.0,10.625,1025.75,209.25,10.0,2.125,16.125,15.625,18.375,15.75,3,4,5,2,1,0
2023-03-05,15.1000,15.1000,28.0,13.0,20.0,29.0,12.0,5.0,8.0,1023.625,155.25,10.0,1.5,17.875,17.5,14.75,17.75,3,5,6,2,1,0
2023-03-06,15.1000,15.1000,27.0,14.0,20.0,30.0,10.0,6.0,9.875,1019.875,160.5,9.375,21.25,18.625,18.875,14.625,18.25,3,6,0,2,0,0
2023-03-07,14.7000,14.7000,24.0,17.0,20.0,43.875,8.0,4.0,8.625,1018.375,127.625,10.0,65.25,17.75,17.75,13.125,17.75,3,7,1,2,0,0
2023-03-08,15.4000,15.4000,27.0,17.0,21.0,58.25,11.0,5.0,8.625,1018.0,195.125,10.0,41.875,20.875,20.5,13.375,20.875,3,8,2,2,0,0
2023-03-09,15.4000,15.4000,32.0,17.0,23.0,55.375,12.0,6.0,10.25,1018.625,211.25,10.0,3.5,20.75,20.625,15.0,20.75,3,9,3,2,0,0
2023-03-10,15.4000,15.4000,30.0,17.0,22.0,43.125,10.0,6.0,10.75,1015.875,163.75,8.0,46.375,19.75,19.75,16.125,19.75,3,10,4,2,0,0
2023-03-11,422.8000,422.8000,26.0,17.0,21.0,46.875,11.0,5.0,12.375,1018.125,73.5,10.0,55.0,21.25,20.5,18.75,21.25,3,11,5,2,1,0
2023-03-12,16.4000,16.4000,16.0,10.0,14.0,18.375,7.0,4.0,24.5,1030.875,61.375,10.0,50.5,14.25,13.25,35.75,13.25,3,12,6,2,1,0
2023-03-13,15.4000,15.4000,22.0,9.0,15.0,18.5,12.0,4.0,11.375,1023.625,140.75,10.0,14.625,13.875,13.125,16.625,13.125,3,13,0,2,0,0
2023-03-14,15.3000,15.3000,29.0,12.0,20.0,24.375,11.0,5.0,15.75,1012.25,193.25,10.0,26.125,18.25,18.0,27.25,17.875,3,14,1,2,0,0
2023-03-15,15.5000,15.5000,26.0,16.0,20.0,30.75,12.0,6.0,14.625,1016.125,58.125,10.0,9.125,19.125,19.125,22.625,19.125,3,15,2,2,0,0
2023-03-16,15.0000,15.0000,16.0,8.0,11.0,58.25,2.0,4.0,15.625,1020.0,105.625,7.625,78.75,12.625,10.875,24.125,10.875,3,16,3,2,0,0
2023-03-17,14.7000,14.7000,10.0,5.0,7.0,74.625,1.0,2.0,17.5,1024.0,180.375,9.875,94.375,7.125,4.125,27.375,4.125,3,17,4,2,0,0
2023-03-18,14.9000,14.9000,10.0,7.0,8.0,79.75,1.0,3.0,8.0,1023.375,83.875,7.875,79.625,8.375,7.125,10.625,7.125,3,18,5,2,1,0
2023-03-19,14.9000,14.9000,11.0,9.0,10.0,88.25,1.0,2.0,5.875,1018.875,101.75,8.0,100.0,9.875,9.625,8.875,9.625,3,19,6,2,1,0
2023-03-20,14.8000,14.8000,15.0,10.0,13.0,82.875,1.0,3.0,6.5,1012.375,149.5,9.0,100.0,11.75,11.375,8.125,11.375,3,20,0,2,0,0
2023-03-21,15.0000,15.0000,15.0,13.0,14.0,94.25,1.0,3.0,6.25,1007.875,229.0,7.125,92.875,13.375,12.875,8.875,12.875,3,21,1,2,0,0
2023-03-22,14.9000,14.9000,22.0,12.0,16.0,78.25,5.0,4.0,10.375,1008.625,210.375,7.0,72.125,15.5,15.0,17.0,15.0,3,22,2,2,0,0
2023-03-23,14.6000,14.6000,15.0,10.0,14.0,89.625,1.0,3.0,13.125,1011.75,68.5,7.875,100.0,14.25,13.375,20.25,13.375,3,23,3,2,0,0
2023-03-24,14.9000,14.9000,12.0,8.0,9.0,75.625,1.0,2.0,15.125,1019.5,44.0,5.0,100.0,10.25,8.375,21.75,8.375,3,24,4,2,0,0
2023-03-25,15.4000,15.4000,10.0,7.0,8.0,72.75,2.0,2.0,7.375,1022.375,31.875,10.0,88.125,9.125,8.0,11.375,8.0,3,25,5,2,1,0
2023-03-26,15.4000,15.4000,19.0,8.0,13.0,55.375,11.0,4.0,7.5,1021.375,64.75,10.0,11.25,12.75,12.25,12.125,12.25,3,26,6,2,1,0
2023-03-27,15.5000,15.5000,20.0,12.0,16.0,48.875,11.0,4.0,4.5,1021.125,148.75,10.0,40.5,15.125,15.125,9.125,15.125,3,27,0,2,0,0
2023-03-28,15.4000,15.4000,22.0,12.0,17.0,55.75,12.0,5.0,8.5,1020.625,195.375,10.0,15.125,16.0,15.875,12.125,15.875,3,28,1,2,0,0
2023-03-29,15.4000,15.4000,15.0,14.0,14.0,79.375,1.0,3.0,4.875,1019.25,229.125,9.0,89.5,14.625,14.625,7.0,14.625,3,29,2,2,0,0
2023-03-30,15.4000,15.4000,21.0,14.0,17.0,62.625,11.0,4.0,6.125,1016.75,133.0,10.0,61.75,16.5,16.625,8.375,16.625,3,30,3,2,0,0
2023-03-31,15.4000,15.4000,23.0,15.0,19.0,62.0,8.0,5.0,8.125,1014.375,139.0,10.0,65.25,18.75,18.0,12.5,18.25,3,31,4,2,0,0
2023-04-01,15.4000,15.4000,25.0,15.0,20.0,61.875,12.0,4.0,9.5,1012.375,145.0,10.0,37.125,20.375,19.875,15.125,20.375,4,1,5,2,1,0
2023-04-02,14.8000,14.8000,25.0,17.0,20.0,71.0,8.0,6.0,21.5,1009.125,114.75,9.5,46.5,21.125,20.375,33.625,20.5,4,2,6,2,1,0
2023-04-03,14.5000,14.5000,24.0,18.0,21.0,87.875,1.0,5.0,17.875,1003.125,145.5,8.75,91.25,21.625,20.875,37.625,21.125,4,3,0,2,0,0
2023-04-04,14.7000,14.7000,16.0,11.0,13.0,90.125,1.0,3.0,17.875,1008.375,172.5,6.125,100.0,13.5,12.0,30.75,12.0,4,4,1,2,0,0
2023-04-05,14.8000,14.8000,17.0,9.0,12.0,72.875,4.0,3.0,17.375,1017.5,57.25,10.0,84.125,12.375,10.625,27.5,10.625,4,5,2,2,0,1
2023-04-06,14.6000,14.6000,21.0,12.0,15.0,60.875,8.0,4.0,11.25,1019.375,300.375,9.0,62.5,14.625,14.375,19.5,14.375,4,6,3,2,0,0
2023-04-07,14.5000,14.5000,22.0,10.0,16.0,59.375,12.0,5.0,8.125,1022.625,110.875,10.0,6.375,16.0,15.625,11.5,15.625,4,7,4,2,0,0
2023-04-08,14.9000,14.9000,22.0,13.0,18.0,45.625,12.0,5.0,8.75,1023.375,112.625,10.0,4.25,17.625,17.125,15.25,17.25,4,8,5,2,1,0
2023-04-09,15.4000,15.4000,25.0,12.0,18.0,51.375,12.0,5.0,9.5,1017.375,181.5,10.0,11.0,18.375,18.125,17.25,18.375,4,9,6,2,1,0
2023-04-10,14.6000,14.6000,26.0,16.0,21.0,64.625,5.0,6.0,12.75,1011.0,194.625,10.0,55.75,21.125,20.375,21.125,20.75,4,10,0,2,0,0
2023-04-11,15.4000,15.4000,26.0,18.0,22.0,65.5,8.0,6.0,10.125,1011.25,107.625,10.0,50.875,22.125,21.5,16.375,21.75,4,11,1,2,0,0
2023-04-12,1226.8000,1226.8000,25.0,17.0,21.0,61.25,11.0,6.0,12.125,1014.375,97.875,10.0,33.25,22.25,21.125,22.125,21.5,4,12,2,2,0,0
2023-04-13,922.9000,922.9000,24.0,20.0,22.0,80.875,1.0,5.0,8.875,1010.125,181.375,9.0,91.75,23.25,22.0,18.5,22.75,4,13,3,2,0,0
2023-04-14,1299.6000,1299.6000,22.0,16.0,20.0,83.75,2.0,5.0,15.0,1010.625,125.375,8.0,75.375,23.25,21.375,24.75,22.375,4,14,4,2,0,0
2023-04-15,2545.7000,2545.7000,27.0,14.0,20.0,50.25,13.0,6.0,13.875,1013.125,260.125,10.0,13.75,20.0,19.875,21.75,20.125,4,15,5,2,1,0
2023-04-16,2852.5000,2852.5000,30.0,19.0,24.0,53.125,13.0,6.0,13.0,1006.125,132.25,10.0,2.0,24.5,23.875,22.375,24.5,4,16,6,2,1,0
2023-04-17,2362.3000,2362.3000,33.0,20.0,26.0,53.5,12.0,7.0,17.25,1004.0,163.75,10.0,13.625,27.0,26.0,25.625,26.625,4,17,0,2,0,0
2023-04-18,2372.3000,2372.3000,25.0,22.0,23.0,83.25,1.0,6.0,10.625,1006.125,143.25,9.0,82.75,25.25,23.0,18.625,25.0,4,18,1,2,0,0
2023-04-19,2581.2000,2581.2000,26.0,21.0,23.0,90.0,2.0,5.0,8.875,1003.875,128.625,8.625,91.75,25.125,23.25,15.375,24.875,4,19,2,2,0,0
2023-04-20,1910.1000,1910.1000,32.0,21.0,26.0,66.625,13.0,7.0,6.375,1004.375,125.875,10.0,10.75,27.25,25.875,13.625,27.0,4,20,3,2,0,0
2023-04-21,1667.5000,1667.5000,27.0,20.0,23.0,59.875,11.0,6.0,15.75,1008.625,45.125,10.0,51.0,24.625,23.5,24.25,24.625,4,21,4,2,0,0
2023-04-22,15.0000,15.0000,22.0,9.0,14.0,72.375,1.0,3.0,21.75,1013.75,69.0,6.875,94.625,14.0,12.125,30.25,12.125,4,22,5,2,1,0
2023-04-23,14.5000,14.5000,10.0,9.0,10.0,85.375,1.0,2.0,18.125,1020.5,49.875,7.375,100.0,9.875,7.25,29.25,7.25,4,23,6,2,1,0
2023-04-24,14.9000,14.9000,12.0,9.0,10.0,90.125,1.0,3.0,10.0,1022.125,301.75,6.875,100.0,11.125,10.0,19.125,10.0,4,24,0,2,0,0
2023-04-25,14.4000,14.4000,20.0,9.0,14.0,76.75,8.0,3.0,12.125,1019.5,289.875,7.875,68.0,13.625,12.5,20.125,12.5,4,25,1,2,0,0
2023-04-26,14.3000,14.3000,23.0,11.0,17.0,68.0,10.0,5.0,9.125,1017.625,164.625,10.0,26.875,17.625,16.125,16.0,16.375,4,26,2,2,0,0
2023-04-27,15.2000,15.2000,22.0,15.0,18.0,71.0,10.0,5.0,10.375,1012.5,138.25,8.75,44.0,18.625,18.375,18.75,18.625,4,27,3,2,0,0
2023-04-28,15.4000,15.4000,25.0,18.0,20.0,78.75,2.0,5.0,8.625,1012.125,251.5,9.0,92.625,20.5,20.125,15.5,20.5,4,28,4,2,0,0
2023-04-29,1482.7000,1482.7000,24.0,15.0,19.0,40.125,13.0,4.0,12.125,1017.0,307.75,10.0,23.75,18.875,18.5,19.5,18.5,4,29,5,2,1,0
2023-04-30,2234.7000,2234.7000,26.0,11.0,19.0,48.375,13.0,5.0,12.125,1014.375,210.5,10.0,0.0,18.375,17.75,17.375,18.0,4,30,6,2,1,0
2023-05-01,2757.6000,2757.6000,29.0,14.0,21.0,44.5,14.0,6.0,14.375,1013.75,129.25,10.0,2.75,21.375,21.0,22.625,20.5,5,1,0,2,0,1
2023-05-02,2679.1000,2679.1000,26.0,18.0,21.0,70.625,6.0,6.0,12.625,1010.625,141.25,8.125,54.625,22.5,21.625,22.125,22.5,5,2,1,2,0,1
2023-05-03,3864.7000,3864.7000,28.0,21.0,23.0,86.875,3.0,5.0,15.875,1006.0,136.875,10.0,81.875,25.0,23.0,31.125,24.0,5,3,2,2,0,1
2023-05-04,2802.1000,2802.1000,29.0,22.0,24.0,87.125,3.0,5.0,12.125,1001.125,203.625,8.5,81.75,26.5,23.875,26.0,26.5,5,4,3,2,0,0
2023-05-05,1824.2000,1824.2000,27.0,18.0,23.0,73.5,12.0,5.0,15.0,1003.625,103.375,10.0,58.0,23.75,22.625,22.5,23.5,5,5,4,2,0,0
2023-05-06,15.0000,15.0000,21.0,16.0,18.0,81.25,1.0,4.0,22.125,1007.75,29.0,8.75,93.25,18.25,18.25,30.5,18.25,5,6,5,2,1,0
2023-05-07,14.8000,14.8000,22.0,16.0,18.0,64.375,9.0,4.0,18.125,1013.75,139.875,10.0,65.25,18.25,17.875,28.625,17.875,5,7,6,2,1,0
2023-05-08,14.7000,14.7000,26.0,18.0,21.0,49.125,14.0,5.0,9.875,1017.25,72.875,10.0,43.125,20.875,20.75,17.25,20.875,5,8,0,2,0,0
2023-05-09,14.6000,14.6000,26.0,15.0,20.0,50.0,14.0,6.0,10.375,1016.0,92.125,10.0,24.375,20.625,20.125,17.625,20.5,5,9,1,2,0,0
2023-05-10,14.8000,14.8000,20.0,15.0,18.0,71.25,3.0,4.0,10.625,1016.125,82.0,9.75,80.375,17.875,17.875,16.125,17.875,5,10,2,2,0,0
2023-05-11,134.1000,134.1000,22.0,14.0,18.0,68.875,5.0,4.0,9.25,1018.75,180.75,10.0,72.875,18.5,17.75,14.0,17.75,5,11,3,2,0,0
2023-05-12,439.5000,439.5000,28.0,15.0,22.0,64.25,14.0,6.0,9.75,1016.25,231.25,10.0,14.0,21.75,21.25,16.375,21.75,5,12,4,2,0,0
2023-05-13,2353.6000,2353.6000,29.0,19.0,24.0,61.375,14.0,6.0,11.75,1013.125,210.375,10.0,4.0,24.5,23.875,18.25,24.5,5,13,5,2,1,0
2023-05-14,2189.0000,2189.0000,31.0,19.0,25.0,60.75,14.0,6.0,11.5,1009.125,200.125,10.0,14.75,25.375,24.75,18.0,25.375,5,14,6,2,1,0
2023-05-15,1742.2000,1742.2000,33.0,21.0,27.0,55.0,11.0,7.0,13.0,1006.5,186.0,10.0,49.875,27.25,26.5,21.375,26.875,5,15,0,2,0,0
2023-05-16,1841.6000,1841.6000,26.0,20.0,23.0,75.0,8.0,6.0,12.375,1004.875,134.75,8.25,63.625,24.5,23.25,20.375,24.5,5,16,1,2,0,0
2023-05-17,2069.3000,2069.3000,27.0,20.0,23.0,81.375,4.0,5.0,8.125,1004.625,176.125,10.0,78.25,24.125,23.0,15.5,23.875,5,17,2,2,0,0
2023-05-18,1832.1000,1832.1000,31.0,20.0,26.0,68.875,14.0,7.0,8.375,1007.875,108.625,10.0,11.75,26.75,25.375,13.75,26.5,5,18,3,2,0,0
2023-05-19,2145.9000,2145.9000,32.0,22.0,28.0,61.0,14.0,7.0,8.0,1007.75,152.75,10.0,17.25,29.625,27.375,13.625,29.625,5,19,4,2,0,0
2023-05-20,3013.6000,3013.6000,30.0,24.0,27.0,71.0,11.0,6.0,8.75,1005.875,124.25,10.0,52.125,29.125,26.875,15.625,29.125,5,20,5,2,1,0
2023-05-21,2563.8000,2563.8000,26.0,15.0,23.0,82.75,5.0,5.0,17.125,1006.5,96.25,8.125,86.25,25.25,23.375,27.0,25.25,5,21,6,2,1,0
2023-05-22,15.0000,15.0000,19.0,14.0,17.0,75.25,4.0,4.0,19.375,1014.875,79.0,7.375,88.0,16.625,15.875,30.875,15.875,5,22,0,2,0,0
2023-05-23,11.8000,11.8000,24.0,16.0,20.0,67.75,11.0,6.0,5.625,1014.125,193.5,10.0,46.625,20.5,19.875,9.0,20.25,5,23,1,2,0,0
2023-05-24,19.0000,19.0000,26.0,17.0,21.0,72.125,9.0,5.0,6.875,1010.625,207.25,9.0,57.75,21.0,20.5,12.125,21.0,5,24,2,2,0,0
2023-05-25,1307.1000,1307.1000,29.0,18.0,24.0,71.375,6.0,6.0,8.125,1009.75,121.625,10.0,52.875,24.375,23.375,14.375,24.375,5,25,3,2,0,0
2023-05-26,2114.5000,2114.5000,27.0,23.0,25.0,86.0,5.0,5.0,10.625,1008.75,103.125,9.625,76.75,26.875,24.625,20.5,26.875,5,26,4,2,0,0
2023-05-27,7085.5000,7085.5000,32.0,22.0,27.0,84.375,4.0,6.0,11.5,1006.5,138.625,9.625,84.5,30.375,26.5,21.5,30.375,5,27,5,2,1,0
2023-05-28,5123.3000,5123.3000,33.0,24.0,28.0,84.125,7.0,6.0,9.25,1007.25,137.625,9.375,74.875,32.875,27.875,17.375,32.875,5,28,6,2,1,0
2023-05-29,3943.3000,3943.3000,31.0,22.0,26.0,81.0,4.0,6.0,12.125,1008.625,99.25,9.875,73.75,29.75,26.25,18.25,29.75,5,29,0,2,0,0
2023-05-30,2885.2000,2885.2000,27.0,22.0,24.0,83.375,1.0,6.0,15.5,1009.25,135.125,10.0,78.75,27.0,24.25,22.75,27.0,5,30,1,2,0,0
2023-05-31,2377.8000,2377.8000,29.0,21.0,25.0,75.25,8.0,7.0,10.375,1006.25,26.625,10.0,60.875,26.875,25.0,15.375,26.25,5,31,2,2,0,0
2023-06-01,4528.8000,4528.8000,32.0,23.0,27.0,60.5,12.0,7.0,10.25,1004.25,21.625,10.0,30.5,29.125,27.375,16.125,29.125,6,1,3,3,0,0
2023-06-02,3782.3000,3782.3000,30.0,23.0,26.0,57.125,10.0,7.0,11.25,1005.875,102.5,10.0,56.625,27.625,26.375,17.625,27.625,6,2,4,3,0,0
2023-06-03,4317.7000,4317.7000,29.0,22.0,24.0,58.25,11.0,5.0,14.25,1010.0,11.75,10.0,72.625,25.75,24.0,23.25,25.125,6,3,5,3,1,0
2023-06-04,4534.3000,4534.3000,26.0,19.0,22.0,76.125,8.0,6.0,12.5,1010.5,267.25,10.0,77.5,24.25,22.75,22.125,23.5,6,4,6,3,1,0
2023-06-05,2199.8000,2199.8000,23.0,19.0,21.0,80.5,3.0,5.0,12.125,1010.375,339.375,9.0,91.75,21.375,20.625,20.125,20.625,6,5,0,3,0,0
2023-06-06,2008.7000,2008.7000,30.0,19.0,24.0,66.5,14.0,5.0,6.625,1009.375,260.75,10.0,31.0,23.875,23.125,9.75,23.875,6,6,1,3,0,0
2023-06-07,2398.4000,2398.4000,31.0,21.0,26.0,59.375,14.0,7.0,7.75,1007.625,156.875,10.0,42.125,26.875,25.375,12.5,26.125,6,7,2,3,0,0
2023-06-08,4147.6000,4147.6000,35.0,23.0,28.0,49.0,10.0,6.0,7.875,1005.125,250.375,10.0,37.5,29.625,28.125,13.875,29.625,6,8,3,3,0,0
2023-06-09,3916.8000,3916.8000,36.0,25.0,30.0,49.625,14.0,8.0,8.5,1002.875,230.375,10.0,5.75,31.875,29.5,15.125,31.875,6,9,4,3,0,0
2023-06-10,5726.2000,5726.2000,37.0,25.0,31.0,50.0,14.0,8.0,10.5,1000.5,228.375,10.0,8.375,32.625,30.5,16.625,32.625,6,10,5,3,1,0
2023-06-11,5788.4000,5788.4000,37.0,26.0,31.0,44.25,12.0,8.0,7.75,1000.875,172.75,10.0,26.5,33.0,30.125,11.25,33.0,6,11,6,3,1,0
2023-06-12,3237.1000,3237.1000,34.0,23.0,28.0,61.75,5.0,6.0,8.625,1002.25,65.25,9.375,62.5,30.0,27.75,15.25,30.0,6,12,0,3,0,0
2023-06-13,3896.6000,3896.6000,32.0,24.0,27.0,58.875,7.0,6.0,7.625,1002.875,283.5,9.625,54.625,28.25,26.5,14.125,28.25,6,13,1,3,0,0
2023-06-14,2932.6000,2932.6000,34.0,23.0,28.0,52.125,14.0,7.0,4.0,1006.0,211.375,10.0,8.625,29.0,27.75,7.625,29.0,6,14,2,3,0,0
2023-06-15,4132.2000,4132.2000,33.0,25.0,29.0,44.375,14.0,7.0,9.875,1006.25,134.625,10.0,5.375,29.75,28.75,14.75,29.75,6,15,3,3,0,0
2023-06-16,4056.3000,4056.3000,27.0,23.0,24.0,78.875,2.0,6.0,13.25,1008.125,175.125,7.125,76.0,27.25,25.375,22.625,27.25,6,16,4,3,0,0
2023-06-17,3364.3000,3364.3000,24.0,21.0,23.0,93.25,1.0,5.0,13.875,1006.25,93.25,6.625,94.625,26.0,23.25,23.875,25.375,6,17,5,3,1,0
2023-06-18,4803.8000,4803.8000,26.0,22.0,24.0,95.375,1.0,5.0,8.875,1004.0,150.875,9.875,100.0,28.125,25.0,20.25,28.125,6,18,6,3,1,0
2023-06-19,2908.7000,2908.7000,29.0,22.0,25.0,84.125,5.0,6.0,10.375,1003.0,284.0,10.0,72.875,28.25,25.375,17.875,28.25,6,19,0,3,0,0
2023-06-20,3565.9000,3565.9000,33.0,24.0,28.0,73.5,10.0,7.0,6.0,1003.0,244.375,10.0,47.625,31.25,27.875,9.125,31.25,6,20,1,3,0,0
2023-06-21,4469.8000,4469.8000,33.0,25.0,29.0,69.375,11.0,7.0,6.25,1005.0,143.875,10.0,55.25,31.5,28.0,12.25,31.5,6,21,2,3,0,0
2023-06-22,5444.4000,5444.4000,30.0,24.0,26.0,64.5,10.0,6.0,9.0,1007.0,194.125,10.0,39.125,27.875,26.125,16.5,27.875,6,22,3,3,0,1
2023-06-23,5210.6000,5210.6000,27.0,22.0,24.0,70.5,9.0,5.0,8.5,1007.375,127.5,10.0,52.5,26.0,24.25,16.625,26.0,6,23,4,3,0,1
2023-06-24,4184.6000,4184.6000,29.0,22.0,25.0,71.125,7.0,5.0,3.75,1006.5,197.25,10.0,65.5,27.25,25.0,8.25,27.25,6,24,5,3,1,0
2023-06-25,3246.3000,3246.3000,29.0,22.0,25.0,75.5,5.0,6.0,6.875,1006.25,194.875,10.0,59.125,27.5,25.375,14.25,27.25,6,25,6,3,1,0
2023-06-26,2509.7000,2509.7000,34.0,22.0,28.0,67.125,14.0,7.0,8.125,1006.125,166.25,10.0,3.625,30.125,27.125,12.875,30.125,6,26,0,3,0,0
2023-06-27,2795.3000,2795.3000,34.0,25.0,29.0,65.75,12.0,7.0,12.25,1005.0,181.375,10.0,18.625,32.875,29.5,20.5,32.875,6,27,1,3,0,0
2023-06-28,3743.7000,3743.7000,35.0,27.0,31.0,67.125,14.0,8.0,19.625,1003.625,180.875,10.0,26.25,35.625,30.625,28.625,35.625,6,28,2,3,0,0
2023-06-29,4032.8000,4032.8000,33.0,25.0,29.0,75.375,8.0,6.0,15.0,1000.875,227.875,9.875,71.0,33.5,28.75,24.75,33.5,6,29,3,3,0,0
2023-06-30,3628.6000,3628.6000,31.0,24.0,27.0,80.375,8.0,6.0,9.0,1001.25,259.25,10.0,67.0,30.625,27.0,14.125,30.625,6,30,4,3,0,0
2023-07-01,5631.7000,5631.7000,33.0,25.0,29.0,79.5,6.0,7.0,9.75,1002.0,164.25,9.875,61.25,34.0,28.75,16.75,34.0,7,1,5,3,1,0
2023-07-02,5864.4000,5864.4000,34.0,27.0,30.0,83.375,6.0,7.0,8.75,1002.125,147.5,9.125,72.625,38.375,30.125,18.375,38.375,7,2,6,3,1,0
2023-07-03,4916.2000,4916.2000,33.0,27.0,30.0,80.75,9.0,7.0,12.125,1001.5,147.75,9.75,53.375,37.875,30.125,24.625,37.875,7,3,0,3,0,0
2023-07-04,4612.0000,4612.0000,29.0,25.0,27.0,76.0,7.0,6.0,13.75,1002.375,280.625,9.875,62.0,30.25,27.125,19.625,30.25,7,4,1,3,0,0
2023-07-05,3210.3000,3210.3000,32.0,23.0,28.0,71.625,14.0,6.0,13.25,1001.625,218.625,10.0,53.625,31.25,27.5,17.375,31.25,7,5,2,3,0,0
2023-07-06,4435.9000,4435.9000,35.0,27.0,31.0,70.25,10.0,7.0,22.0,999.25,195.25,9.875,49.5,36.875,30.75,33.625,36.875,7,6,3,3,0,0
2023-07-07,5234.0000,5234.0000,34.0,29.0,31.0,66.875,8.0,8.0,21.5,999.125,215.625,10.0,53.5,36.875,30.875,33.5,36.875,7,7,4,3,0,0
2023-07-08,5915.9000,5915.9000,31.0,27.0,29.0,82.875,6.0,6.0,14.5,1001.5,221.0,8.75,80.125,35.125,29.125,23.75,35.125,7,8,5,3,1,0
2023-07-09,6169.4000,6169.4083,31.0,26.0,28.0,86.25,4.0,7.0,13.875,1002.5,166.375,9.25,69.75,33.875,28.375,23.625,33.875,7,9,6,3,1,0
2023-07-10,4381.9000,4381.9083,35.0,27.0,30.0,74.625,12.0,8.0,17.0,1000.875,183.375,9.5,36.125,36.375,30.5,26.5,36.375,7,10,0,3,0,0
2023-07-11,5685.9000,5685.9083,36.0,28.0,32.0,61.75,14.0,8.0,18.875,1001.125,181.875,10.0,13.25,37.75,31.875,28.25,37.75,7,11,1,3,0,0
2023-07-12,5361.3000,5361.3083,36.0,29.0,32.0,59.125,14.0,8.0,19.625,1001.25,189.375,10.0,11.5,38.125,32.375,27.75,38.125,7,12,2,3,0,0
2023-07-13,5411.8000,5411.8083,36.0,28.0,32.0,60.0,14.0,8.0,19.0,1000.375,226.5,10.0,24.5,37.75,32.25,28.125,37.75,7,13,3,3,0,0
2023-07-14,5367.7000,5367.7083,33.0,25.0,28.0,72.0,5.0,6.0,10.625,1003.125,315.25,9.625,76.125,30.625,27.5,16.75,30.625,7,14,4,3,0,0
2023-07-15,5846.1000,5846.1083,31.0,25.0,28.0,65.25,14.0,7.0,9.375,1002.375,282.5,10.0,27.25,30.75,28.375,13.25,30.75,7,15,5,3,1,0
2023-07-16,5960.4000,5960.4083,34.0,25.0,29.0,57.75,14.0,7.0,10.25,1004.125,149.25,10.0,8.0,31.0,28.5,14.875,31.0,7,16,6,3,1,0
2023-07-17,3303.7000,3303.7083,31.0,25.0,28.0,69.0,6.0,6.0,10.25,1005.0,44.875,9.875,59.375,30.375,27.75,16.0,30.375,7,17,0,3,0,0
2023-07-18,3633.5000,3633.5083,33.0,26.0,29.0,76.875,13.0,7.0,6.375,1006.625,129.75,10.0,54.875,33.5,28.625,10.25,33.5,7,18,1,3,0,0
2023-07-19,4307.9000,4307.9083,28.0,25.0,27.0,91.625,5.0,6.0,5.0,1006.75,178.25,9.0,72.375,32.125,27.0,9.125,32.125,7,19,2,3,0,0
2023-07-20,1644.0000,1644.0083,32.0,25.0,28.0,83.0,3.0,6.0,5.0,1005.0,204.375,9.875,78.5,32.625,28.0,11.125,32.625,7,20,3,3,0,0
2023-07-21,24.3250,4803.2650,33.0,26.0,28.0,86.875,3.0,6.0,9.875,1005.25,163.0,9.25,83.5,34.875,28.5,17.625,34.875,7,21,4,3,0,0
2023-07-22,24.3250,4803.2650,33.0,25.0,29.0,84.5,7.0,6.0,9.875,1005.75,197.25,10.0,60.0,34.625,28.5,18.375,34.625,7,22,5,3,1,0
2023-07-23,24.3250,4803.2650,35.0,26.0,31.0,74.125,12.0,8.0,9.625,1004.5,177.25,10.0,5.875,37.0,30.375,15.125,37.0,7,23,6,3,1,0
2023-07-24,8916.9650,8916.9650,35.0,26.0,31.0,71.125,13.0,8.0,8.0,1004.375,116.5,10.0,7.125,36.875,30.625,13.5,36.875,7,24,0,3,0,0
2023-07-25,3665.4000,3874.4000,32.0,27.0,28.0,79.5,11.0,7.0,7.5,1005.375,181.0,9.875,36.25,33.375,28.5,15.0,33.375,7,25,1,3,0,0
2023-07-26,4761.6000,4970.6000,34.0,26.0,29.0,73.125,4.0,6.0,9.25,1005.125,68.75,9.75,53.625,33.625,29.125,14.75,33.625,7,26,2,3,0,0
2023-07-27,4650.1000,4859.1000,35.0,26.0,30.0,68.875,12.0,7.0,10.25,1003.125,56.375,9.875,30.125,34.25,29.625,19.5,34.25,7,27,3,3,0,0
2023-07-28,5073.3000,5282.3000,34.0,27.0,29.0,74.375,6.0,6.0,9.625,1000.0,69.625,9.875,63.0,34.625,29.75,17.25,34.625,7,28,4,3,0,0
2023-07-29,6439.4000,6669.1000,30.0,25.0,27.0,86.125,2.0,7.0,10.625,998.5,296.125,10.0,87.75,31.25,26.875,18.0,31.25,7,29,5,3,1,0
2023-07-30,6475.9000,6705.6000,34.0,25.0,28.0,82.625,4.0,6.0,7.125,1000.625,210.0,6.75,90.625,33.0,27.875,16.625,33.0,7,30,6,3,1,0
2023-07-31,4274.5000,4504.2000,33.0,27.0,30.0,76.25,3.0,6.0,9.875,1003.125,120.125,9.625,82.625,35.125,29.5,18.125,35.125,7,31,0,3,0,0
2023-08-01,6434.0000,6663.7000,34.0,26.0,30.0,76.25,11.0,6.0,13.625,1003.0,101.375,9.875,46.75,35.375,29.625,20.625,35.375,8,1,1,3,0,0
2023-08-02,5010.0000,5239.7000,36.0,27.0,31.0,69.25,11.0,8.0,9.0,1002.75,105.25,10.0,30.625,36.125,30.875,13.125,36.125,8,2,2,3,0,0
2023-08-03,5414.0000,5643.7000,36.0,28.0,32.0,65.125,10.0,8.0,4.625,1001.25,114.375,10.0,28.75,37.875,32.0,7.875,37.875,8,3,3,3,0,0
2023-08-04,5605.2000,5834.9000,37.0,28.0,32.0,66.25,14.0,8.0,4.875,1000.75,263.375,10.0,10.0,40.0,32.375,8.625,40.0,8,4,4,3,0,0
2023-08-05,9049.1000,9258.1000,38.0,29.0,33.0,64.125,14.0,8.0,5.0,999.25,204.625,10.0,11.625,41.125,33.25,9.375,41.125,8,5,5,3,1,0
2023-08-06,8613.9000,8822.9000,37.0,29.0,32.0,66.25,8.0,8.0,5.5,998.0,95.75,9.75,44.875,39.25,31.875,11.875,39.25,8,6,6,3,1,0
2023-08-07,6141.1000,6350.1000,36.0,28.0,31.0,75.375,5.0,8.0,9.75,999.0,28.25,9.75,56.875,37.625,30.625,16.375,37.625,8,7,0,3,0,0
2023-08-08,3658.3000,3867.3000,34.0,27.0,30.0,72.75,10.0,7.0,10.125,1001.25,22.375,9.875,44.0,35.75,30.125,15.0,35.75,8,8,1,3,0,0
2023-08-09,5343.7250,5343.7250,35.0,26.0,30.0,64.25,12.0,7.0,11.625,1002.875,25.875,10.0,28.75,33.25,29.875,17.125,33.25,8,9,2,3,0,0
2023-08-10,5343.7250,5343.7250,34.0,26.0,30.0,63.625,10.0,7.0,8.0,1003.5,53.375,10.0,26.625,33.25,29.75,13.375,33.25,8,10,3,3,0,0
2023-08-11,5343.7250,5343.7250,35.0,27.0,31.0,60.375,14.0,8.0,6.75,1002.0,130.875,10.0,3.75,34.75,31.0,11.75,34.75,8,11,4,3,0,0
2023-08-12,1174.9000,6518.6250,36.0,28.0,31.0,64.0,11.0,8.0,7.125,1000.625,123.875,9.875,45.625,36.5,31.375,12.25,36.5,8,12,5,3,1,0
2023-08-13,5959.8000,5959.8000,32.0,25.0,29.0,72.25,6.0,6.0,10.375,1001.625,176.125,9.875,69.625,33.0,28.625,15.125,33.0,8,13,6,3,1,0
2023-08-14,5157.2000,5157.2000,34.0,25.0,29.0,69.25,10.0,7.0,7.75,1003.375,180.5,10.0,49.5,32.625,28.875,13.875,32.625,8,14,0,3,0,0
2023-08-15,4993.8000,4993.8000,34.0,25.0,30.0,67.0,9.0,7.0,8.25,1004.125,72.0,10.0,38.375,33.5,29.625,11.625,33.5,8,15,1,3,0,0
2023-08-16,5078.5000,5078.5000,35.0,26.0,30.0,57.5,14.0,8.0,5.75,1004.0,196.0,10.0,10.75,33.375,30.375,10.125,33.375,8,16,2,3,0,0
2023-08-17,5305.2000,5305.2000,36.0,26.0,31.0,56.25,14.0,8.0,5.5,1003.125,300.625,10.0,17.25,34.25,30.875,8.125,34.25,8,17,3,3,0,0
2023-08-18,5191.1000,5191.1000,35.0,27.0,31.0,57.125,14.0,8.0,8.375,1003.125,33.75,10.0,19.125,34.5,31.125,12.625,34.5,8,18,4,3,0,0
2023-08-19,5975.2000,5975.2000,35.0,28.0,31.0,59.125,14.0,8.0,6.625,1004.75,57.625,10.0,38.375,34.125,30.75,10.75,34.125,8,19,5,3,1,0
2023-08-20,6091.5000,6091.5000,35.0,27.0,30.0,61.875,4.0,8.0,7.375,1005.0,115.0,10.0,71.0,34.0,30.25,14.25,34.0,8,20,6,3,1,0
2023-08-21,4788.4000,4788.4000,29.0,24.0,26.0,84.75,6.0,6.0,7.0,1004.25,275.25,8.625,68.875,30.25,26.75,14.5,30.25,8,21,0,3,0,0
2023-08-22,4971.3000,4971.3000,34.0,24.0,29.0,73.0,12.0,6.0,7.125,1003.5,191.125,8.0,37.25,31.875,28.375,13.5,31.875,8,22,1,3,0,0
2023-08-23,4576.8000,4576.8000,34.0,25.0,29.0,64.75,12.0,7.0,8.0,1004.875,92.5,10.0,9.25,32.0,29.125,13.75,32.0,8,23,2,3,0,0
2023-08-24,5577.2000,5577.2000,34.0,25.0,29.0,61.625,13.0,7.0,6.5,1006.75,65.5,10.0,16.375,31.375,29.125,12.375,31.375,8,24,3,3,0,0
2023-08-25,4202.9000,4202.9000,33.0,26.0,29.0,64.5,11.0,7.0,7.375,1006.875,68.875,10.0,30.625,31.375,28.75,12.75,31.375,8,25,4,3,0,0
2023-08-26,5998.1000,5998.1000,29.0,24.0,27.0,74.25,5.0,7.0,10.5,1004.0,77.0,9.25,64.75,31.125,28.125,15.625,31.125,8,26,5,3,1,0
2023-08-27,6039.4000,6039.4000,25.0,19.0,22.0,94.5,1.0,5.0,17.125,1001.75,189.0,8.875,99.5,26.625,23.75,27.375,26.625,8,27,6,3,1,0
2023-08-28,3550.9000,3550.9000,25.0,19.0,21.0,81.5,3.0,5.0,21.125,1006.375,178.875,9.0,81.625,22.625,21.75,31.25,22.375,8,28,0,3,0,0
2023-08-29,2551.8000,2551.8000,28.0,20.0,24.0,72.0,11.0,6.0,16.25,1009.5,144.375,10.0,21.625,25.5,23.875,23.875,25.5,8,29,1,3,0,0
2023-08-30,2709.9000,2709.9000,30.0,20.0,25.0,68.625,13.0,6.0,11.5,1010.875,25.125,10.0,14.25,26.0,24.875,19.125,25.75,8,30,2,3,0,0
2023-08-31,2652.4000,2652.4000,32.0,22.0,26.0,67.875,13.0,7.0,7.75,1010.375,59.5,10.0,1.125,28.0,26.125,11.0,27.75,8,31,3,3,0,0
2023-09-01,2666.7000,2666.7000,32.0,22.0,26.0,64.25,13.0,7.0,8.25,1009.25,49.375,10.0,2.5,27.75,26.375,12.875,27.5,9,1,4,4,0,0
2023-09-02,3059.7000,3059.7000,31.0,21.0,26.0,62.0,12.0,7.0,7.375,1008.5,41.0,10.0,32.75,26.5,25.125,14.125,26.5,9,2,5,4,1,0
2023-09-03,3038.1000,3038.1000,26.0,22.0,24.0,70.5,12.0,6.0,5.5,1008.625,107.75,10.0,46.625,26.375,24.375,8.875,26.375,9,3,6,4,1,0
2023-09-04,2706.1000,2706.1000,30.0,22.0,26.0,63.375,10.0,7.0,6.75,1008.125,53.625,10.0,24.5,27.25,25.375,10.875,27.25,9,4,0,4,0,0
2023-09-05,2690.6000,2690.6000,33.0,21.0,27.0,68.0,12.0,7.0,10.125,1009.25,31.25,10.0,37.625,29.5,26.75,16.75,28.875,9,5,1,4,0,0
2023-09-06,4642.6000,4642.6000,34.0,24.0,28.0,71.125,8.0,7.0,8.75,1010.375,69.375,10.0,41.875,31.75,28.25,16.0,31.75,9,6,2,4,0,0
2023-09-07,4442.5000,4442.5000,33.0,25.0,29.0,71.75,6.0,6.0,7.0,1010.125,80.625,9.75,60.5,32.25,28.5,12.875,32.25,9,7,3,4,0,0
2023-09-08,4345.1000,4345.1000,34.0,26.0,29.0,66.625,12.0,7.0,5.625,1009.0,99.0,10.0,42.125,32.25,29.0,10.875,32.25,9,8,4,4,0,0
2023-09-09,5887.3000,5887.3000,34.0,25.0,29.0,63.625,12.0,7.0,8.125,1008.0,107.5,10.0,23.625,32.25,29.25,13.625,32.25,9,9,5,4,1,0
2023-09-10,6000.9000,6000.9000,35.0,25.0,30.0,63.125,11.0,7.0,9.0,1005.75,87.5,9.875,21.625,32.5,29.625,15.125,32.5,9,10,6,4,1,0
2023-09-11,3820.5000,3820.5000,35.0,24.0,28.0,69.125,10.0,7.0,10.75,1005.125,62.0,9.75,38.125,31.125,27.75,17.0,31.125,9,11,0,4,0,0
2023-09-12,4064.2000,4064.2000,23.0,20.0,22.0,88.75,1.0,6.0,16.75,1008.875,139.125,10.0,90.25,25.0,23.125,23.75,24.5,9,12,1,4,0,0
2023-09-13,2802.1000,2802.1000,26.0,20.0,22.0,85.25,5.0,5.0,17.25,1010.5,98.125,9.25,73.625,23.25,22.25,25.25,23.25,9,13,2,4,0,0
2023-09-14,2648.4000,2648.4000,29.0,21.0,24.0,74.625,11.0,6.0,8.25,1011.5,59.0,10.0,22.375,25.875,24.25,13.75,25.5,9,14,3,4,0,0
2023-09-15,2718.1000,2718.1000,29.0,21.0,25.0,77.5,9.0,7.0,5.0,1010.5,149.0,10.0,60.625,27.5,25.125,8.375,27.125,9,15,4,4,0,0
2023-09-16,3191.6000,3191.6000,32.0,23.0,27.0,66.75,11.0,6.0,4.5,1010.375,186.125,10.0,43.375,29.0,27.125,8.375,29.0,9,16,5,4,1,0
2023-09-17,4037.2000,4037.2000,32.0,24.0,28.0,64.875,12.0,7.0,7.625,1009.125,123.875,10.0,13.0,30.0,27.875,12.625,30.0,9,17,6,4,1,0
2023-09-18,3507.2000,3507.2000,35.0,26.0,30.0,65.625,11.0,7.0,10.625,1008.25,132.75,10.0,38.625,33.25,29.625,17.125,33.25,9,18,0,4,0,0
2023-09-19,5055.1000,5055.1000,35.0,26.0,30.0,70.0,9.0,6.0,12.125,1007.25,152.5,9.125,59.0,34.875,30.25,20.375,34.875,9,19,1,4,0,0
2023-09-20,2579.8000,2579.8000,25.0,22.0,23.0,86.875,1.0,5.0,18.125,1011.75,104.25,10.0,98.0,25.5,23.125,29.0,25.25,9,20,2,4,0,0
2023-09-21,2320.3000,2320.3000,22.0,17.0,18.0,90.875,1.0,4.0,14.5,1015.625,25.0,6.5,100.0,20.125,19.875,22.0,19.875,9,21,3,4,0,0
2023-09-22,336.9000,336.9000,18.0,17.0,17.0,90.75,1.0,4.0,5.375,1015.75,70.25,8.875,100.0,19.25,19.25,8.625,19.25,9,22,4,4,0,0
2023-09-23,2808.5000,2808.5000,21.0,18.0,20.0,87.125,1.0,4.0,7.875,1016.25,33.375,10.0,100.0,22.0,21.0,12.375,22.0,9,23,5,4,1,0
2023-09-24,2820.3000,2820.3000,24.0,18.0,20.0,84.375,1.0,5.0,9.75,1015.0,179.75,10.0,98.125,21.875,21.25,15.125,21.875,9,24,6,4,1,0
2023-09-25,2449.6000,2449.6000,23.0,19.0,21.0,82.75,1.0,5.0,9.0,1014.625,179.125,10.0,95.5,22.375,21.125,13.0,22.0,9,25,0,4,0,0
2023-09-26,2498.2000,2498.2000,26.0,20.0,22.0,79.5,7.0,5.0,7.125,1014.75,222.75,10.0,80.5,23.625,22.375,12.125,23.25,9,26,1,4,0,0
2023-09-27,2576.7000,2576.7000,30.0,21.0,25.0,76.125,2.0,6.0,7.75,1013.25,137.875,10.0,78.625,26.875,24.75,12.625,25.875,9,27,2,4,0,0
2023-09-28,3029.8000,3029.8000,30.0,23.0,25.0,69.25,12.0,6.0,12.0,1014.375,25.0,10.0,51.0,27.125,25.375,16.5,27.125,9,28,3,4,0,0
2023-09-29,4612.6000,4612.6000,28.0,22.0,24.0,75.375,7.0,6.0,10.125,1013.875,55.625,10.0,70.875,26.125,24.25,16.0,26.125,9,29,4,4,0,1
2023-09-30,3332.5000,3332.5000,28.0,21.0,24.0,74.375,6.0,5.0,10.875,1013.625,182.0,10.0,77.125,26.125,23.75,17.5,25.375,9,30,5,4,1,0
2023-10-01,3065.0000,3065.0000,26.0,22.0,23.0,72.0,8.0,5.0,10.75,1014.0,55.125,9.0,67.5,25.375,23.375,15.75,25.375,10,1,6,4,1,1
2023-10-02,4382.7000,4382.7000,25.0,20.0,22.0,70.75,1.0,6.0,10.875,1014.0,67.5,10.0,81.75,24.5,22.5,16.25,23.5,10,2,0,4,0,1
2023-10-03,2849.9000,2849.9000,21.0,19.0,20.0,83.0,1.0,4.0,8.625,1014.875,60.375,10.0,96.125,20.5,20.125,14.0,20.125,10,3,1,4,0,1
2023-10-04,2900.3000,2900.3000,23.0,20.0,21.0,80.5,1.0,5.0,11.875,1015.5,24.75,10.0,89.125,21.25,20.625,17.25,20.875,10,4,2,4,0,1
2023-10-05,2526.4000,2526.4000,22.0,19.0,20.0,76.0,7.0,5.0,17.75,1017.75,32.0,9.0,75.625,22.25,21.125,26.5,21.5,10,5,3,4,0,1
2023-10-06,2307.4000,2307.4000,22.0,15.0,18.0,66.125,9.0,5.0,17.375,1018.5,23.0,10.0,57.5,19.125,18.75,23.375,18.75,10,6,4,4,0,1
2023-10-07,0.0000,0.0000,16.0,14.0,15.0,87.75,1.0,4.0,12.0,1020.625,53.625,5.0,95.25,15.875,15.625,16.875,15.625,10,7,5,4,1,0
2023-10-08,0.0000,0.0000,22.0,14.0,18.0,77.75,8.0,5.0,7.375,1020.75,53.375,10.0,49.75,18.625,17.75,12.375,17.75,10,8,6,4,1,0
2023-10-09,0.0000,0.0000,24.0,17.0,20.0,67.375,10.0,5.0,6.625,1021.875,40.75,10.0,49.875,20.625,19.75,10.875,19.875,10,9,0,4,0,0
2023-10-10,0.0000,0.0000,22.0,18.0,20.0,70.75,9.0,5.0,6.375,1023.5,134.0,10.0,53.5,20.0,19.25,11.375,19.25,10,10,1,4,0,0
2023-10-11,0.0000,0.0000,25.0,16.0,20.0,56.25,11.0,6.0,7.625,1022.875,79.5,10.0,13.25,20.375,19.875,13.125,20.375,10,11,2,4,0,0
2023-10-12,0.0000,0.0000,20.0,18.0,19.0,68.0,7.0,5.0,6.25,1023.25,189.0,10.0,61.5,18.75,18.75,10.25,18.75,10,12,3,4,0,0
2023-10-13,0.0000,0.0000,23.0,17.0,19.0,67.75,7.0,5.0,8.5,1020.625,326.5,10.0,51.5,19.75,19.25,12.125,19.75,10,13,4,4,0,0
2023-10-14,824.5000,824.5000,26.0,15.0,20.0,60.5,10.0,6.0,8.75,1017.125,258.375,10.0,13.5,20.5,20.125,13.875,20.5,10,14,5,4,1,0
2023-10-15,1769.9000,1769.9000,29.0,18.0,23.0,47.25,11.0,6.0,6.25,1016.25,223.25,10.0,3.5,22.0,21.5,11.75,21.625,10,15,6,4,1,0
2023-10-16,685.3000,685.3000,29.0,19.0,24.0,40.875,11.0,6.0,8.75,1018.0,122.25,10.0,1.625,22.625,22.25,12.75,22.25,10,16,0,4,0,0
2023-10-17,0.0000,0.0000,29.0,19.0,24.0,40.875,11.0,6.0,13.875,1017.0,113.0,10.0,2.0,23.125,22.375,20.625,23.125,10,17,1,4,0,0
2023-10-18,478.4000,478.4000,30.0,19.0,24.0,47.0,11.0,6.0,9.25,1015.25,114.375,10.0,4.125,23.75,23.25,15.625,23.75,10,18,2,4,0,0
2023-10-19,0.0000,0.0000,26.0,15.0,20.0,62.375,8.0,6.0,20.75,1017.875,74.75,10.0,43.875,20.625,19.875,29.75,19.875,10,19,3,4,0,0
2023-10-20,0.0000,0.0000,23.0,13.0,18.0,57.875,11.0,5.0,18.75,1025.375,65.375,10.0,12.625,17.5,16.625,25.0,16.75,10,20,4,4,0,0
2023-10-21,0.0000,0.0000,23.0,14.0,18.0,34.5,11.0,5.0,7.875,1024.75,62.375,10.0,5.375,17.75,17.5,12.625,17.5,10,21,5,4,1,0
2023-10-22,1093.7000,1093.7000,25.0,16.0,20.0,34.375,11.0,5.0,6.25,1021.75,100.5,10.0,1.0,19.5,19.375,9.625,19.5,10,22,6,4,1,0
2023-10-23,0.0000,0.0000,26.0,16.0,21.0,40.375,11.0,6.0,8.625,1019.5,108.25,10.0,14.875,19.75,19.375,15.5,19.375,10,23,0,4,0,0
2023-10-24,0.0000,0.0000,28.0,19.0,24.0,43.375,11.0,6.0,6.625,1017.125,109.75,10.0,28.125,22.375,22.25,10.5,22.375,10,24,1,4,0,0
2023-10-25,652.5000,652.5000,24.0,20.0,22.0,57.0,7.0,6.0,7.125,1017.25,197.125,10.0,57.75,23.125,21.5,12.0,22.75,10,25,2,4,0,0
2023-10-26,1193.2000,1193.2000,27.0,19.0,23.0,61.625,10.0,6.0,6.625,1017.25,208.75,10.0,30.375,23.125,22.375,9.375,22.5,10,26,3,4,0,0
2023-10-27,0.0000,0.0000,26.0,21.0,23.0,40.75,11.0,6.0,8.25,1017.5,112.25,10.0,52.875,22.875,21.375,12.625,21.75,10,27,4,4,0,0
2023-10-28,1476.8000,1476.8000,22.0,19.0,20.0,57.125,9.0,5.0,4.5,1018.5,166.875,10.0,63.625,21.125,20.5,8.625,21.125,10,28,5,4,1,0
2023-10-29,747.2000,747.2000,27.0,18.0,22.0,46.0,11.0,6.0,3.625,1018.625,242.625,10.0,20.25,22.5,21.875,7.5,22.125,10,29,6,4,1,0
2023-10-30,1054.9000,1054.9000,29.0,19.0,24.0,46.0,11.0,6.0,6.625,1019.125,215.0,10.0,1.875,23.125,22.25,10.25,22.5,10,30,0,4,0,0
2023-10-31,1371.8000,1371.8000,30.0,19.0,24.0,39.625,11.0,6.0,8.125,1019.625,178.25,10.0,2.375,23.375,22.625,13.875,23.0,10,31,1,4,0,0
2023-11-01,1304.4000,1304.4000,29.0,20.0,24.0,40.625,11.0,6.0,8.0,1016.5,180.875,10.0,6.5,23.25,22.75,14.25,22.875,11,1,2,4,0,0
2023-11-02,232.3000,232.3000,30.0,20.0,25.0,44.75,11.0,6.0,10.625,1012.75,188.75,10.0,4.5,23.875,23.5,17.375,23.875,11,2,3,4,0,0
2023-11-03,0.0000,0.0000,29.0,17.0,24.0,46.25,11.0,6.0,10.375,1013.125,116.0,10.0,22.875,23.75,23.0,15.25,23.375,11,3,4,4,0,0
2023-11-04,445.4000,445.4000,20.0,16.0,18.0,66.125,8.0,5.0,10.875,1015.25,211.25,9.0,78.0,18.25,18.25,15.625,18.25,11,4,5,4,1,0
2023-11-05,637.5000,637.5000,20.0,16.0,18.0,79.5,1.0,4.0,12.375,1014.5,187.875,8.875,84.0,17.25,17.25,17.75,17.25,11,5,6,4,1,0
2023-11-06,0.0000,0.0000,19.0,13.0,16.0,44.875,11.0,5.0,8.125,1023.125,144.5,10.0,5.875,15.25,14.875,13.25,14.875,11,6,0,4,0,0
2023-11-07,0.0000,0.0000,23.0,13.0,18.0,33.125,11.0,5.0,9.75,1019.0,119.25,10.0,15.875,16.875,16.5,17.125,16.5,11,7,1,4,0,0
2023-11-08,0.0000,0.0000,22.0,16.0,19.0,54.5,6.0,4.0,7.125,1016.0,113.75,10.0,67.5,18.25,18.0,12.25,18.0,11,8,2,4,0,0
2023-11-09,0.0000,0.0000,19.0,16.0,17.0,82.375,1.0,4.0,12.875,1017.25,41.5,8.875,94.625,17.625,17.625,18.375,17.625,11,9,3,4,0,0
2023-11-10,0.0000,0.0000,16.0,11.0,13.0,74.625,1.0,3.0,18.875,1023.875,28.625,8.875,100.0,13.25,11.75,27.875,11.75,11,10,4,4,0,0
2023-11-11,0.0000,0.0000,12.0,7.0,9.0,76.625,1.0,2.0,19.0,1028.375,55.25,7.0,100.0,9.5,6.75,25.625,6.75,11,11,5,4,1,0
2023-11-12,0.0000,0.0000,13.0,7.0,9.0,64.125,11.0,2.0,21.625,1033.625,15.625,10.0,55.5,9.0,6.0,29.375,6.0,11,12,6,4,1,0
2023-11-13,0.0000,0.0000,11.0,8.0,9.0,51.0,8.0,3.0,10.125,1033.5,70.5,10.0,40.125,9.125,7.875,16.5,7.875,11,13,0,4,0,0
2023-11-14,0.0000,0.0000,15.0,7.0,11.0,48.75,11.0,4.0,3.0,1028.25,107.375,10.0,8.125,10.0,9.875,6.75,9.875,11,14,1,4,0,0
2023-11-15,0.0000,0.0000,14.0,10.0,11.0,58.625,2.0,4.0,10.125,1027.375,131.125,8.875,74.125,10.625,9.375,15.625,9.375,11,15,2,4,0,0
2023-11-16,0.0000,0.0000,15.0,10.0,12.0,50.0,11.0,3.0,14.875,1032.875,311.25,10.0,10.125,11.5,10.375,22.625,10.375,11,16,3,4,0,0
2023-11-17,0.0000,0.0000,17.0,8.0,12.0,45.375,11.0,4.0,10.125,1029.375,199.125,10.0,0.75,11.125,10.25,17.25,10.25,11,17,4,4,0,0
2023-11-18,0.0000,0.0000,18.0,11.0,14.0,43.875,5.0,4.0,5.375,1026.5,135.0,10.0,47.25,12.875,12.625,11.0,12.625,11,18,5,4,1,0
2023-11-19,0.0000,0.0000,21.0,12.0,16.0,47.875,11.0,5.0,6.875,1021.5,174.625,10.0,3.25,14.875,14.5,12.125,14.5,11,19,6,4,1,0
2023-11-20,0.0000,0.0000,22.0,13.0,17.0,48.375,11.0,5.0,8.375,1020.625,105.5,10.0,0.5,15.5,15.0,14.25,15.0,11,20,0,4,0,0
2023-11-21,0.0000,0.0000,23.0,14.0,18.0,52.375,11.0,5.0,7.875,1016.75,131.375,10.0,0.0,16.625,16.25,14.375,16.375,11,21,1,4,0,0
2023-11-22,0.0000,0.0000,21.0,16.0,18.0,52.625,11.0,5.0,3.625,1016.375,155.5,10.0,24.625,17.125,16.875,8.125,16.875,11,22,2,4,0,0
2023-11-23,0.0000,0.0000,18.0,11.0,15.0,41.375,11.0,5.0,18.875,1022.375,20.5,10.0,5.625,14.875,14.375,26.625,14.375,11,23,3,4,0,0
2023-11-24,0.0000,0.0000,15.0,8.0,11.0,32.25,11.0,4.0,13.375,1027.625,43.375,10.0,11.0,10.875,9.25,20.125,9.25,11,24,4,4,0,0
2023-11-25,0.0000,0.0000,15.0,8.0,11.0,45.5,9.0,4.0,12.25,1025.875,123.75,10.0,56.0,10.0,8.25,17.75,8.25,11,25,5,4,1,0
2023-11-26,0.0000,0.0000,16.0,7.0,12.0,53.875,11.0,4.0,7.5,1024.5,292.125,10.0,19.5,10.125,9.375,12.75,9.375,11,26,6,4,1,0
2023-11-27,0.0000,0.0000,19.0,10.0,14.0,49.875,11.0,4.0,5.75,1022.375,211.25,10.0,0.0,12.25,12.0,8.75,12.0,11,27,0,4,0,0
2023-11-28,0.0000,0.0000,20.0,10.0,15.0,40.75,11.0,4.0,12.25,1022.25,83.875,10.0,3.125,13.0,12.125,18.0,12.125,11,28,1,4,0,0
2023-11-29,0.0000,0.0000,17.0,11.0,14.0,45.0,10.0,3.0,19.125,1022.875,47.125,10.0,46.625,13.125,11.875,28.0,11.875,11,29,2,4,0,0
2023-11-30,0.0000,0.0000,10.0,7.0,8.0,33.0,4.0,2.0,18.125,1032.125,58.625,10.0,79.125,8.375,5.375,25.75,5.375,11,30,3,4,0,0
2023-12-01,0.0000,0.0000,11.0,4.0,8.0,24.75,6.0,3.0,8.875,1032.625,144.875,10.0,34.625,7.125,5.625,12.875,5.625,12,1,4,1,0,0
2023-12-02,0.0000,0.0000,14.0,6.0,10.0,23.25,10.0,3.0,4.125,1027.625,67.375,10.0,32.875,9.125,8.625,7.625,8.625,12,2,5,1,1,0
2023-12-03,0.0000,0.0000,14.0,8.0,11.0,26.625,9.0,4.0,5.25,1026.25,78.375,10.0,44.5,10.625,10.125,10.375,10.125,12,3,6,1,1,0
2023-12-04,0.0000,0.0000,15.0,8.0,12.0,33.875,10.0,4.0,7.625,1021.5,233.875,10.0,18.625,11.0,10.375,13.5,10.375,12,4,0,1,0,0
2023-12-05,0.0000,0.0000,18.0,9.0,13.0,35.75,9.0,4.0,5.75,1018.625,142.75,10.0,15.625,11.875,11.625,11.625,11.625,12,5,1,1,0,0
2023-12-06,0.0000,0.0000,18.0,12.0,15.0,37.625,10.0,4.0,8.25,1022.0,244.5,10.0,19.25,13.375,13.0,14.75,13.0,12,6,2,1,0,0
2023-12-07,281.8000,281.8000,23.0,11.0,16.0,27.25,10.0,5.0,11.5,1017.0,187.75,10.0,0.0,14.875,14.25,21.0,14.375,12,7,3,1,0,0
2023-12-08,0.0000,0.0000,24.0,13.0,18.0,33.5,10.0,5.0,11.375,1012.375,161.125,10.0,22.125,16.5,16.125,18.375,16.125,12,8,4,1,0,0
2023-12-09,0.0000,0.0000,21.0,17.0,19.0,48.75,6.0,5.0,9.25,1013.125,150.875,10.0,60.625,18.75,18.125,16.5,18.125,12,9,5,1,1,0
2023-12-10,0.0000,0.0000,17.0,10.0,14.0,75.625,1.0,3.0,16.125,1014.75,45.25,7.0,96.625,14.5,13.375,23.75,13.375,12,10,6,1,1,0
2023-12-11,942.5000,942.5000,10.0,4.0,5.0,76.125,1.0,2.0,22.25,1023.125,137.25,5.875,100.0,5.75,1.875,32.375,1.875,12,11,0,1,0,0
2023-12-12,0.0000,0.0000,10.0,4.0,7.0,66.375,10.0,2.0,10.75,1026.25,38.75,10.0,40.375,5.875,3.5,15.125,3.5,12,12,1,1,0,0
2023-12-13,0.0000,0.0000,10.0,8.0,9.0,78.25,1.0,3.0,11.5,1020.5,96.375,7.0,86.25,9.0,7.5,17.125,7.5,12,13,2,1,0,0
2023-12-14,0.0000,0.0000,10.0,6.0,9.0,83.625,1.0,2.0,14.5,1017.75,67.0,8.875,100.0,8.5,6.125,20.5,6.125,12,14,3,1,0,0
2023-12-15,16.6000,16.6000,4.0,-0.0,2.0,80.375,2.0,1.0,24.75,1028.25,48.0,6.0,93.75,1.75,-3.625,37.75,-3.625,12,15,4,1,0,0
2023-12-16,22.6000,22.6000,2.0,-1.0,0.0,53.25,10.0,2.0,18.0,1039.125,59.375,10.0,23.625,0.5,-4.5,26.25,-4.5,12,16,5,1,1,0
2023-12-17,1092.4000,1092.4000,4.0,-1.0,2.0,48.0,10.0,2.0,12.625,1035.75,50.25,10.0,57.375,1.5,-2.0,17.875,-2.0,12,17,6,1,1,0
2023-12-18,0.0000,0.0000,2.0,-0.0,1.0,88.375,1.0,1.0,11.375,1032.25,101.375,5.125,90.5,0.75,-2.5,15.625,-2.5,12,18,0,1,0,0
2023-12-19,0.0000,0.0000,6.0,-1.0,2.0,69.625,10.0,2.0,8.75,1033.5,178.875,10.0,11.5,1.75,-1.0,12.375,-1.0,12,19,1,1,0,0
2023-12-20,0.0000,0.0000,5.0,-0.0,2.0,57.125,10.0,2.0,15.5,1036.375,20.75,10.0,10.625,1.75,-2.125,21.75,-2.125,12,20,2,1,0,0
2023-12-21,11.1000,11.1000,3.0,-1.0,0.0,34.875,10.0,2.0,18.375,1040.625,21.5,10.0,10.375,0.0,-5.0,26.875,-5.0,12,21,3,1,0,0
2023-12-22,2152.7000,2152.7000,3.0,-2.0,0.0,34.125,10.0,2.0,11.375,1041.5,36.375,10.0,12.875,-0.625,-4.5,15.75,-4.5,12,22,4,1,0,0
2023-12-23,1871.8000,1871.8000,6.0,-0.0,3.0,33.625,10.0,1.0,4.0,1037.125,208.5,10.0,28.125,2.625,1.75,6.5,1.75,12,23,5,1,1,0
2023-12-24,600.7000,600.7000,9.0,2.0,5.0,38.75,10.0,2.0,4.375,1037.25,214.625,10.0,11.625,4.0,3.25,8.0,3.25,12,24,6,1,1,0
2023-12-25,856.8000,856.8000,11.0,3.0,7.0,43.875,10.0,3.0,5.75,1031.25,135.0,10.0,13.5,5.5,4.625,10.5,4.625,12,25,0,1,0,0
2023-12-26,1285.5000,1285.5000,13.0,6.0,9.0,51.25,10.0,3.0,5.0,1027.375,127.0,10.0,33.0,7.75,7.375,10.875,7.375,12,26,1,1,0,0
2023-12-27,2.1000,2.1000,12.0,4.0,8.0,52.25,10.0,3.0,11.0,1028.75,32.625,10.0,3.125,6.75,4.5,16.5,4.5,12,27,2,1,0,0
2023-12-28,0.0000,0.0000,13.0,5.0,9.0,59.125,10.0,3.0,9.5,1027.25,35.25,10.0,10.25,7.25,5.625,15.125,5.625,12,28,3,1,0,0
2023-12-29,0.0000,0.0000,13.0,7.0,10.0,61.75,10.0,3.0,8.25,1024.25,136.625,9.0,49.125,9.125,7.75,13.75,7.75,12,29,4,1,0,0
2023-12-30,0.0000,0.0000,17.0,9.0,12.0,67.5,10.0,3.0,7.25,1019.75,230.0,9.0,29.125,10.125,9.25,10.5,9.25,12,30,5,1,1,0
2023-12-31,0.0000,0.0000,15.0,8.0,11.0,49.75,10.0,4.0,15.375,1024.75,34.25,10.0,12.125,9.25,7.125,23.125,7.125,12,31,6,1,1,0
2024-01-01,0.0000,0.0000,12.0,6.0,9.0,51.625,10.0,3.0,10.0,1025.875,35.0,10.0,39.0,7.5,5.75,15.5,5.75,1,1,0,1,0,1
2024-01-02,0.0000,0.0000,9.0,6.0,7.0,78.5,1.0,3.0,7.125,1024.875,243.375,7.875,66.125,6.25,4.875,11.75,4.875,1,2,1,1,0,0
2024-01-03,0.0000,0.0000,12.0,4.0,8.0,61.0,8.0,3.0,5.0,1028.0,224.375,10.0,16.875,5.875,4.875,9.875,4.875,1,3,2,1,0,0
2024-01-04,0.0000,0.0000,14.0,6.0,10.0,51.0,10.0,3.0,7.625,1021.875,137.625,10.0,20.625,7.5,6.0,15.375,6.0,1,4,3,1,0,0
2024-01-05,0.0000,0.0000,15.0,8.0,11.0,50.25,10.0,4.0,6.125,1022.375,92.625,10.0,24.125,9.375,8.75,10.25,8.75,1,5,4,1,0,0
2024-01-06,0.0000,0.0000,15.0,8.0,10.0,44.625,10.0,4.0,10.125,1025.375,24.5,10.0,25.25,9.125,7.875,17.375,7.875,1,6,5,1,1,0
2024-01-07,0.0000,0.0000,13.0,6.0,9.0,52.875,10.0,3.0,12.25,1026.75,39.875,10.0,44.875,9.0,6.875,19.625,6.875,1,7,6,1,1,0
2024-01-08,0.0000,0.0000,12.0,8.0,10.0,58.125,8.0,2.0,6.25,1023.125,84.5,10.0,66.375,8.625,7.75,9.625,7.75,1,8,0,1,0,0
2024-01-09,0.0000,0.0000,15.0,7.0,11.0,62.875,10.0,4.0,6.75,1021.875,192.5,10.0,11.875,9.25,8.625,11.25,8.625,1,9,1,1,0,0
2024-01-10,0.0000,0.0000,12.0,5.0,9.0,44.125,10.0,3.0,11.5,1027.25,31.5,10.0,2.25,7.375,5.0,18.75,5.0,1,10,2,1,0,0
2024-01-11,0.0000,0.0000,16.0,7.0,11.0,51.5,10.0,4.0,8.375,1021.875,164.625,10.0,11.375,9.25,8.375,13.75,8.375,1,11,3,1,0,0
2024-01-12,0.0000,0.0000,18.0,9.0,13.0,52.5,10.0,4.0,6.25,1019.875,167.25,10.0,0.375,11.125,10.625,11.5,10.625,1,12,4,1,0,0
2024-01-13,0.0000,0.0000,20.0,10.0,15.0,52.0,10.0,4.0,9.625,1019.625,108.625,10.0,2.75,12.75,11.875,16.25,11.875,1,13,5,1,1,0
2024-01-14,0.0000,0.0000,14.0,9.0,13.0,56.375,1.0,4.0,14.25,1022.5,49.75,10.0,70.5,12.125,10.5,23.625,10.5,1,14,6,1,1,0
2024-01-15,0.0000,0.0000,12.0,6.0,9.0,63.375,1.0,3.0,14.0,1027.625,31.375,10.0,71.25,9.0,6.75,21.25,6.75,1,15,0,1,0,0
2024-01-16,0.0000,0.0000,9.0,6.0,7.0,69.75,1.0,2.0,10.875,1025.625,21.0,9.0,87.25,6.625,4.625,15.5,4.625,1,16,1,1,0,0
2024-01-17,1591.9000,1591.9000,7.0,5.0,6.0,89.125,1.0,2.0,8.0,1023.25,255.75,8.5,93.375,5.625,4.25,14.25,4.25,1,17,2,1,0,0
2024-01-18,1493.8000,1493.8000,7.0,5.0,6.0,90.625,1.0,2.0,14.75,1022.25,16.0,6.75,100.0,5.875,3.0,20.0,3.0,1,18,3,1,0,0
2024-01-19,3262.1000,3262.1000,5.0,2.0,4.0,88.125,1.0,1.0,16.625,1024.375,6.125,6.0,100.0,4.5,0.75,23.375,0.75,1,19,4,1,0,0
2024-01-20,3469.1000,3469.1000,8.0,3.0,5.0,71.25,8.0,1.0,15.75,1028.125,99.5,10.0,74.375,4.0,0.75,22.75,0.75,1,20,5,1,1,0
2024-01-21,1274.6000,1274.6000,6.0,1.0,3.0,61.125,6.0,2.0,19.875,1032.625,14.75,9.375,54.125,2.875,-1.375,29.0,-1.375,1,21,6,1,1,0
2024-01-22,3324.3000,3324.3000,2.0,-1.0,1.0,47.375,2.0,1.0,23.0,1040.125,21.0,10.0,60.125,0.75,-4.625,34.125,-4.625,1,22,0,1,0,0
2024-01-23,3524.4000,3524.4000,3.0,-2.0,-0.0,29.5,10.0,2.0,14.75,1039.875,22.0,10.0,5.125,-1.5,-6.25,21.625,-6.25,1,23,1,1,0,0
2024-01-24,3032.3000,3032.3000,5.0,-1.0,2.0,31.625,10.0,2.0,6.875,1036.5,93.375,10.0,22.875,0.625,-1.5,10.125,-1.5,1,24,2,1,0,0
2024-01-25,3563.1000,3563.1000,8.0,1.0,4.0,36.875,10.0,2.0,4.875,1034.0,285.25,10.0,22.5,2.875,1.875,7.75,1.875,1,25,3,1,0,0
2024-01-26,3147.9000,3147.9000,9.0,2.0,5.0,36.75,10.0,3.0,4.625,1032.875,68.25,10.0,44.5,4.625,3.625,7.375,3.625,1,26,4,1,0,0
2024-01-27,1654.3000,1654.3000,10.0,3.0,7.0,38.625,9.0,3.0,7.375,1032.125,62.625,10.0,32.875,5.625,3.875,11.125,3.875,1,27,5,1,1,0
2024-01-28,818.9000,818.9000,11.0,3.0,7.0,39.75,10.0,3.0,6.0,1031.125,82.75,10.0,11.375,6.0,5.0,10.5,5.0,1,28,6,1,1,0
2024-01-29,714.7000,714.7000,11.0,7.0,9.0,50.625,5.0,3.0,5.25,1026.125,136.125,10.0,70.875,8.125,7.625,9.875,7.625,1,29,0,1,0,0
2024-01-30,852.3000,852.3000,10.0,8.0,9.0,77.75,1.0,2.0,6.5,1022.625,83.625,9.0,91.875,8.25,7.25,10.375,7.25,1,30,1,1,0,0
2024-01-31,1611.0000,1611.0000,10.0,8.0,9.0,88.5,1.0,2.0,7.5,1020.0,106.875,5.875,100.0,9.25,8.125,11.5,8.125,1,31,2,1,0,0
2024-02-01,1301.6000,1301.6000,8.0,0.0,5.0,86.75,1.0,1.0,20.75,1023.75,52.625,6.625,100.0,4.875,0.75,32.125,0.75,2,1,3,1,0,0
2024-02-02,3545.9000,3545.9000,1.0,-1.0,0.0,93.375,1.0,1.0,13.25,1026.25,139.25,3.5,100.0,0.25,-3.875,22.0,-3.875,2,2,4,1,0,0
2024-02-03,3316.7000,3316.7000,-0.0,-2.0,-1.0,95.5,1.0,1.0,13.875,1028.125,223.75,4.875,100.0,-1.0,-5.625,23.125,-5.625,2,3,5,1,1,0
2024-02-04,2121.3000,2121.3000,-0.0,-7.0,-2.0,97.25,1.0,1.0,11.5,1026.875,213.625,5.75,92.0,-1.375,-5.25,19.375,-5.25,2,4,6,1,1,0
2024-02-05,2429.6000,2429.6000,-1.0,-7.0,-3.0,93.875,3.0,2.0,8.625,1030.0,183.625,6.375,70.625,-3.625,-7.125,15.25,-7.125,2,5,0,1,0,0
2024-02-06,2649.3000,2649.3000,0.0,-2.0,-1.0,97.375,1.0,1.0,10.25,1029.0,57.25,5.375,99.125,-1.0,-4.5,15.25,-4.5,2,6,1,1,0,0
2024-02-07,3057.2000,3057.2000,3.0,-1.0,1.0,92.125,1.0,1.0,11.125,1028.75,63.625,7.375,95.0,0.875,-2.625,16.125,-2.625,2,7,2,1,0,0
2024-02-08,2297.7000,2297.7000,7.0,-0.0,3.0,71.625,10.0,1.0,5.0,1027.625,76.25,10.0,56.375,2.125,0.75,9.125,0.75,2,8,3,1,0,0
2024-02-09,0.0000,0.0000,11.0,2.0,6.0,69.125,8.0,3.0,8.0,1029.0,230.625,10.0,52.0,4.75,3.0,13.75,3.0,2,9,4,1,0,0
2024-02-10,0.0000,0.0000,15.0,5.0,10.0,64.125,11.0,2.0,9.75,1028.375,223.375,10.0,14.75,7.875,6.25,17.5,6.25,2,10,5,1,1,1
2024-02-11,0.0000,0.0000,16.0,7.0,11.0,64.0,11.0,4.0,6.875,1029.625,155.625,10.0,0.0,9.125,8.5,10.875,8.5,2,11,6,1,1,1
2024-02-12,0.0000,0.0000,18.0,8.0,13.0,58.25,11.0,4.0,11.125,1023.5,140.875,10.0,15.0,11.75,10.625,19.875,10.625,2,12,0,1,0,1
2024-02-13,0.0000,0.0000,22.0,13.0,16.0,60.375,9.0,4.0,13.5,1019.375,161.0,9.875,62.125,15.375,14.5,20.875,14.5,2,13,1,1,0,1
2024-02-14,0.0000,0.0000,23.0,14.0,18.0,71.25,8.0,4.0,9.5,1017.625,187.5,9.875,67.75,17.25,16.5,16.625,16.75,2,14,2,1,0,1
2024-02-15,0.0000,0.0000,13.0,10.0,11.0,65.375,7.0,3.0,27.25,1026.5,100.875,9.625,79.25,10.625,7.375,39.375,7.375,2,15,3,1,0,1
2024-02-16,0.0000,0.0000,15.0,7.0,11.0,69.25,11.0,3.0,9.875,1023.75,135.625,10.0,38.75,9.625,7.875,16.0,7.875,2,16,4,1,0,1
2024-02-17,0.0000,0.0000,19.0,9.0,14.0,75.625,6.0,4.0,13.625,1011.875,142.5,10.0,60.625,12.75,11.875,20.5,11.875,2,17,5,1,1,0
2024-02-18,0.0000,0.0000,26.0,16.0,20.0,75.0,7.0,4.0,16.875,1006.125,194.75,8.75,64.375,19.375,18.625,28.5,19.125,2,18,6,1,1,0
2024-02-19,0.0000,0.0000,17.0,10.0,13.0,71.625,1.0,3.0,19.375,1013.5,18.0,9.875,93.625,13.375,11.875,29.875,11.875,2,19,0,1,0,0
2024-02-20,0.0000,0.0000,8.0,1.0,5.0,85.875,1.0,1.0,18.25,1017.25,55.625,7.625,100.0,5.25,1.75,27.5,1.75,2,20,1,1,0,0
2024-02-21,1212.8000,1212.8000,2.0,-4.0,-1.0,85.625,1.0,1.0,24.375,1022.75,93.25,7.5,100.0,-0.625,-6.625,39.25,-6.625,2,21,2,1,0,0
2024-02-22,3677.3000,3677.3000,-3.0,-4.0,-4.0,91.375,1.0,1.0,20.375,1032.125,92.5,8.25,100.0,-3.375,-9.375,30.75,-9.375,2,22,3,1,0,0
2024-02-23,2745.2000,2745.2000,-1.0,-4.0,-3.0,94.375,1.0,1.0,14.375,1033.875,53.625,8.0,99.5,-2.0,-6.875,22.75,-6.875,2,23,4,1,0,0
2024-02-24,1504.6000,1504.6000,-1.0,-3.0,-2.0,96.125,1.0,1.0,9.125,1032.375,343.125,7.625,98.625,-1.75,-4.875,15.125,-4.875,2,24,5,1,1,0
2024-02-25,1983.5000,1983.5000,5.0,-2.0,2.0,73.0,6.0,2.0,5.5,1031.375,173.875,10.0,72.375,1.5,-0.125,9.5,-0.125,2,25,6,1,1,0
2024-02-26,700.6000,700.6000,4.0,2.0,3.0,79.75,1.0,1.0,6.75,1031.0,57.875,9.625,92.875,3.5,2.125,9.25,2.125,2,26,0,1,0,0
2024-02-27,0.8000,0.8000,9.0,3.0,6.0,71.125,5.0,2.0,5.625,1028.625,251.75,10.0,80.5,5.0,3.875,9.125,3.875,2,27,1,1,0,0
2024-02-28,0.0000,0.0000,8.0,5.0,6.0,87.0,1.0,2.0,8.875,1024.875,34.375,5.0,100.0,6.125,4.25,12.75,4.25,2,28,2,1,0,0
2024-02-29,0.0000,0.0000,11.0,5.0,8.0,64.75,4.0,2.0,18.875,1027.875,19.0,8.875,80.25,7.0,3.875,27.375,3.875,2,29,3,1,0,0
2024-03-01,0.0000,0.0000,8.0,3.0,5.0,73.375,2.0,3.0,11.375,1030.75,38.125,10.0,69.625,5.125,2.5,16.625,2.5,3,1,4,2,0,0
2024-03-02,0.0000,0.0000,12.0,5.0,8.0,65.25,10.0,2.0,7.5,1025.5,193.875,10.0,42.25,7.125,6.0,12.5,6.0,3,2,5,2,1,0
2024-03-03,0.0000,0.0000,15.0,6.0,10.0,65.0,9.0,4.0,8.875,1016.875,142.875,10.0,34.25,9.5,8.375,15.0,8.375,3,3,6,2,1,0
2024-03-04,0.0000,0.0000,12.0,10.0,11.0,86.625,1.0,3.0,10.75,1009.875,76.625,7.0,99.875,10.625,9.375,15.875,9.375,3,4,0,2,0,0
2024-03-05,0.0000,0.0000,11.0,9.0,10.0,82.0,1.0,2.0,14.625,1013.625,180.875,9.0,98.875,10.125,8.125,25.375,8.125,3,5,1,2,0,0
2024-03-06,0.0000,0.0000,13.0,8.0,10.0,71.875,2.0,3.0,18.625,1020.875,18.25,10.0,87.5,10.0,7.625,25.875,7.625,3,6,2,2,0,0
2024-03-07,0.0000,0.0000,16.0,6.0,11.0,63.875,12.0,4.0,8.625,1023.375,101.375,10.0,31.25,10.0,9.0,13.125,9.0,3,7,3,2,0,0
2024-03-08,0.0000,0.0000,16.0,7.0,11.0,32.875,11.0,4.0,10.0,1024.5,67.5,10.0,35.5,11.125,10.0,15.5,10.0,3,8,4,2,0,0
2024-03-09,0.0000,0.0000,17.0,8.0,12.0,44.75,8.0,4.0,10.875,1023.875,93.875,10.0,40.25,11.375,10.375,16.625,10.375,3,9,5,2,1,0
2024-03-10,0.0000,0.0000,16.0,9.0,12.0,64.25,7.0,4.0,6.875,1023.75,216.125,10.0,48.5,11.5,11.0,11.25,11.0,3,10,6,2,1,0
2024-03-11,0.0000,0.0000,21.0,11.0,16.0,58.75,12.0,5.0,11.875,1021.5,249.875,10.0,13.5,15.25,14.125,18.75,14.125,3,11,0,2,0,0
2024-03-12,0.0000,0.0000,20.0,12.0,16.0,46.125,12.0,5.0,12.5,1021.625,74.875,10.0,12.5,15.375,15.0,19.375,15.0,3,12,1,2,0,0
2024-03-13,0.0000,0.0000,18.0,14.0,15.0,63.0,6.0,4.0,10.75,1019.875,159.5,8.0,77.25,15.0,14.625,16.875,14.625,3,13,2,2,0,0
2024-03-14,0.0000,0.0000,19.0,13.0,16.0,74.75,4.0,4.0,5.25,1019.75,148.5,10.0,80.125,15.25,15.25,9.375,15.25,3,14,3,2,0,0
2024-03-15,0.0000,0.0000,19.0,13.0,16.0,76.5,9.0,5.0,12.875,1018.0,116.625,10.0,51.0,16.0,15.75,20.375,15.75,3,15,4,2,0,0
2024-03-16,0.0000,0.0000,20.0,16.0,18.0,74.75,4.0,4.0,4.375,1017.875,208.875,10.0,82.75,17.125,17.375,6.75,17.375,3,16,5,2,1,0
2024-03-17,0.0000,0.0000,17.0,12.0,15.0,83.0,1.0,4.0,14.625,1018.875,61.5,6.0,100.0,15.375,14.75,21.0,14.75,3,17,6,2,1,0
2024-03-18,0.0000,0.0000,12.0,8.0,9.0,80.625,1.0,2.0,16.125,1023.25,101.25,7.75,82.375,9.5,7.625,22.625,7.625,3,18,0,2,0,0
2024-03-19,0.0000,0.0000,18.0,6.0,12.0,56.0,12.0,4.0,7.375,1027.75,198.25,10.0,19.625,11.375,10.75,12.875,10.75,3,19,1,2,0,0
2024-03-20,0.0000,0.0000,21.0,11.0,16.0,41.125,11.0,5.0,4.75,1026.125,159.5,10.0,10.25,14.5,14.5,10.25,14.5,3,20,2,2,0,0
2024-03-21,0.0000,0.0000,22.0,13.0,17.0,49.375,12.0,5.0,14.875,1013.75,162.75,10.0,18.0,16.5,16.125,22.875,16.125,3,21,3,2,0,0
2024-03-22,284.8000,284.8000,26.0,13.0,20.0,64.25,9.0,5.0,15.875,1005.375,158.125,10.0,39.0,20.375,19.25,23.375,20.125,3,22,4,2,0,0
2024-03-23,0.0000,0.0000,26.0,20.0,22.0,76.875,5.0,5.0,12.75,1005.25,142.0,9.625,93.625,22.5,21.375,22.875,22.125,3,23,5,2,1,0
2024-03-24,0.0000,0.0000,18.0,15.0,16.0,84.0,1.0,4.0,11.75,1010.25,59.875,9.0,99.5,17.0,17.0,17.125,17.0,3,24,6,2,1,0
2024-03-25,0.0000,0.0000,17.0,9.0,11.0,84.0,3.0,3.0,20.375,1017.625,217.875,7.875,80.375,11.5,9.375,31.0,9.375,3,25,0,2,0,0
2024-03-26,0.0000,0.0000,18.0,8.0,13.0,69.25,11.0,4.0,8.0,1023.25,58.875,10.0,28.25,12.375,12.0,12.375,12.0,3,26,1,2,0,0
2024-03-27,0.0000,0.0000,17.0,14.0,15.0,78.5,5.0,5.0,7.875,1016.875,74.875,9.0,68.125,14.875,14.5,13.375,14.5,3,27,2,2,0,0
2024-03-28,0.0000,0.0000,24.0,13.0,18.0,69.125,8.0,4.0,7.875,1014.875,265.0,10.0,47.5,17.75,17.375,15.25,17.375,3,28,3,2,0,0
2024-03-29,0.0000,0.0000,28.0,16.0,22.0,57.625,12.0,6.0,16.125,1010.5,194.125,10.0,13.625,22.0,21.375,26.75,22.0,3,29,4,2,0,0
2024-03-30,0.0000,0.0000,29.0,19.0,24.0,53.75,11.0,5.0,10.375,1009.125,156.5,10.0,47.375,23.375,22.625,17.625,23.0,3,30,5,2,1,0
2024-03-31,1321.0000,1321.0000,28.0,19.0,24.0,67.375,12.0,5.0,9.5,1009.125,80.5,10.0,37.0,24.25,23.125,15.875,24.25,3,31,6,2,1,0
2024-04-01,748.2000,748.2000,25.0,19.0,22.0,70.5,7.0,6.0,15.75,1007.25,117.25,10.0,48.25,23.0,21.5,24.25,21.875,4,1,0,2,0,0
2024-04-02,608.9000,608.9000,24.0,19.0,22.0,89.125,3.0,5.0,10.25,1002.125,142.0,8.0,86.5,22.75,21.125,17.125,22.0,4,2,1,2,0,0
2024-04-03,0.0000,0.0000,21.0,15.0,18.0,75.75,10.0,4.0,20.375,1010.875,142.625,9.0,71.0,17.25,17.0,29.25,17.0,4,3,2,2,0,0
2024-04-04,0.0000,0.0000,16.0,12.0,13.0,82.75,1.0,3.0,18.125,1016.5,69.125,6.875,100.0,14.125,13.0,26.75,13.0,4,4,3,2,0,1
2024-04-05,0.0000,0.0000,17.0,12.0,14.0,83.5,1.0,3.0,8.125,1018.375,120.125,8.875,95.0,13.875,13.5,13.5,13.5,4,5,4,2,0,1
2024-04-06,0.0000,0.0000,17.0,13.0,15.0,84.125,3.0,4.0,5.25,1018.125,129.625,9.375,88.125,15.25,15.125,8.75,15.125,4,6,5,2,1,0
2024-04-07,0.0000,0.0000,18.0,14.0,16.0,80.5,4.0,4.0,4.75,1015.25,83.625,10.0,85.125,15.75,16.0,7.875,16.0,4,7,6,2,1,0
2024-04-08,0.0000,0.0000,19.0,13.0,17.0,75.75,2.0,5.0,10.0,1017.125,170.25,10.0,70.25,16.5,16.5,16.125,16.5,4,8,0,2,0,0
2024-04-09,0.0000,0.0000,23.0,14.0,19.0,69.75,8.0,5.0,12.5,1019.875,89.75,10.0,35.875,19.25,18.5,19.625,18.75,4,9,1,2,0,0
2024-04-10,0.0000,0.0000,21.0,17.0,19.0,74.0,4.0,5.0,8.625,1017.25,169.0,9.0,83.125,19.375,19.0,12.75,19.0,4,10,2,2,0,0
2024-04-11,0.0000,0.0000,20.0,16.0,18.0,85.875,6.0,4.0,5.75,1016.375,263.25,6.375,87.75,18.125,18.125,8.875,18.125,4,11,3,2,0,0
2024-04-12,0.0000,0.0000,27.0,16.0,21.0,71.125,11.0,5.0,5.25,1013.375,224.5,10.0,44.75,21.0,20.5,9.0,21.0,4,12,4,2,0,0
2024-04-13,884.2000,884.2000,27.0,19.0,23.0,71.875,7.0,6.0,16.25,1009.875,118.0,9.875,58.125,22.75,21.375,24.875,22.125,4,13,5,2,1,0
2024-04-14,1349.6000,1349.6000,28.0,20.0,24.0,80.5,4.0,6.0,8.375,1008.0,184.0,9.625,75.875,24.5,23.0,14.875,24.5,4,14,6,2,1,0
2024-04-15,0.0000,0.0000,31.0,20.0,25.0,76.0,9.0,7.0,9.25,1009.5,91.375,9.375,37.25,25.875,24.25,15.75,25.875,4,15,0,2,0,0
2024-04-16,596.9000,596.9000,23.0,21.0,21.0,88.75,6.0,5.0,9.5,1009.75,68.0,7.5,78.75,24.0,21.375,16.75,22.5,4,16,1,2,0,0
2024-04-17,0.0000,0.0000,21.0,18.0,19.0,90.25,2.0,5.0,10.0,1010.375,163.75,8.875,75.25,19.875,19.5,19.125,19.5,4,17,2,2,0,0
2024-04-18,916.7000,916.7000,26.0,17.0,21.0,76.75,10.0,6.0,10.0,1010.25,82.375,10.0,47.0,21.5,20.875,17.25,21.25,4,18,3,2,0,0
2024-04-19,0.0000,0.0000,22.0,17.0,20.0,85.875,2.0,5.0,13.5,1004.125,178.875,9.5,80.375,20.125,19.875,20.25,19.875,4,19,4,2,0,0
2024-04-20,1073.2000,1073.2000,23.0,16.0,19.0,70.625,11.0,4.0,9.625,1008.125,177.875,10.0,43.0,20.375,19.375,14.875,20.375,4,20,5,2,1,0
2024-04-21,593.8000,593.8000,23.0,17.0,20.0,72.625,12.0,5.0,9.125,1010.0,84.375,10.0,44.5,21.125,20.125,14.125,20.75,4,21,6,2,1,0
2024-04-22,0.0000,0.0000,28.0,18.0,23.0,65.625,12.0,6.0,6.25,1009.125,154.5,10.0,37.375,23.375,22.375,9.5,23.0,4,22,0,2,0,0
2024-04-23,1086.5000,1086.5000,26.0,18.0,22.0,64.875,8.0,5.0,10.875,1010.5,282.875,8.75,53.5,22.0,21.625,18.0,22.0,4,23,1,2,0,0
2024-04-24,1214.6000,1214.6000,28.0,17.0,22.0,39.875,13.0,6.0,8.875,1010.125,114.625,10.0,25.5,22.125,21.75,15.375,21.5,4,24,2,2,0,0
2024-04-25,2712.6000,2712.6000,22.0,19.0,21.0,73.375,4.0,5.0,6.625,1006.75,74.625,9.375,67.125,21.75,21.0,10.375,21.75,4,25,3,2,0,0
2024-04-26,1596.3000,1596.3000,30.0,20.0,25.0,59.625,12.0,6.0,4.625,1004.5,151.875,10.0,30.875,24.75,24.125,8.625,24.75,4,26,4,2,0,0
2024-04-27,1955.9000,1955.9000,31.0,21.0,26.0,58.75,11.0,7.0,11.0,1005.25,119.875,10.0,23.0,27.375,25.75,17.125,26.75,4,27,5,2,1,0
2024-04-28,789.2700,789.2700,27.0,20.0,23.0,73.75,6.0,5.0,11.25,1006.0,39.75,9.875,62.5,25.0,23.25,19.375,24.625,4,28,6,2,1,0
2024-04-29,0.0000,0.0000,28.0,18.0,23.0,70.875,10.0,6.0,12.625,1008.25,39.25,9.875,48.25,23.0,21.875,20.5,22.375,4,29,0,2,0,0
2024-04-30,0.0000,0.0000,22.0,13.0,16.0,85.0,1.0,4.0,24.0,1008.875,21.625,8.5,99.0,15.75,14.75,35.375,14.75,4,30,1,2,0,0
2024-05-01,0.0000,0.0000,21.0,11.0,16.0,73.0,5.0,5.0,10.125,1014.875,55.5,10.0,69.625,15.625,15.0,13.5,15.0,5,1,2,2,0,1
2024-05-02,1338.6800,1338.6800,22.0,16.0,19.0,60.875,14.0,4.0,10.25,1015.25,114.75,10.0,49.375,19.375,18.75,14.125,18.75,5,2,3,2,0,1
2024-05-03,1054.7000,1054.7000,20.0,16.0,18.0,75.125,2.0,4.0,10.5,1014.5,80.375,8.375,86.25,17.875,17.875,15.5,17.875,5,3,4,2,0,1
2024-05-04,0.0000,0.0000,18.0,15.0,16.0,90.25,1.0,4.0,7.75,1011.25,144.375,8.75,100.0,16.625,16.625,14.5,16.625,5,4,5,2,1,0
2024-05-05,834.8700,834.8700,24.0,14.0,18.0,75.125,11.0,4.0,7.5,1011.0,244.25,10.0,46.0,18.5,18.125,12.25,18.625,5,5,6,2,1,0
2024-05-06,1666.0600,1666.0600,29.0,18.0,23.0,67.5,10.0,6.0,8.875,1012.25,172.875,10.0,24.0,23.25,22.375,14.625,23.0,5,6,0,2,0,0
2024-05-07,1492.1300,1492.1300,29.0,20.0,24.0,67.625,13.0,6.0,8.625,1014.875,107.875,9.875,33.875,25.125,24.0,13.625,24.75,5,7,1,2,0,0
2024-05-08,1456.6800,1456.6800,31.0,21.0,25.0,53.375,14.0,7.0,11.0,1017.625,68.5,10.0,6.0,24.875,24.5,16.625,24.625,5,8,2,2,0,0
2024-05-09,517.8200,517.8200,27.0,19.0,23.0,46.125,9.0,6.0,12.875,1016.0,116.25,10.0,48.625,23.625,22.625,20.5,22.625,5,9,3,2,0,0
2024-05-10,1135.8684,1135.8684,30.0,19.0,24.0,61.375,11.0,6.0,14.0,1010.75,191.25,10.0,28.25,24.125,23.375,22.0,24.125,5,10,4,2,0,0
2024-05-11,1289.4979,1289.4979,23.0,20.0,22.0,81.5,4.0,5.0,9.5,1010.875,197.75,10.0,77.375,24.625,22.25,16.25,23.375,5,11,5,2,1,0
2024-05-12,1550.9975,1550.9975,28.0,18.0,23.0,57.125,10.0,6.0,5.375,1013.875,270.625,10.0,27.375,23.0,22.375,12.0,22.625,5,12,6,2,1,0
2024-05-13,1460.8071,1460.8071,31.0,20.0,25.0,44.375,14.0,5.0,10.0,1014.625,148.0,10.0,13.25,24.625,24.125,17.25,24.25,5,13,0,2,0,0
2024-05-14,1429.0674,1429.0674,31.0,18.0,25.0,42.375,14.0,6.0,10.375,1012.75,154.875,10.0,0.0,24.375,24.125,17.5,24.375,5,14,1,2,0,0
2024-05-15,1629.8674,1629.8674,29.0,21.0,25.0,52.875,14.0,6.0,16.0,1017.125,63.625,10.0,19.375,26.25,24.625,23.875,25.875,5,15,2,2,0,0
2024-05-16,1734.6173,1734.6173,30.0,19.0,25.0,53.25,14.0,7.0,13.625,1014.75,154.625,10.0,3.125,24.75,24.125,19.25,24.75,5,16,3,2,0,0
2024-05-17,1808.5573,1808.5573,34.0,22.0,28.0,53.25,14.0,7.0,13.375,1008.375,191.25,10.0,10.0,29.0,27.125,22.25,29.0,5,17,4,2,0,0
2024-05-18,2452.5061,2452.5061,34.0,24.0,29.0,55.375,14.0,7.0,10.875,1008.0,168.625,10.0,7.375,30.0,28.125,17.625,30.0,5,18,5,2,1,0
2024-05-19,2192.3067,2192.3067,35.0,25.0,30.0,49.875,13.0,7.0,9.875,1006.875,151.375,10.0,20.875,29.625,27.75,14.375,29.625,5,19,6,2,1,0
2024-05-20,2125.1267,2125.1267,25.0,22.0,23.0,69.5,10.0,6.0,7.625,1011.125,180.0,10.0,61.375,25.875,24.125,12.625,25.625,5,20,0,2,0,0
2024-05-21,2267.2367,2267.2367,30.0,22.0,25.0,55.5,7.0,6.0,8.25,1012.0,127.25,10.0,77.75,26.125,24.5,14.0,25.75,5,21,1,2,0,0
2024-05-22,1859.8781,1859.8781,30.0,22.0,26.0,67.625,6.0,6.0,9.5,1009.875,108.0,9.875,65.875,27.125,25.0,14.375,26.875,5,22,2,2,0,0
2024-05-23,3634.4971,3634.4971,32.0,22.0,27.0,70.5,11.0,6.0,7.625,1006.875,191.125,9.25,57.0,28.75,26.625,11.875,28.75,5,23,3,2,0,0
2024-05-24,2431.3764,2431.3764,34.0,25.0,29.0,58.5,14.0,7.0,8.875,1007.0,131.875,10.0,12.5,31.25,28.75,12.75,31.25,5,24,4,2,0,0
2024-05-25,4840.3067,4840.3067,36.0,25.0,30.0,58.0,14.0,8.0,10.25,1005.875,140.5,10.0,8.0,32.75,29.875,17.75,32.75,5,25,5,2,1,0
2024-05-26,4378.8662,4378.8662,35.0,26.0,30.0,62.125,11.0,7.0,8.5,1003.25,121.25,9.625,37.75,32.125,29.0,16.0,32.125,5,26,6,2,1,0
2024-05-27,2706.4366,2706.4366,26.0,21.0,24.0,80.125,4.0,5.0,15.25,1003.875,66.5,9.75,75.125,27.0,24.75,24.625,26.625,5,27,0,2,0,0
2024-05-28,2269.5573,2269.5573,29.0,19.0,24.0,57.625,13.0,6.0,11.125,1007.375,95.25,10.0,25.25,23.625,23.375,16.125,23.625,5,28,1,2,0,0
2024-05-29,2155.5575,2155.5575,28.0,20.0,23.0,55.75,12.0,6.0,12.625,1006.625,159.5,8.375,52.25,24.875,23.75,20.875,24.5,5,29,2,2,0,0
2024-05-30,2136.9966,2136.9966,21.0,18.0,19.0,88.125,2.0,4.0,11.25,1008.625,249.375,9.0,93.125,19.125,19.125,15.875,19.125,5,30,3,2,0,0
2024-05-31,2264.0657,2264.0657,26.0,18.0,22.0,77.75,14.0,5.0,6.75,1011.125,192.125,10.0,55.375,22.5,21.5,9.875,22.5,5,31,4,2,0,0
2024-06-01,3098.9967,3098.9967,24.0,20.0,21.0,76.5,14.0,6.0,9.25,1012.125,92.75,10.0,50.5,24.0,22.375,15.0,23.25,6,1,5,3,1,0
2024-06-02,2464.0567,2464.0567,27.0,22.0,24.0,65.875,14.0,6.0,3.375,1010.375,123.875,10.0,40.625,25.875,23.875,7.75,25.125,6,2,6,3,1,0
2024-06-03,2157.3769,2157.3769,24.0,22.0,23.0,64.25,14.0,6.0,5.0,1011.125,95.875,10.0,36.875,24.375,23.0,9.5,24.375,6,3,0,3,0,0
2024-06-04,1976.1172,1976.1172,24.0,20.0,22.0,62.25,9.0,6.0,6.5,1012.25,171.5,10.0,64.25,24.5,22.375,13.125,24.125,6,4,1,3,0,0
2024-06-05,1478.6871,1478.6871,24.0,19.0,21.0,75.75,6.0,5.0,8.125,1013.375,163.25,10.0,74.5,22.0,21.125,11.875,21.375,6,5,2,3,0,0
2024-06-06,1790.0570,1790.0570,29.0,18.0,23.0,68.25,14.0,6.0,7.75,1012.25,110.5,10.0,25.25,23.75,23.125,12.5,23.75,6,6,3,3,0,0
2024-06-07,2470.3169,2470.3169,30.0,22.0,25.0,66.0,14.0,6.0,7.75,1009.5,147.75,10.0,38.5,26.625,24.875,13.125,26.375,6,7,4,3,0,0
2024-06-08,3468.7458,3468.7458,32.0,22.0,27.0,62.125,14.0,7.0,4.875,1006.875,159.5,10.0,28.5,28.125,26.75,7.625,28.125,6,8,5,3,1,0
2024-06-09,3645.9864,3645.9864,26.0,22.0,24.0,79.5,6.0,6.0,6.125,1007.625,216.125,8.0,75.75,26.25,24.25,11.0,26.0,6,9,6,3,1,0
2024-06-10,4689.7464,4689.7464,30.0,22.0,25.0,78.875,4.0,6.0,7.375,1006.25,185.375,10.0,84.125,27.5,25.125,11.375,27.25,6,10,0,3,0,1
2024-06-11,2523.1270,2523.1270,33.0,23.0,28.0,71.875,8.0,7.0,7.75,1004.125,196.125,10.0,51.625,30.0,27.125,11.375,30.0,6,11,1,3,0,0
2024-06-12,3285.4970,3285.4970,36.0,25.0,30.0,63.25,14.0,8.0,8.0,1001.75,182.125,10.0,19.0,32.75,29.25,13.875,32.75,6,12,2,3,0,0
2024-06-13,4681.3065,4681.3065,36.0,26.0,30.0,56.25,11.0,8.0,10.0,999.875,132.25,10.0,37.75,33.125,29.625,15.625,33.125,6,13,3,3,0,0
2024-06-14,4722.6862,4722.6862,37.0,26.0,31.0,57.875,11.0,8.0,8.5,998.875,108.875,10.0,40.125,35.0,30.75,14.75,35.0,6,14,4,3,0,0
2024-06-15,5211.8067,5211.8067,38.0,28.0,32.0,60.0,13.0,8.0,6.375,1001.0,103.5,10.0,20.5,36.125,31.25,13.0,36.125,6,15,5,3,1,0
2024-06-16,5207.8066,5207.8066,35.0,24.0,30.0,61.875,10.0,8.0,16.625,1003.125,105.625,10.0,24.25,34.25,30.125,22.625,34.25,6,16,6,3,1,0
2024-06-17,2908.3163,2908.3163,31.0,24.0,27.0,69.75,12.0,6.0,11.375,1004.625,45.625,10.0,41.375,29.375,26.875,16.75,29.375,6,17,0,3,0,0
2024-06-18,2383.5566,2383.5566,32.0,24.0,27.0,69.125,10.0,7.0,13.0,1004.0,147.0,8.375,44.875,28.875,26.875,19.375,28.875,6,18,1,3,0,0
2024-06-19,4208.3662,4208.3662,28.0,24.0,26.0,82.375,1.0,6.0,7.625,1002.125,145.75,8.0,98.125,28.875,25.875,11.75,28.875,6,19,2,3,0,0
2024-06-20,2422.2575,2422.2575,30.0,25.0,27.0,85.75,3.0,6.0,10.375,1001.0,174.0,8.0,88.625,30.875,27.0,14.625,30.875,6,20,3,3,0,0
2024-06-21,5039.1772,5039.1772,32.0,26.0,28.0,83.5,7.0,6.0,15.25,1000.0,169.875,9.625,71.875,33.25,28.125,24.25,33.25,6,21,4,3,0,0
2024-06-22,5310.8159,5310.8159,31.0,24.0,27.0,87.5,5.0,6.0,9.0,1000.625,231.625,8.875,75.125,30.25,26.375,14.0,30.25,6,22,5,3,1,0
2024-06-23,4019.6160,4019.6160,27.0,24.0,25.0,91.25,3.0,6.0,10.25,1003.0,192.375,6.875,77.125,29.625,26.125,15.75,29.625,6,23,6,3,1,0
2024-06-24,2973.3062,2973.3062,30.0,23.0,26.0,84.5,7.0,6.0,5.375,1005.875,165.0,8.0,71.875,28.875,26.0,11.375,28.875,6,24,0,3,0,0
2024-06-25,3255.7471,3255.7471,28.0,22.0,24.0,75.375,13.0,6.0,8.25,1010.0,144.875,10.0,25.75,26.375,24.25,12.875,26.375,6,25,1,3,0,0
2024-06-26,2370.4366,2370.4366,29.0,22.0,26.0,74.25,9.0,7.0,5.5,1010.5,136.875,10.0,38.375,27.75,25.625,8.625,27.75,6,26,2,3,0,0
2024-06-27,2135.5568,2135.5568,26.0,21.0,23.0,87.75,2.0,5.0,10.875,1009.625,212.75,7.0,86.375,25.25,23.125,16.125,24.375,6,27,3,3,0,0
2024-06-28,2670.3059,2670.3059,24.0,22.0,23.0,96.25,1.0,5.0,13.125,1004.375,138.0,8.625,97.125,25.5,22.625,23.125,24.875,6,28,4,3,0,0
2024-06-29,2826.6260,2826.6260,25.0,23.0,24.0,97.5,1.0,5.0,10.625,1000.25,203.375,6.25,99.0,26.75,24.0,18.625,26.75,6,29,5,3,1,0
2024-06-30,2703.8765,2703.8765,29.0,24.0,26.0,89.0,3.0,6.0,9.375,999.25,186.375,6.375,80.875,30.25,26.375,15.375,30.25,6,30,6,3,1,0
2024-07-01,3021.7969,3021.7969,30.0,23.0,26.0,89.75,4.0,7.0,8.875,998.5,156.75,7.875,84.5,29.75,26.125,15.625,29.75,7,1,0,3,0,0
2024-07-02,2554.5062,2554.5062,29.0,22.0,25.0,81.375,10.0,6.0,14.0,1002.125,260.25,8.875,59.0,27.625,25.125,20.75,27.375,7,2,1,3,0,0
2024-07-03,4193.4864,4193.4864,30.0,23.0,27.0,82.75,7.0,7.0,10.875,1006.875,154.625,9.75,49.875,30.5,26.5,21.0,30.5,7,3,2,3,0,0
2024-07-04,4834.0066,4834.0066,33.0,26.0,29.0,77.125,10.0,6.0,18.75,1005.5,192.875,10.0,49.875,34.0,29.0,30.5,34.0,7,4,3,3,0,0
2024-07-05,4660.2467,4660.2467,35.0,27.0,31.0,67.625,14.0,8.0,22.75,1001.75,195.875,10.0,6.125,36.25,30.625,33.25,36.25,7,5,4,3,0,0
2024-07-06,2843.1184,2843.1184,35.0,28.0,31.0,66.5,14.0,8.0,22.625,1000.75,206.375,10.0,9.5,37.0,31.125,34.25,37.0,7,6,5,3,1,0
2024-07-07,6641.8736,6641.8736,36.0,28.0,32.0,62.75,14.0,8.0,22.625,1001.375,197.625,10.0,7.375,37.75,32.0,34.5,37.75,7,7,6,3,1,0
2024-07-08,13283.7471,6641.8735,35.0,28.0,32.0,63.25,14.0,8.0,22.0,1000.25,200.5,10.0,6.375,37.25,31.625,33.0,37.25,7,8,0,3,0,0
2024-07-09,3944.6162,3944.6162,32.0,26.0,30.0,74.375,13.0,7.0,15.0,1002.0,243.5,9.875,47.75,35.5,29.75,26.0,35.5,7,9,1,3,0,0
2024-07-10,5286.7569,5286.7569,26.0,25.0,25.0,94.25,2.0,6.0,5.0,1004.0,207.625,9.875,86.375,30.625,26.375,10.875,30.625,7,10,2,3,0,0
2024-07-11,3548.6163,3548.6163,27.0,25.0,26.0,92.625,2.0,6.0,6.25,1001.875,181.75,9.25,83.375,30.25,26.25,12.375,30.25,7,11,3,3,0,0
2024-07-12,3423.6157,3423.6157,30.0,24.0,27.0,90.0,5.0,6.0,7.0,999.75,240.75,9.5,84.625,32.125,27.0,14.875,32.125,7,12,4,3,0,0
2024-07-13,5259.1263,5259.1263,28.0,25.0,26.0,92.0,5.0,7.0,8.75,1000.0,139.25,9.25,68.0,30.75,26.375,17.25,30.75,7,13,5,3,1,0
2024-07-14,5213.8167,5213.8167,26.0,25.0,25.0,96.125,4.0,6.0,10.125,1004.25,117.875,7.875,87.5,29.75,25.75,17.5,29.75,7,14,6,3,1,0
2024-07-15,4352.8064,4352.8064,27.0,24.0,25.0,94.25,5.0,6.0,11.375,1006.0,103.375,8.375,78.125,32.375,27.25,18.75,32.375,7,15,0,3,0,0
2024-07-16,4828.8065,4828.8065,35.0,27.0,30.0,77.5,13.0,7.0,12.0,1003.75,148.125,9.875,63.25,37.0,30.25,20.75,37.0,7,16,1,3,0,0
2024-07-17,4011.7369,4011.7369,35.0,28.0,31.0,69.25,14.0,7.0,16.5,1002.5,179.625,10.0,41.625,37.5,31.125,27.875,37.5,7,17,2,3,0,0
2024-07-18,4018.4442,4018.4442,35.0,28.0,31.0,66.25,13.0,8.0,18.625,1002.625,197.625,9.75,33.25,36.75,31.125,31.625,36.75,7,18,3,3,0,0
2024-07-19,8036.8882,4018.4440,34.0,29.0,31.0,63.25,14.0,8.0,17.25,1001.625,192.5,10.0,15.875,36.75,31.5,28.875,36.75,7,19,4,3,0,0
2024-07-20,5440.0557,5440.0557,31.0,28.0,30.0,69.75,9.0,7.0,15.0,1002.5,187.125,10.0,50.875,34.625,29.875,28.25,34.625,7,20,5,3,1,0
2024-07-21,5782.7359,5782.7359,37.0,28.0,32.0,61.875,14.0,8.0,16.875,1002.125,184.625,10.0,5.25,38.5,32.375,26.75,38.5,7,21,6,3,1,0
2024-07-22,4788.1867,4788.1867,38.0,29.0,33.0,54.875,14.0,8.0,16.125,1000.375,186.125,10.0,4.375,39.0,33.125,25.375,39.0,7,22,0,3,0,0
2024-07-23,5841.1868,5841.1868,38.0,29.0,34.0,53.25,14.0,8.0,12.625,998.0,161.125,10.0,9.125,39.125,33.75,19.625,39.125,7,23,1,3,0,0
2024-07-24,5455.4961,5455.4961,39.0,29.0,34.0,56.875,14.0,8.0,7.875,996.25,100.75,10.0,7.875,40.0,33.625,12.5,40.0,7,24,2,3,0,0
2024-07-25,5696.1956,5696.1956,37.0,30.0,33.0,64.5,14.0,8.0,14.25,993.125,25.375,10.0,6.625,40.0,32.875,20.75,40.0,7,25,3,3,0,0
2024-07-26,5819.3060,5819.3060,33.0,27.0,30.0,73.5,8.0,7.0,24.375,992.875,22.0,9.875,49.375,36.125,30.25,35.75,36.125,7,26,4,3,0,0
2024-07-27,6268.3155,6268.3155,30.0,26.0,28.0,83.5,1.0,6.0,18.625,995.5,29.0,10.0,94.625,33.75,28.625,29.5,33.75,7,27,5,3,1,0
2024-07-28,6535.8651,6535.8651,32.0,25.0,28.0,84.625,4.0,6.0,14.75,1000.0,116.5,9.375,88.875,33.25,28.25,23.5,33.25,7,28,6,3,1,0
2024-07-29,5826.8062,5826.8062,35.0,26.0,30.0,68.375,14.0,7.0,13.625,1003.75,147.375,10.0,35.75,35.125,30.125,22.875,35.125,7,29,0,3,0,0
2024-07-30,6126.1268,6126.1268,36.0,27.0,31.0,67.125,14.0,8.0,8.875,1002.75,168.625,10.0,21.25,36.375,31.125,14.875,36.375,7,30,1,3,0,0
2024-07-31,5532.8062,5532.8062,35.0,28.0,31.0,69.25,12.0,7.0,11.125,1001.125,206.875,9.875,48.875,37.375,31.25,15.875,37.375,7,31,2,3,0,0
2024-08-01,3657.9367,3657.9367,34.0,27.0,29.0,77.75,7.0,6.0,15.0,1000.875,208.5,9.875,62.875,35.5,29.375,24.625,35.5,8,1,3,3,0,0
2024-08-02,5124.5560,5124.5560,35.0,27.0,31.0,74.5,8.0,7.0,12.625,1001.125,184.125,9.25,58.25,36.625,30.25,19.625,36.625,8,2,4,3,0,0
2024-08-03,5750.4949,5750.4949,36.0,28.0,32.0,65.375,14.0,8.0,14.0,1003.5,189.25,10.0,11.875,37.875,31.875,20.75,37.875,8,3,5,3,1,0
2024-08-04,5876.2461,5876.2461,37.0,28.0,32.0,64.125,14.0,8.0,14.75,1003.75,204.875,10.0,4.25,38.875,32.25,21.625,38.875,8,4,6,3,1,0
2024-08-05,5677.8054,5677.8054,38.0,29.0,33.0,60.25,14.0,8.0,11.625,1002.75,208.125,10.0,5.25,39.625,33.25,18.25,39.625,8,5,0,3,0,0
2024-08-06,5559.6853,5559.6853,38.0,28.0,33.0,57.25,14.0,8.0,8.375,1002.25,183.375,9.875,19.5,38.375,32.5,15.25,38.375,8,6,1,3,0,0
2024-08-07,5002.1861,5002.1861,39.0,29.0,34.0,56.125,14.0,8.0,10.625,1002.0,168.5,10.0,13.5,39.625,33.5,16.25,39.625,8,7,2,3,0,0
2024-08-08,5865.3764,5865.3764,39.0,30.0,34.0,55.875,14.0,8.0,10.5,1001.25,174.375,10.0,19.375,40.0,34.0,16.25,40.0,8,8,3,3,0,0
2024-08-09,6010.1761,6010.1761,39.0,29.0,34.0,53.125,14.0,8.0,11.25,1000.25,209.875,10.0,13.625,39.25,33.875,17.75,39.25,8,9,4,3,0,0
2024-08-10,6425.8843,6425.8843,37.0,29.0,33.0,59.25,9.0,8.0,7.625,999.875,252.25,10.0,30.75,39.0,32.75,13.5,39.0,8,10,5,3,1,0
2024-08-11,5710.4255,5710.4255,38.0,28.0,32.0,64.75,14.0,8.0,5.625,999.5,194.625,9.875,21.875,38.0,32.0,11.0,38.0,8,11,6,3,1,0
2024-08-12,5592.0066,5592.0066,37.0,27.0,32.0,52.0,14.0,8.0,5.625,1000.875,122.375,10.0,7.375,35.25,32.0,9.875,35.25,8,12,0,3,0,0
2024-08-13,5454.4858,5454.4858,37.0,27.0,31.0,53.0,13.0,8.0,11.625,1003.875,38.5,10.0,21.75,34.5,31.375,18.125,34.5,8,13,1,3,0,0
2024-08-14,6006.1262,6006.1262,35.0,26.0,30.0,64.125,14.0,8.0,13.375,1005.0,26.875,10.0,35.125,34.125,30.375,20.0,34.125,8,14,2,3,0,0
2024-08-15,4629.3063,4629.3063,36.0,25.0,30.0,68.0,9.0,8.0,12.625,1004.625,23.625,9.5,64.25,34.5,30.0,19.625,34.5,8,15,3,3,0,0
2024-08-16,4151.6258,4151.6258,36.0,26.0,30.0,66.375,11.0,8.0,10.375,1005.0,34.5,10.0,46.375,34.75,30.125,15.75,34.75,8,16,4,3,0,0
2024-08-17,5732.4359,5732.4359,35.0,28.0,31.0,62.875,11.0,8.0,8.125,1005.625,71.5,9.375,42.375,35.625,30.875,13.375,35.625,8,17,5,3,1,0
2024-08-18,5573.3660,5573.3660,33.0,27.0,30.0,69.0,10.0,8.0,4.625,1004.625,129.375,9.75,49.625,35.0,30.125,10.5,35.0,8,18,6,3,1,0
2024-08-19,5326.3757,5326.3757,34.0,26.0,30.0,71.625,7.0,6.0,6.125,1002.625,217.625,9.5,61.875,34.5,29.75,11.0,34.5,8,19,0,3,0,0
2024-08-20,4184.7363,4184.7363,36.0,26.0,31.0,66.625,13.0,8.0,9.375,1003.375,61.25,9.875,15.5,35.125,30.5,16.0,35.125,8,20,1,3,0,0
2024-08-21,5265.3761,5265.3761,37.0,26.0,31.0,61.0,13.0,8.0,6.875,1003.625,46.0,10.0,3.625,34.875,31.0,12.375,34.875,8,21,2,3,0,0
2024-08-22,5134.2461,5134.2461,37.0,27.0,32.0,61.625,13.0,8.0,8.75,1004.375,176.375,10.0,19.5,36.5,31.625,15.25,36.5,8,22,3,3,0,0
2024-08-23,4345.6166,4345.6166,37.0,28.0,32.0,61.625,13.0,7.0,7.875,1005.875,164.75,9.875,29.0,38.125,32.375,15.125,38.125,8,23,4,3,0,0
2024-08-24,5626.8157,5626.8157,37.0,28.0,32.0,66.25,12.0,7.0,4.625,1006.5,112.5,9.625,52.125,38.75,32.375,9.625,38.75,8,24,5,3,1,0
2024-08-25,6016.1757,6016.1757,38.0,28.0,33.0,59.0,12.0,8.0,6.0,1004.875,129.375,10.0,32.375,38.625,33.0,11.125,38.625,8,25,6,3,1,0
2024-08-26,4773.8750,4773.8750,36.0,29.0,33.0,59.0,13.0,8.0,6.25,1003.0,172.125,10.0,15.125,38.75,33.0,12.75,38.75,8,26,0,3,0,0
2024-08-27,3498.7558,3498.7558,32.0,24.0,28.0,71.0,11.0,7.0,19.75,1006.0,44.0,10.0,45.0,31.75,28.5,28.25,31.75,8,27,1,3,0,0
2024-08-28,2887.3057,2887.3057,28.0,24.0,25.0,77.875,1.0,6.0,20.625,1006.625,181.5,9.0,90.0,27.875,25.625,26.875,27.875,8,28,2,3,0,0
2024-08-29,2766.2471,2766.2471,32.0,22.0,27.0,75.25,3.0,6.0,7.125,1006.25,142.125,10.0,70.625,30.5,27.125,12.5,30.5,8,29,3,3,0,0
2024-08-30,2951.2460,2951.2460,35.0,26.0,31.0,64.125,9.0,8.0,4.375,1005.75,113.375,10.0,49.0,34.75,30.5,6.875,34.75,8,30,4,3,0,0
2024-08-31,6074.0549,6074.0549,37.0,27.0,32.0,61.25,13.0,8.0,3.625,1006.75,167.125,10.0,40.875,36.5,31.75,5.5,36.5,8,31,5,3,1,0
2024-09-01,5039.4361,5039.4361,38.0,29.0,34.0,55.5,12.0,8.0,6.875,1005.5,175.5,10.0,23.0,39.125,33.375,11.125,39.125,9,1,6,4,1,0
2024-09-02,4740.2372,4740.2372,37.0,29.0,33.0,59.75,12.0,8.0,11.125,1006.75,59.625,9.875,30.625,39.5,33.25,16.875,39.5,9,2,0,4,0,0
2024-09-03,4598.2562,4598.2562,36.0,27.0,31.0,67.875,12.0,8.0,12.75,1007.25,31.75,10.0,40.25,36.75,30.875,18.75,36.75,9,3,1,4,0,0
2024-09-04,4584.8662,4584.8662,38.0,28.0,32.0,63.0,12.0,8.0,7.125,1003.5,98.0,10.0,28.375,38.25,32.25,12.375,38.25,9,4,2,4,0,0
2024-09-05,5157.0851,5157.0851,38.0,29.0,33.0,58.75,11.0,8.0,15.375,1004.25,38.625,10.0,33.375,39.0,33.0,22.375,39.0,9,5,3,4,0,0
2024-09-06,5962.1728,5962.1728,34.0,26.0,29.0,70.25,6.0,6.0,21.625,1007.625,21.0,10.0,57.625,33.75,29.375,31.0,33.75,9,6,4,4,0,0
2024-09-07,5601.1755,5601.1755,36.0,25.0,31.0,65.125,11.0,8.0,11.375,1009.0,33.25,10.0,30.625,34.625,30.375,18.25,34.625,9,7,5,4,1,0
2024-09-08,5687.9960,5687.9960,37.0,28.0,32.0,56.75,12.0,8.0,9.25,1008.125,90.625,10.0,16.625,36.5,32.375,15.25,36.5,9,8,6,4,1,0
2024-09-09,5762.1856,5762.1856,38.0,28.0,33.0,54.25,12.0,8.0,10.125,1006.125,97.5,10.0,15.75,36.75,32.625,17.125,36.75,9,9,0,4,0,0
2024-09-10,5576.9958,5576.9958,37.0,29.0,32.0,55.625,8.0,8.0,10.625,1007.0,63.125,10.0,29.625,36.625,32.25,16.25,36.625,9,10,1,4,0,0
2024-09-11,4229.3668,4229.3668,31.0,22.0,25.0,76.75,5.0,7.0,20.875,1011.375,22.5,8.75,55.125,29.25,27.0,30.75,29.25,9,11,2,4,0,0
2024-09-12,4590.5661,4590.5661,25.0,22.0,24.0,78.375,1.0,5.0,13.125,1010.375,266.5,10.0,94.75,26.75,24.625,20.25,26.75,9,12,3,4,0,0
2024-09-13,2738.4368,2738.4368,29.0,22.0,25.0,79.25,1.0,5.0,7.375,1008.375,286.375,10.0,93.0,27.375,24.625,10.75,27.375,9,13,4,4,0,0
2024-09-14,2918.7469,2918.7469,33.0,23.0,27.0,73.875,8.0,7.0,9.0,1005.0,59.5,10.0,54.25,30.125,27.0,14.75,30.125,9,14,5,4,1,0
2024-09-15,3386.6161,3386.6161,31.0,23.0,27.0,77.25,6.0,6.0,18.75,1006.5,16.25,10.0,58.125,29.75,26.625,27.375,29.75,9,15,6,4,1,0
2024-09-16,4432.1863,4432.1863,33.0,23.0,27.0,65.875,12.0,7.0,19.25,1009.125,14.5,10.0,33.5,29.5,27.5,26.625,29.5,9,16,0,4,0,1
2024-09-17,5242.4260,5242.4260,32.0,24.0,28.0,66.875,5.0,7.0,14.125,1008.5,225.125,10.0,46.0,30.75,28.125,21.375,30.75,9,17,1,4,0,1
2024-09-18,3245.4362,3245.4362,33.0,25.0,29.0,67.5,4.0,7.0,8.25,1007.25,291.25,10.0,62.875,32.5,28.875,13.125,32.5,9,18,2,4,0,0
2024-09-19,2562.2464,2562.2464,35.0,24.0,30.0,68.25,10.0,7.0,12.875,1006.5,53.25,10.0,34.125,33.0,29.125,20.25,33.0,9,19,3,4,0,0
2024-09-20,2541.3764,2541.3764,34.0,26.0,30.0,67.25,7.0,7.0,19.375,1005.625,140.75,10.0,46.375,33.875,29.875,26.625,33.875,9,20,4,4,0,0
2024-09-21,2631.3665,2631.3665,29.0,21.0,24.0,62.875,11.0,6.0,30.5,1012.625,16.75,10.0,41.125,26.125,24.25,41.25,26.125,9,21,5,4,1,0
2024-09-22,2734.4269,2734.4269,26.0,18.0,21.0,49.625,12.0,6.0,27.5,1017.0,23.25,10.0,16.75,21.625,21.625,38.5,21.625,9,22,6,4,1,0
2024-09-23,2094.9080,2094.9080,28.0,16.0,21.0,50.0,12.0,6.0,13.875,1016.0,26.0,10.0,3.625,21.625,21.25,22.75,21.25,9,23,0,4,0,0
2024-09-24,0.0000,0.0000,29.0,17.0,23.0,50.75,12.0,6.0,6.125,1013.25,110.875,10.0,5.125,23.375,22.875,10.125,23.375,9,24,1,4,0,0
2024-09-25,1871.9482,1871.9482,32.0,20.0,26.0,48.25,9.0,7.0,6.75,1012.0,76.625,10.0,27.875,25.875,25.5,11.25,25.875,9,25,2,4,0,0
2024-09-26,0.0000,0.0000,30.0,24.0,26.0,49.375,12.0,7.0,9.125,1011.75,65.25,10.0,24.875,27.25,26.5,14.0,27.25,9,26,3,4,0,0
2024-09-27,2792.8766,2792.8766,34.0,23.0,28.0,51.75,12.0,7.0,10.625,1010.5,94.0,10.0,6.125,28.75,27.5,15.75,28.5,9,27,4,4,0,0
2024-09-28,2914.4360,2914.4360,34.0,24.0,29.0,58.5,12.0,7.0,15.75,1010.125,108.5,10.0,10.25,30.625,28.75,24.25,30.625,9,28,5,4,1,0
2024-09-29,2373.8763,2373.8763,35.0,25.0,30.0,51.5,12.0,7.0,15.375,1010.0,106.625,10.0,3.875,31.25,29.625,24.625,31.25,9,29,6,4,1,0
2024-09-30,2690.8056,2690.8056,28.0,18.0,24.0,59.25,9.0,6.0,24.625,1013.25,153.75,10.0,41.5,25.0,24.0,31.375,25.0,9,30,0,4,0,0
2024-10-01,3030.6655,3030.6655,24.0,17.0,21.0,43.625,11.0,5.0,26.875,1020.125,102.5,9.375,39.875,20.625,20.5,37.5,20.625,10,1,1,4,0,1
2024-10-02,2555.5556,2555.5556,26.0,16.0,20.0,24.875,12.0,6.0,19.0,1021.625,20.375,10.0,25.625,20.5,20.75,28.0,20.5,10,2,2,4,0,1
2024-10-03,2553.1855,2553.1855,26.0,14.0,19.0,26.625,12.0,5.0,12.0,1022.25,52.0,10.0,5.875,19.125,19.5,21.625,19.125,10,3,3,4,0,1
2024-10-04,2570.8855,2570.8855,26.0,14.0,20.0,37.875,12.0,5.0,8.375,1021.0,112.75,10.0,4.25,19.625,19.625,15.875,19.625,10,4,4,4,0,1
2024-10-05,2512.5556,2512.5556,26.0,18.0,21.0,40.625,11.0,6.0,7.875,1019.375,238.75,10.0,37.5,21.375,21.0,12.375,21.125,10,5,5,4,1,0
2024-10-06,2743.0549,2743.0549,21.0,18.0,19.0,63.125,12.0,5.0,14.875,1020.75,263.25,10.0,52.125,20.625,19.875,22.0,20.25,10,6,6,4,1,0
2024-10-07,1053.6082,1053.6082,17.0,16.0,17.0,81.5,2.0,4.0,13.0,1023.0,143.0,9.0,91.0,16.75,16.75,19.375,16.75,10,7,0,4,0,1
2024-10-08,0.0000,0.0000,26.0,14.0,20.0,62.25,11.0,5.0,7.0,1021.0,90.375,10.0,17.125,20.25,19.5,11.625,19.875,10,8,1,4,0,0
2024-10-09,1518.3976,1518.3976,28.0,17.0,23.0,48.0,11.0,5.0,6.0,1017.625,93.75,10.0,12.25,22.625,22.25,11.375,22.375,10,9,2,4,0,0
2024-10-10,465.3987,465.3987,30.0,20.0,24.0,37.125,11.0,6.0,5.125,1015.625,114.875,10.0,15.375,23.875,23.625,9.75,23.875,10,10,3,4,0,0
2024-10-11,1888.7977,1888.7977,30.0,19.0,24.0,35.625,11.0,6.0,9.0,1015.875,79.625,10.0,14.375,23.25,22.875,14.375,22.875,10,11,4,4,0,0
2024-10-12,1663.8974,1663.8974,26.0,22.0,23.0,38.5,11.0,6.0,12.375,1017.125,84.875,10.0,44.75,24.5,23.75,17.75,24.5,10,12,5,4,1,0
2024-10-13,628.0487,628.0487,23.0,18.0,21.0,58.5,5.0,6.0,6.75,1017.5,182.0,9.375,72.375,22.625,21.0,11.75,22.0,10,13,6,4,1,0
2024-10-14,0.0000,0.0000,26.0,17.0,21.0,74.0,7.0,5.0,3.875,1016.25,180.875,10.0,62.0,21.75,20.875,7.625,21.375,10,14,0,4,0,0
2024-10-15,557.4162,557.4162,29.0,20.0,24.0,61.75,10.0,5.0,6.25,1016.0,136.5,10.0,49.75,23.375,22.375,8.75,23.125,10,15,1,4,0,0
2024-10-16,793.5089,793.5089,26.0,21.0,23.0,72.25,5.0,5.0,9.75,1017.625,121.5,9.75,67.75,25.0,22.875,14.5,23.75,10,16,2,4,0,0
2024-10-17,240.8196,240.8196,22.0,20.0,21.0,84.375,6.0,6.0,10.875,1013.625,122.75,9.25,60.75,23.125,21.25,18.625,21.25,10,17,3,4,0,0
2024-10-18,1713.8568,1713.8568,28.0,20.0,23.0,72.125,10.0,5.0,12.75,1014.25,189.125,9.0,57.5,25.25,23.625,20.625,24.5,10,18,4,4,0,0
2024-10-19,1333.4979,1333.4979,21.0,16.0,19.0,63.25,3.0,5.0,26.25,1023.25,31.875,10.0,62.0,18.75,18.75,38.375,18.75,10,19,5,4,1,0
2024-10-20,0.0000,0.0000,18.0,12.0,15.0,58.125,6.0,4.0,14.75,1025.75,157.125,10.0,63.0,15.0,14.5,20.375,14.5,10,20,6,4,1,0
2024-10-21,0.0000,0.0000,17.0,12.0,14.0,75.625,1.0,3.0,8.0,1021.375,295.625,8.0,91.5,14.25,13.875,11.875,13.875,10,21,0,4,0,0
2024-10-22,0.0000,0.0000,20.0,13.0,16.0,64.875,9.0,4.0,15.875,1024.375,263.375,9.75,42.75,15.75,15.25,21.5,15.25,10,22,1,4,0,0
2024-10-23,0.0000,0.0000,22.0,13.0,17.0,45.875,11.0,5.0,8.0,1023.0,49.375,10.0,0.0,16.375,15.75,12.125,15.75,10,23,2,4,0,0
2024-10-24,0.0000,0.0000,24.0,14.0,19.0,39.0,11.0,5.0,8.375,1018.625,55.75,10.0,14.375,17.875,17.375,13.25,17.5,10,24,3,4,0,0
2024-10-25,0.0000,0.0000,25.0,15.0,20.0,42.625,11.0,5.0,8.125,1018.0,83.5,10.0,13.375,19.0,18.375,13.0,18.375,10,25,4,4,0,0
2024-10-26,0.0000,0.0000,22.0,16.0,19.0,67.375,10.0,5.0,12.25,1017.875,16.5,10.0,44.375,18.875,18.5,19.875,18.875,10,26,5,4,1,0
2024-10-27,1158.4084,1158.4084,20.0,17.0,19.0,73.625,2.0,4.0,18.375,1017.25,21.375,10.0,80.375,19.625,19.0,25.75,19.0,10,27,6,4,1,0
2024-10-28,0.0000,0.0000,25.0,17.0,21.0,51.75,10.0,6.0,7.5,1017.125,48.75,10.0,18.375,19.625,19.375,13.25,19.625,10,28,0,4,0,0
2024-10-29,327.5090,327.5090,26.0,17.0,21.0,49.875,11.0,6.0,8.625,1016.625,103.125,10.0,2.625,19.375,19.0,14.0,19.375,10,29,1,4,0,0
2024-10-30,0.0000,0.0000,26.0,16.0,21.0,41.75,11.0,6.0,8.5,1018.0,97.5,10.0,2.5,20.0,20.25,12.625,20.0,10,30,2,4,0,0
2024-10-31,0.0000,0.0000,25.0,15.0,20.0,47.375,11.0,5.0,11.0,1017.625,33.875,10.0,0.0,20.125,19.875,16.125,20.125,10,31,3,4,0,0
2024-11-01,0.0000,0.0000,24.0,16.0,20.0,47.875,11.0,5.0,23.5,1018.375,13.875,10.0,1.5,19.625,19.5,34.0,19.625,11,1,4,4,0,0
2024-11-02,1193.9980,1193.9980,25.0,15.0,20.0,44.875,11.0,6.0,13.25,1021.625,99.25,10.0,5.0,19.875,19.25,20.875,19.5,11,2,5,4,1,0
2024-11-03,0.0000,0.0000,26.0,17.0,21.0,43.25,11.0,6.0,6.25,1020.75,73.0,10.0,3.625,20.125,19.75,10.125,20.125,11,3,6,4,1,0
2024-11-04,0.0000,0.0000,25.0,18.0,21.0,38.75,11.0,6.0,17.875,1023.5,23.125,10.0,19.375,20.25,19.875,25.875,20.0,11,4,0,4,0,0
2024-11-05,0.0000,0.0000,23.0,15.0,19.0,37.125,11.0,5.0,12.5,1025.375,23.5,10.0,20.375,18.375,18.125,17.5,18.25,11,5,1,4,0,0
2024-11-06,0.0000,0.0000,23.0,14.0,19.0,44.5,10.0,5.0,9.125,1026.0,61.625,10.0,14.75,17.875,17.125,14.5,17.375,11,6,2,4,0,0
2024-11-07,0.0000,0.0000,22.0,14.0,18.0,38.125,11.0,5.0,9.375,1025.625,104.25,10.0,7.375,17.0,16.625,16.375,16.75,11,7,3,4,0,0
2024-11-08,0.0000,0.0000,22.0,15.0,18.0,36.625,11.0,5.0,7.75,1023.5,82.5,10.0,38.875,17.375,17.125,13.375,17.125,11,8,4,4,0,0
2024-11-09,0.0000,0.0000,23.0,18.0,20.0,39.5,10.0,6.0,11.125,1020.5,51.375,10.0,39.375,19.375,18.75,15.75,18.75,11,9,5,4,1,0
2024-11-10,0.0000,0.0000,24.0,15.0,20.0,58.0,11.0,5.0,6.0,1020.0,99.875,10.0,20.625,18.75,18.5,10.125,18.75,11,10,6,4,1,0
2024-11-11,0.0000,0.0000,26.0,17.0,21.0,55.375,11.0,6.0,8.125,1019.25,45.5,10.0,5.0,20.375,19.625,13.875,20.0,11,11,0,4,0,0
2024-11-12,0.0000,0.0000,24.0,20.0,21.0,50.625,11.0,6.0,9.75,1017.25,57.375,10.0,36.625,20.625,20.125,14.625,20.375,11,12,1,4,0,0
2024-11-13,0.0000,0.0000,27.0,19.0,23.0,50.875,10.0,6.0,8.625,1014.5,121.5,10.0,44.75,22.125,21.5,14.0,22.125,11,13,2,4,0,0
2024-11-14,0.0000,0.0000,28.0,20.0,23.0,54.75,8.0,6.0,8.25,1013.25,84.25,9.875,46.5,22.875,22.5,12.125,22.625,11,14,3,4,0,0
2024-11-15,0.0000,0.0000,25.0,20.0,22.0,68.5,4.0,5.0,11.125,1013.5,30.75,9.875,81.375,22.625,21.75,15.25,22.375,11,15,4,4,0,0
2024-11-16,0.0000,0.0000,25.0,17.0,21.0,65.375,5.0,6.0,16.125,1016.0,56.5,10.0,65.5,21.5,20.625,24.5,21.125,11,16,5,4,1,0
2024-11-17,0.0000,0.0000,15.0,11.0,13.0,73.0,1.0,3.0,25.5,1025.0,19.25,6.875,100.0,12.875,10.75,39.625,10.75,11,17,6,4,1,0
2024-11-18,0.0000,0.0000,12.0,11.0,11.0,70.125,1.0,3.0,15.375,1029.75,35.0,9.0,99.625,11.375,9.375,21.75,9.375,11,18,0,4,0,0
2024-11-19,0.0000,0.0000,12.0,10.0,10.0,70.5,1.0,3.0,12.25,1029.375,6.0,9.0,94.125,10.625,8.75,16.625,8.75,11,19,1,4,0,0
2024-11-20,0.0000,0.0000,15.0,10.0,12.0,70.0,6.0,3.0,8.125,1027.5,190.875,9.0,76.125,11.625,10.75,12.75,10.75,11,20,2,4,0,0
2024-11-21,0.0000,0.0000,18.0,10.0,14.0,53.25,11.0,4.0,7.0,1025.125,24.75,10.0,6.5,12.375,12.25,9.75,12.25,11,21,3,4,0,0
2024-11-22,0.0000,0.0000,19.0,11.0,15.0,45.25,11.0,5.0,7.625,1025.0,47.625,10.0,4.0,13.625,13.5,11.25,13.5,11,22,4,4,0,0
2024-11-23,0.0000,0.0000,19.0,11.0,15.0,45.75,11.0,5.0,7.0,1024.875,86.125,10.0,37.0,13.75,13.5,11.25,13.5,11,23,5,4,1,0
2024-11-24,0.0000,0.0000,15.0,13.0,15.0,52.375,4.0,4.0,10.125,1023.5,74.75,10.0,72.75,13.75,13.125,13.875,13.125,11,24,6,4,1,0
2024-11-25,0.0000,0.0000,14.0,10.0,11.0,63.125,4.0,3.0,16.375,1026.375,263.75,9.75,84.375,11.25,9.375,23.25,9.375,11,25,0,4,0,0
2024-11-26,0.0000,0.0000,14.0,8.0,11.0,28.375,8.0,3.0,7.75,1029.625,168.625,10.0,30.375,9.75,8.625,13.125,8.625,11,26,1,4,0,0
2024-11-27,0.0000,0.0000,15.0,8.0,11.0,29.125,11.0,4.0,11.5,1027.75,308.625,10.0,11.375,10.0,8.5,17.75,8.5,11,27,2,4,0,0
2024-11-28,0.0000,0.0000,16.0,8.0,11.0,27.75,10.0,4.0,14.75,1027.25,288.25,10.0,0.0,10.0,8.625,25.125,8.625,11,28,3,4,0,0
2024-11-29,0.0000,0.0000,19.0,8.0,13.0,29.625,10.0,4.0,9.625,1024.0,261.875,10.0,0.0,11.0,10.125,16.5,10.125,11,29,4,4,0,0
2024-11-30,0.0000,0.0000,19.0,10.0,14.0,31.125,10.0,4.0,5.625,1018.5,169.0,10.0,3.125,13.25,13.125,9.5,13.125,11,30,5,4,1,0
2024-12-01,0.0000,0.0000,21.0,11.0,16.0,37.625,10.0,5.0,5.5,1015.375,194.5,10.0,0.5,14.0,14.0,10.375,14.0,12,1,6,1,1,0
2024-12-02,0.0000,0.0000,21.0,13.0,17.0,41.5,10.0,5.0,10.25,1017.75,71.0,10.0,12.5,15.375,14.875,15.625,14.875,12,2,0,1,0,0
2024-12-03,0.0000,0.0000,15.0,11.0,13.0,47.875,7.0,4.0,14.25,1021.5,21.0,10.0,52.25,12.625,11.25,20.625,11.25,12,3,1,1,0,0
2024-12-04,0.0000,0.0000,12.0,9.0,11.0,68.625,1.0,4.0,14.25,1023.5,94.75,9.0,70.5,10.25,8.125,20.875,8.125,12,4,2,1,0,0
2024-12-05,0.0000,0.0000,16.0,9.0,12.0,45.75,10.0,3.0,11.0,1024.25,143.75,9.0,45.5,11.0,9.875,16.0,9.875,12,5,3,1,0,0
2024-12-06,0.0000,0.0000,16.0,9.0,12.0,31.625,9.0,3.0,9.375,1024.125,24.875,10.0,54.375,11.875,11.0,15.5,11.0,12,6,4,1,0,0
2024-12-07,0.0000,0.0000,14.0,9.0,11.0,31.75,7.0,4.0,15.875,1028.125,17.625,10.0,34.625,11.125,9.125,27.125,9.125,12,7,5,1,1,0
2024-12-08,0.0000,0.0000,11.0,5.0,9.0,38.625,10.0,3.0,13.375,1030.125,30.5,10.0,14.5,8.25,6.0,20.625,6.0,12,8,6,1,1,0
2024-12-09,746.0284,746.0284,10.0,7.0,8.0,41.625,1.0,3.0,4.75,1025.0,81.875,10.0,83.0,8.125,7.375,8.25,7.375,12,9,0,1,0,0
2024-12-10,1127.8777,1127.8777,7.0,5.0,6.0,77.25,1.0,2.0,11.875,1023.875,15.0,6.875,99.625,6.5,4.0,16.0,4.0,12,10,1,1,0,0
2024-12-11,864.4779,864.4779,11.0,5.0,8.0,61.75,10.0,2.0,16.25,1027.875,101.125,10.0,39.75,7.375,4.5,23.125,4.5,12,11,2,1,0,0
2024-12-12,1062.4783,1062.4783,9.0,6.0,7.0,57.125,1.0,3.0,7.875,1028.0,149.625,10.0,65.625,6.75,5.125,12.5,5.125,12,12,3,1,0,0
2024-12-13,0.0000,0.0000,10.0,5.0,7.0,36.625,10.0,3.0,15.0,1031.875,134.125,10.0,7.375,6.75,3.75,25.125,3.75,12,13,4,1,0,0
2024-12-14,0.0000,0.0000,10.0,2.0,6.0,22.375,10.0,3.0,11.125,1035.375,12.625,10.0,0.125,5.0,2.5,17.25,2.5,12,14,5,1,1,0
2024-12-15,0.0000,0.0000,11.0,3.0,7.0,22.0,9.0,3.0,4.875,1031.625,287.625,10.0,10.375,5.5,5.0,8.375,5.0,12,15,6,1,1,0
2024-12-16,0.0000,0.0000,13.0,4.0,9.0,24.75,10.0,3.0,5.25,1026.5,194.125,10.0,0.625,7.375,6.875,9.5,6.875,12,16,0,1,0,0
2024-12-17,0.0000,0.0000,14.0,6.0,9.0,31.75,9.0,3.0,8.5,1025.875,52.875,10.0,16.875,8.25,7.0,15.125,7.0,12,17,1,1,0,0
2024-12-18,0.0000,0.0000,11.0,4.0,7.0,29.125,9.0,3.0,18.875,1031.75,22.0,10.0,17.875,7.0,3.75,30.25,3.75,12,18,2,1,0,0
2024-12-19,0.0000,0.0000,7.0,2.0,5.0,35.0,2.0,2.0,8.5,1032.0,36.375,10.0,63.25,4.0,1.875,12.875,1.875,12,19,3,1,0,0
2024-12-20,980.6283,980.6283,10.0,2.0,6.0,35.75,10.0,3.0,4.875,1026.125,167.125,10.0,6.375,4.875,4.125,8.375,4.125,12,20,4,1,0,0
2024-12-21,1.2999,1.2999,11.0,4.0,7.0,31.75,10.0,3.0,17.125,1029.125,15.875,10.0,10.25,6.625,3.5,27.25,3.5,12,21,5,1,1,0
2024-12-22,0.0000,0.0000,8.0,2.0,5.0,24.625,10.0,2.0,12.0,1030.875,37.0,10.0,43.125,4.75,1.875,17.625,1.875,12,22,6,1,1,0
2024-12-23,1421.6978,1421.6978,10.0,4.0,7.0,29.0,9.0,2.0,7.125,1029.125,178.625,10.0,49.75,6.125,4.75,9.875,4.75,12,23,0,1,0,0
2024-12-24,1259.5074,1259.5074,10.0,3.0,7.0,45.625,10.0,3.0,6.625,1028.75,32.5,10.0,10.875,5.75,4.25,10.625,4.25,12,24,1,1,0,0
2024-12-25,1390.6881,1390.6881,11.0,5.0,8.0,46.375,4.0,3.0,4.75,1027.375,198.875,10.0,64.875,6.75,6.0,8.25,6.0,12,25,2,1,0,0
2024-12-26,1142.6880,1142.6880,13.0,6.0,10.0,31.375,10.0,3.0,9.125,1030.0,21.125,10.0,42.25,9.625,8.25,14.75,8.25,12,26,3,1,0,0
2024-12-27,1097.8083,1097.8083,13.0,6.0,9.0,29.25,10.0,3.0,13.5,1032.625,102.125,10.0,30.375,8.75,7.0,22.125,7.0,12,27,4,1,0,0
2024-12-28,0.0000,0.0000,9.0,2.0,5.0,16.625,10.0,3.0,7.375,1034.375,142.25,10.0,0.0,5.25,3.75,11.25,3.75,12,28,5,1,1,0
2024-12-29,0.0000,0.0000,12.0,3.0,8.0,17.875,10.0,3.0,5.875,1026.25,120.5,10.0,16.125,5.625,4.75,10.125,4.75,12,29,6,1,1,0
2024-12-30,1530.2775,1530.2775,15.0,5.0,10.0,17.125,10.0,3.0,6.375,1024.125,191.75,10.0,12.75,8.625,8.125,10.375,8.125,12,30,0,1,0,0
2024-12-31,762.5984,762.5984,14.0,5.0,9.0,22.875,10.0,3.0,7.625,1026.375,53.375,10.0,7.875,8.375,7.125,11.625,7.125,12,31,1,1,0,0
2025-01-01,843.2982,843.2982,16.0,7.0,11.0,28.5,10.0,4.0,6.375,1020.75,83.0,10.0,9.125,10.125,9.375,12.5,9.375,1,1,2,1,0,1
2025-01-02,717.2988,717.2988,14.0,7.0,10.0,28.625,10.0,4.0,14.0,1025.25,56.125,10.0,10.625,9.0,7.125,22.25,7.125,1,2,3,1,0,0
2025-01-03,784.5989,784.5989,13.0,4.0,9.0,39.375,10.0,3.0,10.375,1027.125,70.5,10.0,6.875,8.25,6.5,16.5,6.5,1,3,4,1,0,0
2025-01-04,0.0000,0.0000,13.0,7.0,9.0,47.5,7.0,3.0,9.375,1025.5,142.625,9.25,46.875,9.125,7.75,15.375,7.75,1,4,5,1,1,0
2025-01-05,0.0000,0.0000,15.0,5.0,10.0,58.625,10.0,2.0,10.25,1024.75,230.875,10.0,12.25,8.625,6.875,16.5,6.875,1,5,6,1,1,0
2025-01-06,755.3987,755.3987,15.0,7.0,11.0,33.75,10.0,4.0,11.0,1025.5,50.0,10.0,4.0,9.125,7.875,18.875,7.875,1,6,0,1,0,0
2025-01-07,814.0978,814.0978,11.0,5.0,8.0,18.5,10.0,3.0,13.25,1027.25,27.25,10.0,52.875,8.25,6.0,18.625,6.0,1,7,1,1,0,0
2025-01-08,669.7083,669.7083,12.0,7.0,9.0,17.0,3.0,2.0,8.625,1026.5,209.0,10.0,84.375,8.5,7.0,13.75,7.0,1,8,2,1,0,0
2025-01-09,1615.8869,1615.8869,9.0,3.0,6.0,23.5,5.0,3.0,16.375,1032.5,26.75,10.0,35.375,5.75,2.5,23.75,2.5,1,9,3,1,0,0
2025-01-10,1457.8866,1457.8866,8.0,0.0,4.0,20.0,9.0,2.0,9.5,1037.125,31.125,10.0,21.5,4.25,1.75,14.625,1.75,1,10,4,1,0,0
2025-01-11,47.8196,47.8196,13.0,4.0,8.0,19.875,9.0,2.0,8.625,1034.125,284.625,10.0,25.125,6.5,5.0,15.25,5.0,1,11,5,1,1,0
2025-01-12,0.0000,0.0000,13.0,4.0,8.0,24.625,10.0,3.0,10.875,1028.875,129.875,10.0,0.0,7.875,6.125,18.25,6.125,1,12,6,1,1,0
2025-01-13,862.8786,862.8786,16.0,6.0,11.0,30.625,10.0,4.0,7.375,1024.625,93.125,10.0,19.0,10.375,9.5,13.5,9.5,1,13,0,1,0,0
2025-01-14,717.6990,717.6990,16.0,9.0,12.0,29.125,4.0,3.0,15.0,1027.125,116.875,10.0,62.0,12.125,10.5,24.125,10.5,1,14,1,1,0,0
2025-01-15,834.6187,834.6187,11.0,3.0,7.0,16.125,9.0,3.0,17.75,1035.625,18.125,10.0,13.625,6.875,3.625,26.125,3.625,1,15,2,1,0,0
2025-01-16,622.9889,622.9889,13.0,3.0,8.0,14.375,10.0,3.0,4.875,1031.0,171.375,10.0,4.875,7.0,6.125,9.75,6.125,1,16,3,1,0,0
2025-01-17,210.4997,210.4997,14.0,4.0,9.0,21.375,10.0,3.0,8.125,1026.75,80.625,10.0,3.25,7.625,6.125,14.0,6.125,1,17,4,1,0,0
2025-01-18,0.0000,0.0000,15.0,5.0,10.0,24.875,10.0,4.0,6.5,1022.375,215.25,10.0,12.625,9.375,8.25,11.0,8.25,1,18,5,1,1,0
2025-01-19,0.0000,0.0000,18.0,7.0,12.0,23.125,10.0,4.0,5.25,1019.75,204.875,10.0,0.875,10.75,10.625,10.0,10.625,1,19,6,1,1,0
2025-01-20,0.0000,0.0000,18.0,9.0,13.0,19.125,10.0,4.0,7.25,1019.0,68.5,10.0,21.75,11.625,10.75,10.875,10.75,1,20,0,1,0,0
2025-01-21,0.0000,0.0000,20.0,9.0,14.0,26.125,10.0,4.0,9.5,1017.625,105.375,10.0,16.125,13.5,12.75,17.875,12.75,1,21,1,1,0,0
2025-01-22,0.0000,0.0000,19.0,11.0,15.0,22.625,8.0,5.0,10.375,1018.0,52.25,10.0,48.375,14.125,13.375,17.875,13.375,1,22,2,1,0,0
2025-01-23,0.0000,0.0000,14.0,10.0,12.0,40.875,4.0,4.0,13.625,1018.75,26.875,10.0,65.75,11.625,9.875,20.75,9.875,1,23,3,1,0,0
2025-01-24,0.0000,0.0000,11.0,9.0,10.0,76.375,2.0,3.0,13.875,1018.875,54.875,9.0,85.375,9.625,7.5,19.625,7.5,1,24,4,1,0,0
2025-01-25,7.5998,7.5998,9.0,4.0,7.0,84.75,1.0,2.0,20.375,1024.75,12.5,2.875,100.0,7.25,3.875,28.375,3.875,1,25,5,1,1,0
2025-01-26,1642.5070,1642.5070,10.0,3.0,6.0,56.875,4.0,2.0,20.375,1032.875,275.625,9.0,70.75,5.875,2.125,30.25,2.125,1,26,6,1,1,0
2025-01-27,1692.3866,1692.3866,8.0,1.0,4.0,32.625,10.0,2.0,9.625,1030.25,118.75,10.0,9.625,4.25,1.75,15.25,1.75,1,27,0,1,0,0
2025-01-28,1146.8075,1146.8075,10.0,2.0,6.0,36.375,10.0,3.0,6.375,1030.125,103.875,10.0,1.625,5.375,3.75,11.125,3.75,1,28,1,1,0,1
2025-01-29,0.0000,0.0000,14.0,4.0,9.0,40.125,10.0,3.0,10.375,1025.625,120.625,10.0,7.375,8.125,6.375,17.375,6.375,1,29,2,1,0,1
2025-01-30,0.0000,0.0000,18.0,7.0,12.0,42.375,10.0,4.0,9.0,1018.5,114.5,10.0,23.25,11.5,10.625,15.75,10.625,1,30,3,1,0,1
2025-01-31,0.0000,0.0000,13.0,4.0,8.0,75.5,1.0,2.0,16.625,1019.25,38.625,2.875,98.5,8.125,5.5,22.375,5.5,1,31,4,1,0,1
2025-02-01,0.0000,0.0000,6.0,4.0,5.0,86.5,1.0,1.0,15.875,1022.0,17.75,6.875,100.0,5.0,1.75,23.25,1.75,2,1,5,1,1,0
2025-02-02,0.0000,0.0000,6.0,5.0,5.0,89.25,1.0,2.0,12.25,1023.125,221.25,7.0,99.375,5.375,2.625,18.75,2.625,2,2,6,1,1,0
2025-02-03,0.0000,0.0000,12.0,5.0,8.0,58.375,11.0,3.0,12.625,1028.875,57.25,10.0,22.125,7.5,5.5,18.375,5.5,2,3,0,1,0,1
2025-02-04,0.0000,0.0000,12.0,4.0,8.0,35.5,11.0,3.0,5.125,1027.75,89.875,10.0,16.0,7.25,6.625,10.625,6.625,2,4,1,1,0,1
2025-02-05,0.0000,0.0000,10.0,5.0,8.0,34.125,11.0,3.0,12.5,1025.625,42.75,10.0,24.5,7.375,5.375,19.0,5.375,2,5,2,1,0,0
2025-02-06,0.0000,0.0000,12.0,4.0,8.0,32.0,11.0,3.0,10.625,1025.75,159.75,10.0,20.125,6.75,4.375,15.875,4.375,2,6,3,1,0,0
2025-02-07,0.0000,0.0000,7.0,-0.0,3.0,23.5,11.0,2.0,19.375,1035.5,24.5,10.0,18.0,2.875,-1.375,30.75,-1.375,2,7,4,1,0,0
2025-02-08,0.0000,0.0000,6.0,-2.0,2.0,17.125,11.0,2.0,13.5,1036.5,29.125,10.0,7.625,1.0,-2.875,20.875,-2.875,2,8,5,1,1,0
2025-02-09,0.0000,0.0000,9.0,-0.0,4.0,24.125,11.0,2.0,8.875,1030.0,81.5,10.0,8.0,3.125,0.625,13.875,0.625,2,9,6,1,1,0
2025-02-10,0.0000,0.0000,10.0,4.0,7.0,39.625,4.0,3.0,7.375,1024.25,151.875,10.0,61.125,7.5,6.0,13.0,6.0,2,10,0,1,0,0
2025-02-11,0.0000,0.0000,10.0,8.0,9.0,52.5,2.0,3.0,7.375,1018.875,130.875,10.0,84.375,7.625,6.5,11.25,6.5,2,11,1,1,0,0
2025-02-12,0.0000,0.0000,12.0,7.0,9.0,53.375,9.0,2.0,14.125,1027.0,177.125,10.0,63.875,8.5,6.5,23.875,6.5,2,12,2,1,0,0
2025-02-13,0.0000,0.0000,8.0,4.0,6.0,41.75,5.0,3.0,7.625,1027.5,101.25,10.0,55.25,6.125,4.875,14.125,4.875,2,13,3,1,0,0
2025-02-14,0.0000,0.0000,9.0,5.0,6.0,78.25,1.0,2.0,5.5,1022.125,223.375,8.75,97.125,6.75,5.875,8.625,5.875,2,14,4,1,0,0
2025-02-15,0.0000,0.0000,15.0,5.0,10.0,60.875,11.0,2.0,5.625,1020.5,263.125,10.0,34.75,9.0,8.0,10.375,8.0,2,15,5,1,1,0
2025-02-16,0.0000,0.0000,17.0,8.0,12.0,35.5,11.0,4.0,5.875,1023.75,114.625,10.0,26.75,10.375,9.875,11.125,9.875,2,16,6,1,1,0
2025-02-17,0.0000,0.0000,13.0,7.0,10.0,61.375,2.0,3.0,9.375,1027.25,134.125,9.375,66.5,10.125,8.875,17.25,8.875,2,17,0,1,0,0
2025-02-18,0.0000,0.0000,12.0,6.0,9.0,64.875,5.0,2.0,6.875,1027.375,117.75,10.0,62.75,8.875,8.0,11.75,8.0,2,18,1,1,0,0
2025-02-19,0.0000,0.0000,12.0,9.0,11.0,66.75,2.0,4.0,9.875,1025.5,115.0,9.0,76.5,10.875,9.875,15.625,9.875,2,19,2,1,0,0
2025-02-20,0.0000,0.0000,10.0,8.0,9.0,76.75,1.0,2.0,8.375,1027.25,164.5,7.875,88.875,8.75,7.625,12.0,7.625,2,20,3,1,0,0
2025-02-21,0.0000,0.0000,10.0,8.0,9.0,69.0,3.0,2.0,7.75,1029.75,74.5,10.0,82.5,8.375,7.125,12.25,7.125,2,21,4,1,0,0
2025-02-22,0.0000,0.0000,9.0,7.0,8.0,75.375,1.0,2.0,7.0,1030.625,74.875,6.875,91.625,7.75,6.625,12.375,6.625,2,22,5,1,1,0
2025-02-23,0.0000,0.0000,13.0,4.0,8.0,55.125,11.0,3.0,14.25,1035.5,17.125,10.0,28.375,7.875,5.5,22.375,5.5,2,23,6,1,1,0
2025-02-24,0.0000,0.0000,12.0,5.0,9.0,48.25,7.0,3.0,10.625,1034.625,95.0,10.0,46.0,7.75,5.875,16.875,5.875,2,24,0,1,0,0
2025-02-25,0.0000,0.0000,9.0,6.0,8.0,73.25,1.0,2.0,5.625,1030.375,139.625,8.875,86.125,8.0,7.125,11.375,7.125,2,25,1,1,0,0
2025-02-26,0.0000,0.0000,14.0,5.0,10.0,69.875,9.0,3.0,8.125,1025.5,168.875,10.0,36.125,9.375,8.5,13.25,8.5,2,26,2,1,0,0
2025-02-27,0.0000,0.0000,20.0,9.0,15.0,66.75,5.0,4.0,9.25,1016.25,187.125,10.0,63.75,14.0,13.625,17.0,13.625,2,27,3,1,0,0
2025-02-28,0.0000,0.0000,22.0,16.0,18.0,71.75,4.0,4.0,10.875,1013.375,124.625,10.0,72.875,16.875,16.5,16.75,16.5,2,28,4,1,0,0
2025-03-01,0.0000,0.0000,26.0,17.0,21.0,67.875,7.0,5.0,6.875,1009.0,165.25,10.0,68.375,21.25,20.5,16.125,21.25,3,1,5,2,1,0
2025-03-02,0.0000,0.0000,30.0,11.0,21.0,67.0,6.0,5.0,18.125,1006.75,124.0,9.875,75.0,19.625,17.875,32.5,18.125,3,2,6,2,1,0
2025-03-03,0.0000,0.0000,7.0,2.0,4.0,81.625,1.0,1.0,23.875,1019.625,137.25,7.5,100.0,4.625,0.375,39.625,0.375,3,3,0,2,0,0
2025-03-04,0.0000,0.0000,4.0,1.0,3.0,83.375,1.0,1.0,13.375,1023.25,226.125,9.0,94.0,3.25,0.0,23.375,0.0,3,4,1,2,0,0
2025-03-05,0.0000,0.0000,9.0,2.0,5.0,73.25,10.0,3.0,13.0,1025.25,17.875,10.0,56.0,5.25,2.5,19.375,2.5,3,5,2,2,0,0
2025-03-06,0.0000,0.0000,14.0,7.0,11.0,58.375,10.0,4.0,13.375,1029.375,43.75,10.0,54.75,9.625,7.875,22.875,7.875,3,6,3,2,0,0
2025-03-07,0.0000,0.0000,15.0,7.0,11.0,50.5,11.0,4.0,5.0,1026.25,134.5,10.0,26.625,10.5,10.125,9.25,10.125,3,7,4,2,0,0
2025-03-08,0.0000,0.0000,17.0,10.0,13.0,48.125,11.0,4.0,7.625,1023.625,160.25,10.0,43.625,11.625,11.125,12.25,11.125,3,8,5,2,1,0
2025-03-09,0.0000,0.0000,13.0,10.0,11.0,68.5,1.0,4.0,7.375,1024.0,117.75,8.0,74.75,11.5,11.0,12.5,11.0,3,9,6,2,1,0
2025-03-10,0.0000,0.0000,17.0,8.0,13.0,76.875,3.0,3.0,8.0,1021.625,195.375,10.0,75.5,12.375,11.75,12.0,11.75,3,10,0,2,0,0
2025-03-11,0.0000,0.0000,18.0,13.0,15.0,79.375,1.0,3.0,7.875,1016.375,135.125,9.375,94.0,13.875,13.625,12.5,13.625,3,11,1,2,0,0
2025-03-12,0.0000,0.0000,19.0,12.0,16.0,77.75,4.0,4.0,7.25,1016.5,128.25,9.875,73.375,15.625,15.625,15.125,15.625,3,12,2,2,0,0
2025-03-13,0.0000,0.0000,14.0,13.0,13.0,88.875,1.0,3.0,7.5,1016.5,49.0,7.875,100.0,14.0,13.625,11.625,13.625,3,13,3,2,0,0
2025-03-14,0.0000,0.0000,13.0,8.0,10.0,87.75,1.0,3.0,13.5,1019.25,105.875,7.875,100.0,10.75,8.875,19.0,8.875,3,14,4,2,0,0
2025-03-15,0.0000,0.0000,11.0,8.0,9.0,75.125,1.0,2.0,21.5,1025.375,136.375,10.0,89.25,9.375,6.625,31.75,6.625,3,15,5,2,1,0
2025-03-16,0.0000,0.0000,13.0,7.0,10.0,47.5,10.0,3.0,16.875,1029.375,139.625,10.0,40.0,9.625,7.375,26.375,7.375,3,16,6,2,1,0
2025-03-17,0.0000,0.0000,16.0,6.0,11.0,33.125,10.0,4.0,7.375,1026.875,255.125,10.0,27.875,10.25,9.625,11.875,9.625,3,17,0,2,0,0
2025-03-18,0.0000,0.0000,17.0,8.0,13.0,38.625,11.0,4.0,12.0,1027.125,193.375,10.0,31.625,12.25,11.25,19.875,11.25,3,18,1,2,0,0
2025-03-19,0.0000,0.0000,20.0,10.0,15.0,32.5,11.0,4.0,6.25,1027.375,161.5,10.0,25.25,13.5,13.375,9.875,13.375,3,19,2,2,0,0
2025-03-20,0.0000,0.0000,23.0,11.0,17.0,33.875,9.0,4.0,10.375,1025.125,268.375,10.0,30.875,15.625,15.375,17.75,15.375,3,20,3,2,0,0
2025-03-21,0.0000,0.0000,25.0,13.0,19.0,26.375,12.0,5.0,9.625,1022.625,256.25,10.0,9.875,18.0,18.125,17.0,18.0,3,21,4,2,0,0
2025-03-22,0.0000,0.0000,27.0,15.0,21.0,33.875,12.0,6.0,8.875,1019.5,230.75,10.0,3.875,19.375,19.625,13.625,19.125,3,22,5,2,1,0
2025-03-23,0.0000,0.0000,20.0,14.0,17.0,70.75,1.0,5.0,8.375,1016.5,254.5,8.875,57.125,18.625,18.625,16.0,18.625,3,23,6,2,1,0
2025-03-24,0.0000,0.0000,28.0,13.0,20.0,60.375,12.0,5.0,13.875,1012.125,216.375,10.0,11.375,19.875,19.25,24.125,19.125,3,24,0,2,0,0
2025-03-25,0.0000,0.0000,32.0,18.0,25.0,36.5,12.0,6.0,15.25,1003.25,197.625,10.0,0.875,23.375,24.0,26.875,23.375,3,25,1,2,0,0
2025-03-26,0.0000,0.0000,36.0,22.0,28.0,44.375,12.0,7.0,15.625,996.375,190.125,9.875,14.75,28.5,27.75,29.875,27.875,3,26,2,2,0,0
2025-03-27,0.0000,0.0000,25.0,11.0,18.0,39.375,5.0,4.0,25.125,1006.375,42.375,9.75,69.875,19.5,18.375,42.375,18.875,3,27,3,2,0,0
2025-03-28,0.0000,0.0000,11.0,5.0,9.0,55.5,4.0,2.0,17.25,1025.625,173.75,8.375,76.25,9.0,6.75,25.75,6.75,3,28,4,2,0,0
2025-03-29,0.0000,0.0000,11.0,6.0,9.0,56.625,7.0,2.0,8.125,1028.125,113.25,9.375,71.875,9.0,7.75,11.625,7.75,3,29,5,2,1,0
2025-03-30,0.0000,0.0000,14.0,8.0,11.0,57.875,8.0,4.0,5.75,1028.5,189.375,10.0,35.5,10.875,10.625,7.875,10.625,3,30,6,2,1,0
2025-03-31,0.0000,0.0000,17.0,10.0,14.0,45.875,12.0,4.0,5.0,1024.375,157.375,10.0,41.75,13.5,13.5,7.25,13.5,3,31,0,2,0,0
2025-04-01,0.0000,0.0000,22.0,11.0,17.0,36.5,9.0,5.0,5.375,1021.375,220.625,10.0,38.5,14.75,14.75,11.125,14.75,4,1,1,2,0,0
2025-04-02,0.0000,0.0000,24.0,14.0,19.0,33.5,11.0,5.0,8.5,1020.875,138.875,10.0,22.375,17.625,17.25,14.0,17.25,4,2,2,2,0,0
2025-04-03,0.0000,0.0000,26.0,14.0,20.0,34.25,12.0,5.0,10.125,1019.125,111.125,10.0,19.25,19.25,19.375,18.25,19.25,4,3,3,2,0,0
2025-04-04,0.0000,0.0000,24.0,16.0,19.0,48.5,7.0,5.0,8.875,1015.375,196.625,10.0,62.25,18.75,18.625,16.75,18.625,4,4,4,2,0,1
2025-04-05,0.0000,0.0000,24.0,15.0,19.0,41.375,4.0,5.0,8.375,1017.875,131.0,10.0,63.375,19.25,19.125,18.875,19.0,4,5,5,2,1,0
2025-04-06,0.0000,0.0000,28.0,16.0,22.0,22.0,5.0,6.0,9.125,1016.125,169.875,10.0,63.625,20.625,21.0,18.375,20.625,4,6,6,2,1,0
2025-04-07,0.0000,0.0000,29.0,18.0,24.0,33.875,10.0,6.0,12.25,1014.25,169.375,9.875,21.5,23.125,23.125,22.75,23.125,4,7,0,2,0,0
2025-04-08,0.0000,0.0000,33.0,21.0,26.0,42.25,12.0,7.0,9.375,1012.375,170.0,10.0,30.0,25.25,24.75,16.875,24.875,4,8,1,2,0,0
2025-04-09,0.0000,0.0000,33.0,22.0,26.0,42.25,12.0,7.0,6.375,1009.625,157.625,10.0,15.75,26.0,25.625,12.0,25.625,4,9,2,2,0,0
2025-04-10,0.0000,0.0000,31.0,19.0,25.0,38.875,12.0,7.0,6.125,1007.625,201.75,10.0,17.625,24.875,25.0,15.875,24.875,4,10,3,2,0,0
2025-04-11,0.0000,0.0000,26.0,18.0,22.0,60.25,7.0,6.0,13.5,1004.125,167.75,9.75,50.375,23.375,22.5,21.25,23.0,4,11,4,2,0,0
2025-04-12,0.0000,0.0000,19.0,13.0,15.0,32.125,12.0,4.0,24.875,1015.25,323.375,10.0,52.125,16.625,16.25,43.75,16.25,4,12,5,2,1,0
2025-04-13,0.0000,0.0000,25.0,10.0,18.0,39.5,13.0,5.0,17.5,1013.375,232.0,10.0,4.625,17.25,16.25,28.375,16.5,4,13,6,2,1,0
2025-04-14,0.0000,0.0000,27.0,16.0,21.0,34.625,13.0,6.0,14.75,1010.875,278.125,10.0,1.125,20.75,21.125,28.5,20.625,4,14,0,2,0,0
2025-04-15,0.0000,0.0000,29.0,16.0,23.0,31.25,12.0,6.0,7.375,1012.375,180.5,10.0,24.875,21.875,22.25,12.25,21.75,4,15,1,2,0,0
2025-04-16,0.0000,0.0000,30.0,20.0,25.0,40.125,11.0,6.0,15.125,1006.25,182.25,10.0,19.125,24.375,24.375,24.125,24.375,4,16,2,2,0,0
2025-04-17,0.0000,0.0000,28.0,21.0,25.0,50.125,13.0,6.0,13.625,1005.0,197.25,10.0,6.0,24.75,24.125,23.75,24.5,4,17,3,2,0,0
2025-04-18,0.0000,0.0000,34.0,20.0,27.0,51.75,13.0,7.0,14.0,1004.25,136.875,10.0,9.375,27.625,26.875,22.5,27.25,4,18,4,2,0,0
2025-04-19,0.0000,0.0000,27.0,22.0,25.0,61.625,10.0,6.0,10.375,1006.375,62.375,9.875,42.375,25.75,24.125,21.25,25.125,4,19,5,2,1,0
2025-04-20,0.0000,0.0000,31.0,22.0,26.0,60.625,12.0,7.0,13.5,1008.0,121.375,10.0,29.5,27.0,25.625,20.125,26.75,4,20,6,2,1,0
2025-04-21,0.0000,0.0000,26.0,22.0,24.0,81.0,8.0,6.0,10.375,1004.75,120.125,8.625,62.5,26.0,24.125,21.625,26.0,4,21,0,2,0,0
2025-04-22,0.0000,0.0000,26.0,19.0,22.0,64.25,6.0,5.0,16.25,1009.75,176.75,9.875,69.875,23.625,22.0,27.625,22.875,4,22,1,2,0,0
2025-04-23,0.0000,0.0000,25.0,19.0,22.0,63.875,13.0,5.0,6.0,1012.0,268.625,9.375,41.25,22.875,21.625,10.125,22.125,4,23,2,2,0,0
2025-04-24,0.0000,0.0000,22.0,16.0,19.0,63.375,11.0,5.0,8.625,1012.375,151.375,9.375,58.75,19.75,19.375,13.375,19.375,4,24,3,2,0,0
2025-04-25,0.0000,0.0000,27.0,17.0,23.0,56.25,12.0,6.0,6.75,1015.375,190.375,10.0,18.25,22.875,22.25,11.75,22.5,4,25,4,2,0,0
2025-04-26,0.0000,0.0000,27.0,19.0,23.0,53.25,13.0,6.0,13.375,1013.5,132.375,9.0,45.625,24.25,23.375,20.875,24.25,4,26,5,2,1,0
2025-04-27,0.0000,0.0000,25.0,20.0,22.0,70.875,8.0,5.0,6.125,1013.375,254.875,9.375,72.375,23.125,22.0,11.5,22.5,4,27,6,2,1,0
2025-04-28,0.0000,0.0000,29.0,19.0,24.0,42.75,13.0,6.0,12.875,1015.5,95.625,10.0,13.25,23.625,23.75,20.5,23.25,4,28,0,2,0,0
2025-04-29,0.0000,0.0000,30.0,19.0,25.0,31.375,12.0,6.0,7.625,1013.125,161.375,10.0,45.5,24.25,24.5,12.125,24.125,4,29,1,2,0,0
2025-04-30,0.0000,0.0000,30.0,20.0,25.0,51.625,13.0,6.0,18.375,1010.375,231.25,10.0,21.75,25.625,24.75,24.625,25.375,4,30,2,2,0,0
2025-05-01,0.0000,0.0000,33.0,20.0,26.0,47.375,14.0,7.0,11.5,1011.875,189.25,10.0,3.5,25.5,26.125,20.0,25.25,5,1,3,2,0,1
2025-05-02,0.0000,0.0000,34.0,21.0,28.0,33.125,14.0,7.0,17.375,1008.375,196.125,10.0,13.375,27.125,27.625,29.625,27.125,5,2,4,2,0,1
2025-05-03,0.0000,0.0000,27.0,22.0,24.0,39.0,14.0,6.0,20.0,1008.75,64.875,10.0,23.0,25.25,24.75,34.375,25.25,5,3,5,2,1,0
2025-05-04,0.0000,0.0000,25.0,18.0,22.0,56.25,7.0,6.0,9.375,1008.25,154.5,9.75,65.125,25.5,24.0,18.625,24.875,5,4,6,2,1,0
2025-05-05,0.0000,0.0000,29.0,20.0,24.0,64.25,11.0,5.0,11.125,1007.25,300.75,9.5,50.375,23.625,23.25,23.0,23.625,5,5,0,2,0,1
2025-05-06,0.0000,0.0000,27.0,20.0,23.0,37.375,10.0,5.0,9.5,1009.75,86.75,10.0,52.0,23.0,22.875,18.125,22.625,5,6,1,2,0,0
2025-05-07,0.0000,0.0000,30.0,19.0,24.0,34.0,14.0,6.0,9.875,1008.125,148.0,10.0,4.625,24.375,24.5,17.0,24.125,5,7,2,2,0,0
2025-05-08,0.0000,0.0000,24.0,18.0,20.0,83.0,1.0,5.0,13.625,1003.125,171.25,8.5,88.875,21.625,20.75,20.5,21.25,5,8,3,2,0,0
2025-05-09,0.0000,0.0000,29.0,17.0,22.0,60.75,11.0,5.0,13.5,1009.75,312.125,10.0,29.25,22.375,21.75,21.5,21.75,5,9,4,2,0,0
2025-05-10,0.0000,0.0000,22.0,16.0,19.0,41.625,14.0,5.0,15.875,1015.875,297.0,10.0,30.125,19.5,19.25,25.125,19.25,5,10,5,2,1,0
2025-05-11,0.0000,0.0000,28.0,13.0,20.0,55.5,14.0,6.0,15.375,1012.75,220.125,10.0,0.5,20.25,19.625,24.875,19.625,5,11,6,2,1,0
2025-05-12,0.0000,0.0000,29.0,17.0,24.0,40.25,14.0,6.0,14.5,1008.25,192.25,10.0,2.375,23.25,23.375,25.875,23.25,5,12,0,2,0,0
2025-05-13,0.0000,0.0000,32.0,19.0,26.0,45.625,14.0,7.0,13.25,1007.375,168.625,10.0,15.375,25.25,25.375,22.75,25.25,5,13,1,2,0,0
2025-05-14,0.0000,0.0000,28.0,21.0,24.0,60.5,14.0,6.0,11.625,1009.875,250.625,9.375,47.25,26.0,24.625,20.125,25.75,5,14,2,2,0,0
2025-05-15,0.0000,0.0000,25.0,19.0,21.0,82.0,10.0,5.0,9.5,1012.25,118.125,9.625,71.375,21.875,20.75,13.125,21.0,5,15,3,2,0,0
2025-05-16,0.0000,0.0000,32.0,21.0,26.0,63.75,14.0,6.0,6.125,1008.875,164.5,10.0,24.0,26.75,25.375,9.25,25.75,5,16,4,2,0,0
2025-05-17,0.0000,0.0000,33.0,23.0,27.0,53.625,13.0,7.0,8.5,1009.0,147.125,10.0,46.25,27.375,26.875,15.5,27.375,5,17,5,2,1,0
2025-05-18,0.0000,0.0000,29.0,23.0,25.0,42.5,13.0,7.0,7.875,1009.875,97.625,10.0,40.125,25.5,25.0,14.375,25.5,5,18,6,2,1,0
2025-05-19,0.0000,0.0000,33.0,22.0,28.0,64.0,14.0,7.0,11.0,1005.0,195.625,10.0,8.375,29.75,27.5,17.5,29.75,5,19,0,2,0,0
2025-05-20,0.0000,0.0000,33.0,26.0,29.0,66.875,7.0,6.0,14.375,1002.375,184.125,9.625,71.5,31.0,28.125,26.5,31.0,5,20,1,2,0,0
2025-05-21,0.0000,0.0000,33.0,25.0,30.0,66.75,10.0,7.0,10.5,1003.5,171.375,10.0,37.625,33.125,29.375,16.0,33.125,5,21,2,2,0,0
2025-05-22,0.0000,0.0000,32.0,23.0,27.0,78.625,8.0,7.0,11.125,1004.25,191.5,9.5,62.875,29.0,26.125,20.125,29.0,5,22,3,2,0,0
2025-05-23,0.0000,0.0000,25.0,20.0,22.0,69.75,7.0,5.0,22.25,1008.25,145.5,10.0,67.125,22.5,21.125,36.0,21.5,5,23,4,2,0,0
2025-05-24,0.0000,0.0000,26.0,20.0,23.0,51.5,14.0,6.0,10.5,1015.0,140.375,10.0,12.5,23.75,22.875,17.5,23.375,5,24,5,2,1,0
2025-05-25,0.0000,0.0000,28.0,20.0,24.0,43.875,12.0,6.0,6.25,1016.0,178.5,10.0,41.25,24.375,24.0,9.75,24.125,5,25,6,2,1,0
2025-05-26,0.0000,0.0000,28.0,21.0,24.0,52.875,14.0,6.0,7.375,1015.0,131.375,10.0,36.0,25.0,24.0,11.75,24.375,5,26,0,2,0,0
2025-05-27,0.0000,0.0000,29.0,22.0,26.0,53.5,14.0,7.0,11.375,1013.25,93.25,10.0,21.75,26.875,25.875,16.875,26.875,5,27,1,2,0,0
2025-05-28,0.0000,0.0000,25.0,20.0,22.0,75.875,13.0,5.0,10.875,1012.125,201.75,9.375,51.875,23.0,21.875,15.25,22.625,5,28,2,2,0,0
2025-05-29,0.0000,0.0000,29.0,19.0,24.0,63.875,14.0,6.0,8.5,1011.625,120.5,10.0,6.125,24.25,23.625,12.625,24.25,5,29,3,2,0,0
2025-05-30,0.0000,0.0000,30.0,21.0,25.0,57.625,14.0,7.0,15.75,1008.375,130.5,10.0,9.75,26.5,25.375,22.625,26.125,5,30,4,2,0,0
2025-05-31,0.0000,0.0000,25.0,21.0,22.0,89.625,1.0,6.0,12.375,1003.25,126.25,8.25,90.875,24.75,22.625,18.0,23.375,5,31,5,2,1,1
2025-06-01,0.0000,0.0000,19.0,17.0,18.0,95.0,1.0,4.0,16.125,1003.125,99.125,4.75,100.0,18.125,18.125,22.625,18.125,6,1,6,3,1,0
2025-06-02,0.0000,0.0000,23.0,17.0,20.0,82.75,3.0,4.0,13.375,1005.25,293.75,10.0,87.375,20.125,19.5,18.0,19.75,6,2,0,3,0,1
2025-06-03,0.0000,0.0000,27.0,19.0,22.0,75.375,12.0,5.0,9.0,1006.375,236.625,10.0,49.0,23.25,22.25,13.0,23.0,6,3,1,3,0,0
2025-06-04,0.0000,0.0000,24.0,20.0,22.0,69.875,12.0,6.0,4.375,1008.875,236.125,10.0,57.0,23.625,22.25,7.625,23.25,6,4,2,3,0,0
2025-06-05,0.0000,0.0000,28.0,21.0,25.0,67.125,14.0,5.0,7.25,1007.25,140.375,10.0,29.375,26.75,24.625,11.875,26.125,6,5,3,3,0,0
2025-06-06,0.0000,0.0000,33.0,25.0,28.0,75.875,14.0,7.0,10.375,1003.0,173.25,9.875,51.875,32.75,28.5,17.5,32.75,6,6,4,3,0,0
2025-06-07,0.0000,0.0000,31.0,24.0,27.0,87.375,8.0,6.0,10.625,1002.375,95.25,9.25,65.375,30.875,26.75,18.5,30.875,6,7,5,3,1,0
2025-06-08,0.0000,0.0000,28.0,24.0,26.0,83.25,6.0,6.0,7.25,1003.75,194.5,10.0,82.375,28.5,25.75,10.625,28.5,6,8,6,3,1,0
2025-06-09,0.0000,0.0000,29.0,23.0,26.0,81.375,2.0,6.0,6.25,1004.375,54.875,10.0,88.375,28.125,25.375,8.625,28.125,6,9,0,3,0,0
2025-06-10,0.0000,0.0000,26.0,23.0,25.0,85.875,12.0,6.0,5.0,1006.125,116.0,9.375,49.5,26.75,24.5,8.875,26.75,6,10,1,3,0,0
2025-06-11,0.0000,0.0000,31.0,21.0,25.0,68.5,14.0,7.0,8.375,1008.5,96.75,10.0,8.125,27.25,25.625,12.875,26.75,6,11,2,3,0,0
2025-06-12,521.4394,521.4394,30.0,22.0,27.0,73.75,9.0,7.0,9.75,1008.125,120.75,10.0,36.375,29.125,26.625,14.125,29.125,6,12,3,3,0,0
2025-06-13,2209.4289,2209.4289,32.0,24.0,28.0,73.375,14.0,7.0,6.5,1005.25,149.875,10.0,24.5,31.0,27.875,9.375,31.0,6,13,4,3,0,0
2025-06-14,2430.0675,2430.0675,36.0,25.0,30.0,68.875,10.0,8.0,12.25,1000.875,209.375,9.5,40.875,34.75,30.125,17.5,34.75,6,14,5,3,1,0
2025-06-15,1866.5580,1866.5580,32.0,23.0,27.0,64.875,13.0,6.0,9.75,1001.5,227.75,10.0,31.25,28.5,27.0,14.25,28.5,6,15,6,3,1,0
2025-06-16,2200.1184,2200.1184,35.0,23.0,29.0,57.875,14.0,7.0,14.75,1001.75,220.125,10.0,1.625,31.5,28.5,23.5,31.5,6,16,0,3,0,0
2025-06-17,2073.1187,2073.1187,36.0,26.0,31.0,64.625,13.0,8.0,13.0,1002.625,165.0,9.75,25.125,35.5,30.75,19.375,35.5,6,17,1,3,0,0
2025-06-18,2752.2484,2752.2484,33.0,26.0,29.0,73.25,12.0,7.0,13.25,1003.25,144.375,10.0,44.5,33.875,29.125,19.625,33.875,6,18,2,3,0,0
2025-06-19,2197.1784,2197.1784,25.0,23.0,24.0,93.75,1.0,5.0,14.875,1003.5,167.5,7.125,95.875,26.75,24.125,22.5,26.75,6,19,3,3,0,0
2025-06-20,2679.7580,2679.7580,24.0,23.0,24.0,97.0,1.0,5.0,11.75,1002.625,216.0,7.875,100.0,26.25,23.75,17.125,26.25,6,20,4,3,0,0
2025-06-21,2607.6378,2607.6378,24.0,22.0,23.0,95.25,1.0,5.0,14.0,1004.125,218.75,8.75,94.375,25.625,23.125,21.0,25.625,6,21,5,3,1,0
2025-06-22,2459.2979,2459.2979,22.0,20.0,21.0,91.625,1.0,5.0,5.75,1007.625,65.5,10.0,100.0,22.75,21.25,8.875,21.625,6,22,6,3,1,0
2025-06-23,2246.4480,2246.4480,26.0,21.0,23.0,86.25,7.0,6.0,8.0,1006.375,136.875,10.0,66.25,25.625,23.5,11.375,25.375,6,23,0,3,0,0
2025-06-24,2207.9284,2207.9284,29.0,21.0,25.0,77.5,5.0,5.0,6.375,1007.125,203.5,9.875,67.375,27.125,24.75,9.375,26.625,6,24,1,3,0,0
2025-06-25,2859.2168,2859.2168,28.0,22.0,24.0,80.625,6.0,6.0,10.375,1007.625,97.125,9.0,71.125,26.375,23.875,15.625,26.375,6,25,2,3,0,0
2025-06-26,2503.0687,2503.0687,26.0,21.0,24.0,87.75,1.0,5.0,7.5,1007.625,238.0,9.0,90.375,26.0,23.75,10.75,25.75,6,26,3,3,0,0
2025-06-27,2027.2684,2027.2684,25.0,24.0,25.0,91.75,5.0,6.0,7.125,1005.75,201.875,8.625,73.5,27.5,24.5,10.625,27.5,6,27,4,3,0,0
2025-06-28,4136.6949,4136.6949,31.0,24.0,27.0,85.5,7.0,6.0,13.125,1002.125,143.625,9.25,68.75,31.125,27.125,21.25,31.125,6,28,5,3,1,0
2025-06-29,3165.9273,3165.9273,30.0,24.0,26.0,82.875,10.0,6.0,11.125,1001.75,139.5,9.75,63.375,29.25,26.25,18.625,29.25,6,29,6,3,1,0
2025-06-30,2167.1445,2167.1445,34.0,24.0,29.0,77.5,11.0,7.0,10.125,1002.875,139.25,9.875,41.25,33.375,28.625,15.875,33.375,6,30,0,3,0,0
2025-07-01,3039.2900,3039.2900,34.0,27.0,30.0,72.25,9.0,8.0,10.25,1004.625,162.875,9.875,43.375,36.0,30.25,15.875,36.0,7,1,1,3,0,0
2025-07-02,4840.5244,4840.5244,36.0,27.0,31.0,66.25,14.0,8.0,12.25,1005.5,181.25,10.0,7.875,37.375,31.5,18.625,37.375,7,2,2,3,0,0
2025-07-03,4032.5531,4032.5531,36.0,28.0,32.0,63.25,14.0,8.0,14.625,1004.375,195.125,10.0,3.875,38.125,32.25,21.75,38.125,7,3,3,3,0,0
2025-07-04,4080.9921,4080.9921,37.0,28.0,33.0,62.0,14.0,8.0,12.125,1002.75,192.25,10.0,4.5,39.625,32.625,18.375,39.625,7,4,4,3,0,0
2025-07-05,5360.4082,5360.4082,38.0,29.0,34.0,60.5,14.0,8.0,7.5,1001.875,219.75,10.0,15.125,40.75,33.5,11.0,40.75,7,5,5,3,1,0
2025-07-06,5214.1200,5214.1200,39.0,28.0,33.0,57.875,14.0,8.0,7.75,1001.375,94.25,10.0,8.5,39.125,33.125,12.0,39.125,7,6,6,3,1,0
2025-07-07,4127.8156,4127.8156,38.0,26.0,31.0,61.875,13.0,7.0,5.625,999.875,137.5,9.5,35.375,36.375,31.75,9.5,36.375,7,7,0,3,0,0
2025-07-08,5082.6887,5082.6887,38.0,28.0,32.0,59.75,14.0,8.0,10.25,999.375,83.875,10.0,13.375,37.375,32.375,15.375,37.375,7,8,1,3,0,0
2025-07-09,5206.8011,5206.8011,36.0,27.0,31.0,62.5,14.0,7.0,11.875,1000.5,56.5,10.0,40.5,36.0,31.25,18.25,36.0,7,9,2,3,0,0
2025-07-10,5382.5576,5382.5576,36.0,27.0,31.0,62.5,14.0,8.0,17.125,1001.0,49.375,10.0,14.625,35.0,31.0,24.25,35.0,7,10,3,3,0,0
2025-07-11,5201.0381,5201.0381,36.0,26.0,31.0,61.375,14.0,8.0,13.75,1003.0,45.25,9.875,29.0,34.5,30.5,19.875,34.5,7,11,4,3,0,0
2025-07-12,5093.7812,5093.7812,35.0,26.0,30.0,67.375,8.0,8.0,10.25,1004.25,40.75,10.0,55.125,34.625,30.125,15.125,34.625,7,12,5,3,1,0
2025-07-13,4888.2253,4888.2253,35.0,26.0,31.0,69.5,9.0,8.0,3.375,1003.5,235.875,9.625,66.625,35.375,30.375,5.375,35.375,7,13,6,3,1,0
2025-07-14,5222.3928,5222.3928,36.0,28.0,32.0,63.625,12.0,8.0,5.375,1001.0,198.125,9.75,34.625,37.625,31.875,8.0,37.625,7,14,0,3,0,0
2025-07-15,4954.7500,4954.7500,36.0,29.0,32.0,62.5,14.0,8.0,10.5,997.875,201.625,10.0,23.5,39.0,32.625,15.375,39.0,7,15,1,3,0,0
2025-07-16,5112.6300,5112.6300,38.0,29.0,33.0,61.125,14.0,8.0,15.0,997.0,198.5,10.0,8.75,40.75,33.25,21.75,40.75,7,16,2,3,0,0
2025-07-17,4854.8700,4854.8700,38.0,30.0,33.0,65.5,11.0,8.0,4.75,999.25,247.375,9.125,36.375,41.0,33.0,7.75,41.0,7,17,3,3,0,0
2025-07-18,4884.7500,4884.7500,38.0,28.0,32.0,61.125,13.0,8.0,14.0,1000.0,70.0,9.875,19.75,38.375,32.5,20.875,38.375,7,18,4,3,0,0
2025-07-19,5459.5000,5459.5000,35.0,26.0,31.0,59.625,14.0,8.0,6.75,1000.125,62.0,10.0,7.375,34.125,30.375,10.625,34.125,7,19,5,3,1,0
2025-07-20,5436.0000,5436.0000,34.0,28.0,31.0,67.875,13.0,8.0,11.125,1000.75,76.375,10.0,44.0,36.125,30.75,17.625,36.125,7,20,6,3,1,0
2025-07-21,5053.6300,5053.6300,36.0,28.0,31.0,67.375,9.0,8.0,12.0,1002.625,72.625,9.375,47.625,37.125,31.375,18.125,37.125,7,21,0,3,0,0
2025-07-22,4334.3000,4334.3000,33.0,27.0,30.0,66.375,11.0,7.0,22.75,1002.5,102.125,9.375,39.625,34.25,30.125,31.25,34.25,7,22,1,3,0,0
2025-07-23,5113.1200,5113.1200,34.0,26.0,29.0,69.125,9.0,7.0,15.5,1004.125,119.0,10.0,49.5,32.875,29.0,21.875,32.875,7,23,2,3,0,0
2025-07-24,4701.6300,4701.6300,37.0,26.0,31.0,64.75,14.0,8.0,7.5,1003.125,138.0,10.0,19.125,36.25,31.125,10.75,36.25,7,24,3,3,0,0
2025-07-25,4781.3700,4781.3700,37.0,28.0,32.0,59.0,14.0,8.0,7.875,1001.0,99.25,10.0,18.375,37.375,32.375,11.875,37.375,7,25,4,3,0,0
2025-07-26,5838.7500,5838.7500,35.0,28.0,31.0,63.125,10.0,8.0,7.5,1000.375,66.375,9.875,51.625,36.5,31.25,10.875,36.5,7,26,5,3,1,0
2025-07-27,5128.2500,5128.2500,34.0,28.0,31.0,68.375,8.0,7.0,13.375,999.0,29.875,9.25,68.375,36.25,30.875,19.0,36.25,7,27,6,3,1,0
2025-07-28,5184.0700,5184.0700,35.0,26.0,30.0,69.25,11.0,7.0,12.875,997.375,23.625,9.5,51.875,35.5,30.375,19.0,35.5,7,28,0,3,0,0
2025-07-29,5549.5100,5549.5100,35.0,27.0,31.0,68.875,10.0,8.0,8.625,995.25,22.75,10.0,45.0,36.75,30.875,12.5,36.75,7,29,1,3,0,0
2025-07-30,4629.7100,4629.7100,36.0,26.0,31.0,65.25,13.0,8.0,12.75,996.25,29.125,9.875,26.625,35.875,31.0,19.125,35.875,7,30,2,3,0,0
2025-07-31,5226.0000,5226.0000,33.0,27.0,30.0,58.625,14.0,7.0,12.375,997.875,38.375,10.0,17.125,32.375,29.75,17.25,32.375,7,31,3,3,0,0
2025-08-01,4995.0000,4995.0000,34.0,26.0,30.0,64.0,10.0,8.0,11.0,997.375,274.375,8.875,46.875,34.125,30.0,16.25,34.125,8,1,4,3,0,0
2025-08-02,5502.7500,5502.7500,36.0,27.0,31.0,67.125,11.0,7.0,7.125,998.375,293.375,9.75,47.5,37.375,31.5,10.5,37.375,8,2,5,3,1,0
2025-08-03,5063.7500,5063.7500,38.0,29.0,33.0,60.0,14.0,8.0,4.875,997.75,187.75,10.0,25.625,39.375,33.125,7.5,39.375,8,3,6,3,1,0
2025-08-04,5120.2500,5120.2500,38.0,30.0,33.0,59.0,14.0,8.0,6.25,998.875,116.625,9.875,25.125,40.125,33.375,10.25,40.125,8,4,0,3,0,0
2025-08-05,5298.6300,5298.6300,39.0,29.0,33.0,61.625,14.0,8.0,9.125,1000.0,117.375,9.25,26.5,40.875,33.375,13.875,40.875,8,5,1,3,0,0
2025-08-06,4815.1200,4815.1200,36.0,29.0,32.0,68.375,10.0,8.0,6.75,1000.625,192.5,9.625,52.375,40.25,32.125,10.625,40.25,8,6,2,3,0,0
2025-08-07,4856.5000,4856.5000,30.0,27.0,28.0,78.625,12.0,6.0,7.0,1003.75,189.125,9.875,74.5,32.25,27.875,10.5,32.25,8,7,3,3,0,0
2025-08-08,4656.2500,4656.2500,35.0,26.0,30.0,71.875,5.0,7.0,12.5,1003.25,195.75,10.0,72.875,35.375,30.0,18.0,35.375,8,8,4,3,0,0
2025-08-09,5245.1200,5245.1200,35.0,28.0,31.0,65.875,11.0,8.0,15.375,1002.125,202.25,10.0,42.25,36.75,31.25,22.875,36.75,8,9,5,3,1,0
2025-08-10,5267.5100,5267.5100,28.0,25.0,27.0,89.625,3.0,6.0,8.375,1002.75,168.375,9.0,83.25,31.625,27.125,13.375,31.625,8,10,6,3,1,0
2025-08-11,2570.1900,2570.1900,25.0,22.0,23.0,95.625,1.0,5.0,7.875,1004.25,309.75,8.625,100.0,26.125,23.25,12.25,26.125,8,11,0,3,0,0
2025-08-12,2507.7600,2507.7600,27.0,24.0,25.0,92.125,7.0,5.0,5.875,1005.75,237.375,7.0,77.75,27.625,25.0,8.75,27.625,8,12,1,3,0,0
2025-08-13,2688.7500,2688.7500,26.0,24.0,25.0,91.75,10.0,5.0,4.25,1007.75,186.5,9.875,68.375,27.625,24.625,6.875,27.625,8,13,2,3,0,0
2025-08-14,5029.3700,5029.3700,35.0,25.0,30.0,71.875,14.0,7.0,13.125,1007.625,65.625,9.875,29.25,34.125,29.5,19.25,34.125,8,14,3,3,0,0
2025-08-15,5015.0000,5015.0000,35.0,26.0,31.0,61.125,14.0,8.0,11.0,1008.125,129.25,10.0,7.75,34.75,30.75,18.0,34.75,8,15,4,3,0,0
2025-08-16,5229.7500,5229.7500,37.0,27.0,32.0,62.0,14.0,8.0,7.125,1007.875,160.625,10.0,12.625,36.75,31.75,11.375,36.75,8,16,5,3,1,0
2025-08-17,4821.0000,4821.0000,37.0,28.0,32.0,59.5,14.0,8.0,7.25,1008.375,130.625,10.0,11.625,37.5,32.375,11.125,37.5,8,17,6,3,1,0
2025-08-18,4719.3800,4719.3800,37.0,28.0,33.0,56.625,14.0,8.0,9.0,1008.125,137.875,10.0,11.875,37.375,32.5,14.5,37.375,8,18,0,3,0,0
2025-08-19,4695.3700,4695.3700,37.0,28.0,32.0,57.125,14.0,8.0,10.25,1006.0,178.75,10.0,22.75,37.25,32.5,15.625,37.25,8,19,1,3,0,0
2025-08-20,4396.8700,4396.8700,36.0,29.0,32.0,58.25,13.0,8.0,13.875,1004.25,199.5,10.0,24.75,37.625,32.25,19.625,37.625,8,20,2,3,0,0
2025-08-21,5342.3800,5342.3800,37.0,28.0,32.0,56.5,13.0,8.0,12.625,1005.625,191.625,9.375,32.125,36.875,32.375,18.375,36.875,8,21,3,3,0,0
2025-08-22,4594.0000,4594.0000,36.0,27.0,30.0,65.75,13.0,8.0,12.5,1006.625,177.625,10.0,31.0,34.5,30.25,18.75,34.5,8,22,4,3,0,0
2025-08-23,4659.2500,4659.2500,36.0,26.0,31.0,63.75,12.0,8.0,13.25,1006.375,168.0,9.875,39.625,35.0,30.5,19.5,35.0,8,23,5,3,1,0
2025-08-24,4948.2500,4948.2500,36.0,27.0,31.0,67.375,13.0,7.0,9.125,1007.75,152.25,9.75,35.125,36.0,30.75,14.75,36.0,8,24,6,3,1,0
2025-08-25,4316.7500,4316.7500,37.0,27.0,32.0,58.125,13.0,8.0,5.625,1008.0,196.5,10.0,30.25,36.75,32.0,8.625,36.75,8,25,0,3,0,0
2025-08-26,4534.1200,4534.1200,35.0,26.0,30.0,60.875,13.0,7.0,10.125,1008.75,111.0,10.0,27.75,32.875,29.75,15.625,32.875,8,26,1,3,0,0
2025-08-27,6292.9500,6292.9500,37.0,26.0,32.0,55.25,13.0,8.0,8.125,1006.625,135.0,10.0,6.5,35.25,31.5,13.375,35.25,8,27,2,3,0,0
2025-08-28,4992.1300,4992.1300,38.0,28.0,32.0,51.5,13.0,8.0,6.875,1006.5,139.25,10.0,15.875,36.125,32.625,12.125,36.125,8,28,3,3,0,0
2025-08-29,4440.8700,4440.8700,36.0,28.0,32.0,56.125,13.0,8.0,6.5,1009.375,133.375,9.875,37.25,36.375,32.0,9.875,36.375,8,29,4,3,0,0
2025-08-30,4973.3800,4973.3800,29.0,25.0,27.0,79.375,10.0,7.0,9.25,1010.5,143.0,9.375,60.375,30.375,27.375,14.375,30.375,8,30,5,3,1,0
2025-08-31,4426.2500,4426.2500,30.0,25.0,27.0,80.125,9.0,6.0,6.75,1009.375,261.0,9.875,60.875,29.5,26.75,10.125,29.5,8,31,6,3,1,0
2025-09-01,2649.0000,2649.0000,30.0,25.0,27.0,79.0,7.0,6.0,6.75,1007.125,89.5,9.25,65.25,30.0,26.75,10.0,30.0,9,1,0,4,0,0
2025-09-02,4187.2500,4187.2500,33.0,24.0,28.0,76.625,9.0,6.0,5.375,1006.375,111.5,8.625,59.875,32.75,28.375,8.375,32.75,9,2,1,4,0,0
2025-09-03,4158.0000,4158.0000,35.0,27.0,30.0,65.0,6.0,8.0,6.625,1006.125,102.25,10.0,51.125,34.875,30.375,10.625,34.875,9,3,2,4,0,0
2025-09-04,2378.7500,2378.7500,33.0,26.0,29.0,74.125,10.0,7.0,10.625,1005.75,72.375,9.75,56.5,34.5,29.5,16.25,34.5,9,4,3,4,0,0
2025-09-05,3895.1200,3895.1200,36.0,26.0,30.0,73.375,12.0,7.0,8.5,1005.875,168.0,9.375,52.5,35.875,30.25,13.875,35.875,9,5,4,4,0,0
2025-09-06,3811.7600,3811.7600,28.0,24.0,26.0,80.875,6.0,6.0,13.25,1009.375,265.75,9.875,69.0,28.5,26.0,19.0,28.5,9,6,5,4,1,0
2025-09-07,4580.8700,4580.8700,32.0,23.0,27.0,73.75,11.0,7.0,6.875,1008.375,262.125,10.0,44.125,30.375,27.0,10.125,30.375,9,7,6,4,1,0
2025-09-08,4282.1200,4282.1200,32.0,24.0,27.0,78.375,10.0,7.0,13.375,1008.125,17.25,10.0,43.875,31.25,27.5,18.875,31.25,9,8,0,4,0,0
2025-09-09,2855.9000,2855.9000,24.0,21.0,23.0,89.25,1.0,5.0,10.875,1010.75,21.5,8.875,95.125,25.125,22.875,15.0,24.25,9,9,1,4,0,0
2025-09-10,2648.3925,2648.3925,28.0,23.0,26.0,87.625,3.0,7.0,7.875,1009.875,49.125,9.0,75.5,29.0,25.625,11.75,29.0,9,10,2,4,0,0
2025-09-11,2523.2326,2523.2326,31.0,24.0,27.0,84.0,4.0,6.0,8.625,1008.375,145.125,7.75,80.5,31.25,27.0,12.875,31.25,9,11,3,4,0,0
2025-09-12,2232.2159,2232.2159,26.0,21.0,23.0,94.5,1.0,5.0,7.625,1009.125,241.875,7.875,95.125,26.0,23.0,10.875,24.625,9,12,4,4,0,0
2025-09-13,3839.6632,3839.6632,25.0,21.0,23.0,90.375,1.0,5.0,5.875,1010.25,211.25,9.5,89.625,24.75,22.5,8.5,23.625,9,13,5,4,1,0
2025-09-14,4528.0750,4528.0750,25.0,24.0,24.0,93.375,2.0,5.0,7.625,1010.0,134.0,6.25,81.25,27.0,24.25,11.5,27.0,9,14,6,4,1,0
2025-09-15,4210.0700,4210.0700,33.0,23.0,27.0,81.625,10.0,6.0,6.875,1010.125,150.5,8.75,31.875,31.625,27.375,10.5,31.625,9,15,0,4,0,0
2025-09-16,3964.1575,3964.1575,35.0,26.0,30.0,70.5,12.0,7.0,10.375,1008.875,179.375,10.0,8.5,34.5,29.875,16.625,34.5,9,16,1,4,0,0
2025-09-17,2876.0920,2876.0920,30.0,20.0,25.0,82.5,8.0,7.0,17.125,1011.25,27.875,9.75,72.0,28.875,25.875,24.375,28.875,9,17,2,4,0,0
2025-09-18,2073.5585,2073.5585,21.0,19.0,20.0,86.0,1.0,5.0,16.875,1015.25,144.125,10.0,97.75,20.375,20.375,23.625,20.375,9,18,3,4,0,0
2025-09-19,359.4213,359.4213,21.0,18.0,19.0,84.375,1.0,4.0,14.125,1014.0,175.25,10.0,98.5,20.0,19.625,18.875,19.625,9,19,4,4,0,0
2025-09-20,734.7571,734.7571,23.0,17.0,20.0,77.25,1.0,5.0,13.375,1014.875,114.375,10.0,87.875,21.125,19.75,17.375,20.375,9,20,5,4,1,0
2025-09-21,1060.2989,1060.2989,22.0,20.0,21.0,78.75,1.0,6.0,8.0,1014.875,29.0,10.0,90.0,23.0,21.25,11.75,22.0,9,21,6,4,1,0
2025-09-22,1361.2200,1361.2200,23.0,20.0,21.0,80.5,4.0,5.0,12.5,1015.375,96.25,10.0,87.125,22.625,21.25,17.5,22.0,9,22,0,4,0,0
2025-09-23,414.6498,414.6498,23.0,18.0,20.0,83.75,1.0,5.0,16.5,1014.25,223.375,10.0,97.125,21.375,20.375,21.875,20.625,9,23,1,4,0,0
2025-09-24,0.1000,0.1000,26.0,18.0,21.0,77.375,4.0,5.0,19.0,1012.0,58.25,10.0,72.25,22.0,21.0,26.25,22.0,9,24,2,4,0,0
2025-09-25,0.0000,0.0000,22.0,21.0,21.0,90.0,1.0,6.0,9.5,1015.25,34.875,5.75,92.625,22.125,21.125,13.875,21.125,9,25,3,4,0,0
2025-09-26,1231.9650,1231.9650,25.0,21.0,22.0,93.25,1.0,5.0,8.125,1017.75,170.125,5.0,96.625,23.625,22.25,11.625,23.375,9,26,4,4,0,0
2025-09-27,3226.5591,3226.5591,29.0,23.0,25.0,80.875,5.0,6.0,5.5,1016.125,210.625,10.0,71.25,27.875,25.375,8.25,27.875,9,27,5,4,1,0
2025-09-28,2095.5475,2095.5475,31.0,23.0,26.0,78.375,10.0,7.0,6.625,1013.0,158.875,10.0,61.5,29.5,26.625,9.75,29.5,9,28,6,4,1,0
2025-09-29,13.7375,13.7375,26.0,22.0,23.0,79.5,2.0,5.0,13.375,1014.875,227.0,10.0,81.625,25.5,23.5,18.375,25.25,9,29,0,4,0,0
2025-09-30,14.9000,14.9000,26.0,21.0,23.0,83.0,1.0,5.0,5.125,1014.0,295.25,9.0,89.125,24.875,23.25,7.125,24.625,9,30,1,4,0,0
2025-10-01,4773.8800,4773.8800,27.0,23.0,25.0,85.0,6.0,5.0,6.75,1011.375,119.0,9.875,73.25,27.25,24.75,10.875,27.25,10,1,2,4,0,1
2025-10-02,5227.4100,5227.4100,30.0,20.0,25.0,85.125,6.0,5.0,11.375,1009.625,166.0,8.25,78.25,27.875,25.0,16.75,27.625,10,2,3,4,0,1
2025-10-03,2751.5700,2751.5700,24.0,19.0,21.0,83.125,1.0,5.0,9.75,1014.25,179.0,10.0,99.25,22.125,21.0,13.375,21.5,10,3,4,4,0,1
2025-10-04,2908.2780,2908.2780,30.0,20.0,25.0,74.5,10.0,5.0,5.125,1013.25,158.75,10.0,55.25,26.0,24.5,7.875,26.0,10,4,5,4,1,0
2025-10-05,3081.4495,3081.4495,33.0,23.0,28.0,72.875,12.0,7.0,7.5,1011.625,93.625,10.0,36.375,30.75,27.5,11.25,30.75,10,5,6,4,1,0
2025-10-06,4569.0828,4569.0828,34.0,22.0,28.0,72.375,9.0,7.0,10.5,1012.75,34.375,9.875,33.375,32.125,28.375,15.0,32.125,10,6,0,4,0,1
2025-10-07,3213.4115,3213.4115,33.0,23.0,27.0,73.375,12.0,7.0,13.0,1015.0,30.75,10.0,31.375,30.25,27.25,18.125,30.25,10,7,1,4,0,1
2025-10-08,4015.8800,4015.8800,33.0,23.0,28.0,73.875,10.0,7.0,11.25,1013.5,74.625,9.875,20.75,31.375,27.75,16.125,31.375,10,8,2,4,0,1
2025-10-09,2997.3323,2997.3323,35.0,24.0,29.0,68.625,10.0,7.0,11.5,1011.375,90.25,9.75,43.25,33.125,29.375,17.125,33.125,10,9,3,4,0,0
2025-10-10,2443.7200,2443.7200,32.0,21.0,26.0,73.0,11.0,7.0,15.0,1012.125,30.875,10.0,16.375,27.75,25.75,20.875,27.75,10,10,4,4,0,0
2025-10-11,2036.2309,2036.2309,30.0,20.0,24.0,70.25,11.0,6.0,13.875,1011.625,13.25,10.0,19.375,25.875,24.125,18.375,25.25,10,11,5,4,1,0
2025-10-12,1390.6050,1390.6050,29.0,19.0,22.0,71.625,11.0,6.0,12.5,1011.875,62.625,10.0,28.625,23.0,22.625,16.75,23.0,10,12,6,4,1,0
2025-10-13,0.6000,0.6000,19.0,17.0,18.0,76.0,1.0,5.0,15.125,1016.875,52.375,10.0,93.0,17.75,17.75,19.625,17.75,10,13,0,4,0,0
2025-10-14,5.7000,5.7000,26.0,16.0,21.0,66.375,11.0,5.0,8.0,1017.125,123.75,10.0,42.625,21.0,20.375,10.75,21.0,10,14,1,4,0,0
2025-10-15,0.2000,0.2000,23.0,21.0,22.0,81.125,1.0,6.0,6.125,1015.75,85.75,8.875,91.25,24.0,21.75,8.75,22.625,10,15,2,4,0,0
2025-10-16,0.1000,0.1000,24.0,19.0,21.0,84.25,1.0,5.0,9.875,1018.0,32.875,9.875,96.25,21.0,20.625,13.375,21.0,10,16,3,4,0,0
2025-10-17,0.0000,0.0000,25.0,18.0,21.0,87.375,1.0,5.0,11.5,1017.375,149.375,8.0,97.375,21.75,20.75,15.5,21.375,10,17,4,4,0,0
2025-10-18,0.1000,0.1000,18.0,14.0,16.0,90.25,1.0,4.0,20.875,1021.625,56.25,8.0,100.0,16.0,15.5,28.125,15.5,10,18,5,4,1,0
2025-10-19,0.1000,0.1000,14.0,12.0,13.0,87.75,1.0,3.0,19.25,1025.25,16.375,8.125,100.0,12.5,10.75,26.5,10.75,10,19,6,4,1,0
2025-10-20,0.0000,0.0000,13.0,10.0,12.0,77.0,1.0,3.0,24.5,1028.25,24.875,8.0,100.0,12.0,9.375,33.75,9.375,10,20,0,4,0,0
2025-10-21,0.2000,0.2000,11.0,9.0,10.0,82.875,1.0,2.0,19.75,1031.5,18.375,8.0,90.0,9.875,7.25,27.125,7.25,10,21,1,4,0,0
2025-10-22,0.2000,0.2000,17.0,10.0,13.0,68.875,11.0,4.0,12.375,1030.75,16.125,10.0,38.375,12.75,11.5,17.5,11.5,10,22,2,4,0,0
2025-10-23,1.5000,1.5000,19.0,11.0,15.0,61.0,11.0,3.0,14.375,1028.75,23.625,10.0,26.25,15.125,14.25,20.0,14.25,10,23,3,4,0,0
2025-10-24,1.7000,1.7000,17.0,11.0,14.0,67.375,11.0,4.0,10.875,1026.875,57.25,10.0,34.0,13.75,13.125,16.125,13.125,10,24,4,4,0,0
2025-10-25,0.4000,0.4000,15.0,13.0,14.0,76.75,5.0,4.0,8.0,1024.125,178.125,10.0,72.25,14.0,13.625,12.0,13.625,10,25,5,4,1,0
2025-10-26,0.0000,0.0000,20.0,11.0,15.0,73.0,9.0,5.0,8.5,1024.125,223.125,10.0,43.0,15.375,15.25,12.375,15.25,10,26,6,4,1,0
2025-10-27,0.0000,0.0000,19.0,14.0,16.0,68.625,9.0,5.0,7.375,1024.375,97.875,10.0,54.0,16.5,16.5,10.875,16.5,10,27,0,4,0,0
2025-10-28,2.3000,2.3000,23.0,15.0,19.0,57.375,11.0,5.0,6.5,1022.375,90.25,10.0,5.625,19.125,18.75,9.75,18.875,10,28,1,4,0,0
2025-10-29,2.3000,2.3000,23.0,16.0,19.0,55.375,11.0,5.0,9.625,1020.5,84.25,10.0,27.375,19.75,19.125,15.5,19.75,10,29,2,4,0,0
2025-10-30,0.1000,0.1000,19.0,16.0,17.0,78.5,1.0,4.0,5.5,1020.875,66.875,8.0,93.625,17.25,17.25,8.0,17.25,10,30,3,4,0,0
2025-10-31,0.0000,0.0000,21.0,14.0,18.0,71.25,11.0,5.0,7.75,1022.375,180.5,10.0,15.625,17.875,17.5,11.5,17.5,10,31,4,4,0,0
2025-11-01,0.1000,0.1000,23.0,16.0,19.0,60.125,8.0,5.0,5.375,1021.375,273.875,10.0,43.75,19.75,19.375,8.625,19.75,11,1,5,4,1,0
2025-11-02,0.1000,0.1000,23.0,17.0,20.0,62.125,10.0,5.0,7.25,1022.75,90.25,10.0,13.0,20.25,19.625,11.0,19.875,11,2,6,4,1,0
2025-11-03,1.8000,1.8000,22.0,16.0,19.0,54.125,7.0,5.0,9.375,1024.5,100.125,10.0,29.375,19.625,19.0,13.625,19.0,11,3,0,4,0,0
2025-11-04,2.0000,2.0000,23.0,15.0,19.0,50.5,11.0,5.0,9.5,1022.125,113.875,10.0,16.75,19.125,18.625,14.25,18.75,11,4,1,4,0,0
2025-11-05,2.8000,2.8000,22.0,15.0,18.0,57.5,11.0,5.0,11.125,1018.125,101.375,9.875,29.375,18.75,18.0,15.625,18.0,11,5,2,4,0,0
2025-11-06,0.4000,0.4000,19.0,16.0,16.0,86.0,1.0,4.0,14.125,1017.375,78.5,6.5,100.0,16.5,16.5,19.625,16.5,11,6,3,4,0,0
2025-11-07,0.3000,0.3000,17.0,16.0,16.0,92.875,1.0,4.0,8.25,1019.0,192.875,5.875,100.0,16.25,16.25,11.75,16.25,11,7,4,4,0,0
2025-11-08,0.3000,0.3000,15.0,14.0,15.0,86.375,1.0,3.0,15.0,1021.75,266.0,7.75,100.0,14.5,13.875,21.125,13.875,11,8,5,4,1,0
2025-11-09,0.1000,0.1000,15.0,14.0,14.0,78.375,1.0,3.0,13.875,1022.125,188.25,5.75,83.5,14.5,13.75,20.125,13.75,11,9,6,4,1,0
2025-11-10,0.2000,0.2000,16.0,14.0,15.0,72.875,5.0,4.0,8.5,1020.0,105.5,10.0,74.125,15.0,15.0,13.0,15.0,11,10,0,4,0,0
2025-11-11,0.1000,0.1000,20.0,14.0,16.0,61.75,11.0,4.0,10.875,1019.625,59.375,10.0,47.75,16.125,15.875,15.375,15.875,11,11,1,4,0,0
2025-11-12,0.2000,0.2000,19.0,12.0,16.0,60.125,11.0,5.0,10.375,1021.5,146.5,10.0,20.125,15.875,15.5,15.375,15.5,11,12,2,4,0,0
2025-11-13,1.9000,1.9000,21.0,14.0,17.0,58.0,11.0,5.0,12.625,1022.25,60.375,10.0,18.875,17.0,17.0,18.375,17.0,11,13,3,4,0,0
2025-11-14,0.2000,0.2000,20.0,13.0,17.0,61.25,11.0,5.0,6.125,1022.375,81.375,10.0,16.5,16.875,16.875,9.0,16.875,11,14,4,4,0,0
2025-11-15,2.3000,2.3000,23.0,15.0,19.0,55.25,11.0,5.0,4.0,1022.625,132.25,10.0,11.375,19.25,18.75,6.625,18.875,11,15,5,4,1,0
2025-11-16,2.1000,2.1000,24.0,16.0,20.0,51.375,11.0,5.0,8.0,1023.625,55.5,10.0,27.75,20.375,19.875,12.0,20.125,11,16,6,4,1,0
2025-11-17,0.5000,0.5000,17.0,4.0,7.0,68.875,1.0,3.0,34.625,1034.0,19.0,7.0,85.375,8.0,3.875,44.125,3.875,11,17,0,4,0,0
2025-11-18,0.0000,0.0000,10.0,3.0,7.0,46.125,11.0,3.0,15.625,1038.375,260.5,10.0,13.75,6.625,3.5,21.875,3.5,11,18,1,4,0,0
2025-11-19,0.1000,0.1000,12.0,4.0,8.0,41.625,11.0,3.0,6.125,1033.375,295.0,10.0,3.375,8.25,7.625,8.75,7.625,11,19,2,4,0,0
2025-11-20,0.0000,0.0000,15.0,7.0,11.0,45.75,7.0,4.0,4.875,1029.875,273.125,10.0,29.625,10.75,10.5,7.5,10.5,11,20,3,4,0,0
2025-11-21,0.1000,0.1000,17.0,9.0,13.0,45.0,11.0,4.0,5.25,1029.875,178.5,10.0,7.375,12.75,12.75,8.625,12.75,11,21,4,4,0,0
2025-11-22,0.2000,0.2000,18.0,10.0,14.0,42.5,11.0,4.0,6.125,1026.125,76.625,10.0,7.625,13.75,13.5,10.625,13.5,11,22,5,4,1,0
2025-11-23,0.0000,0.0000,19.0,12.0,15.0,42.875,10.0,5.0,5.0,1023.25,164.5,10.0,45.0,15.375,15.375,7.75,15.375,11,23,6,4,1,0
2025-11-24,0.3000,0.3000,19.0,10.0,14.0,55.5,11.0,4.0,15.625,1026.25,299.75,10.0,12.375,14.0,13.375,22.625,13.375,11,24,0,4,0,0
2025-11-25,0.2000,0.2000,15.0,8.0,11.0,30.25,11.0,4.0,5.875,1027.875,102.375,10.0,0.0,11.25,10.875,9.25,10.875,11,25,1,4,0,0
2025-11-26,0.4000,0.4000,17.0,8.0,12.0,33.875,11.0,4.0,7.375,1025.625,219.5,10.0,2.375,12.25,11.625,12.875,11.625,11,26,2,4,0,0
2025-11-27,0.0000,0.0000,15.0,8.0,12.0,27.125,11.0,4.0,7.5,1029.0,148.75,10.0,1.25,12.0,11.125,13.25,11.125,11,27,3,4,0,0
2025-11-28,0.1000,0.1000,20.0,9.0,14.0,30.875,10.0,4.0,10.375,1019.375,159.625,10.0,0.0,13.875,13.25,17.625,13.25,11,28,4,4,0,0
2025-11-29,0.1000,0.1000,21.0,12.0,16.0,35.125,10.0,5.0,6.625,1015.625,154.375,10.0,0.875,15.875,15.5,12.25,15.5,11,29,5,4,1,0
2025-11-30,0.0000,0.0000,21.0,12.0,16.0,39.125,10.0,5.0,9.625,1016.75,176.125,10.0,13.0,16.25,16.125,16.125,16.125,11,30,6,4,1,0
2025-12-01,0.1000,0.1000,19.0,11.0,15.0,43.75,10.0,4.0,10.5,1018.5,79.75,10.0,4.875,14.875,14.125,17.0,14.125,12,1,0,1,0,0
2025-12-02,0.0000,0.0000,15.0,9.0,12.0,51.125,10.0,4.0,22.5,1022.375,142.375,10.0,19.5,12.5,10.75,31.0,10.75,12,2,1,1,0,0
2025-12-03,0.0000,0.0000,13.0,6.0,9.0,38.625,10.0,3.0,16.875,1030.625,23.125,10.0,11.5,9.375,6.875,23.5,6.875,12,3,2,1,0,0
2025-12-04,0.1000,0.1000,11.0,8.0,10.0,36.625,5.0,3.0,6.5,1027.375,97.75,10.0,56.5,9.625,8.875,9.75,8.875,12,4,3,1,0,0
2025-12-05,0.0000,0.0000,14.0,8.0,11.0,35.5,10.0,4.0,5.75,1027.125,153.25,10.0,34.0,10.75,10.125,9.125,10.125,12,5,4,1,0,0
2025-12-06,0.2000,0.2000,17.0,9.0,13.0,40.125,10.0,4.0,7.0,1022.375,175.25,10.0,0.625,12.75,12.375,11.75,12.375,12,6,5,1,1,0
2025-12-07,0.1000,0.1000,19.0,10.0,14.0,39.875,10.0,4.0,10.5,1023.75,109.125,10.0,29.625,14.25,14.0,16.125,14.0,12,7,6,1,1,0
2025-12-08,0.2000,0.2000,17.0,9.0,13.0,34.875,9.0,4.0,10.75,1026.875,28.875,10.0,13.875,12.75,11.75,17.625,11.75,12,8,0,1,0,0
2025-12-09,0.3000,0.3000,18.0,10.0,14.0,45.625,10.0,4.0,7.25,1023.625,64.125,10.0,11.0,13.75,13.25,11.875,13.25,12,9,1,1,0,0
2025-12-10,0.2000,0.2000,20.0,14.0,16.0,44.25,10.0,5.0,6.125,1020.625,171.125,10.0,48.625,16.25,16.5,9.375,16.5,12,10,2,1,0,0
2025-12-11,0.1000,0.1000,20.0,13.0,16.0,46.625,10.0,5.0,10.125,1021.375,39.0,10.0,7.5,16.0,16.0,15.25,16.0,12,11,3,1,0,0
2025-12-12,0.2000,0.2000,14.0,4.0,10.0,63.25,5.0,4.0,19.375,1023.75,80.75,8.0,74.625,10.625,8.5,26.5,8.5,12,12,4,1,0,0
2025-12-13,0.1000,0.1000,11.0,4.0,7.0,49.625,10.0,2.0,17.0,1032.625,314.0,9.0,29.0,6.625,3.625,22.5,3.625,12,13,5,1,1,0
2025-12-14,0.4000,0.4000,12.0,4.0,8.0,29.5,10.0,3.0,7.25,1029.0,103.75,10.0,2.5,7.625,6.375,11.125,6.375,12,14,6,1,1,0
2025-12-15,0.1000,0.1000,16.0,7.0,11.0,31.625,10.0,4.0,7.875,1021.375,137.75,10.0,9.125,11.25,10.125,13.125,10.125,12,15,0,1,0,0
2025-12-16,0.0000,0.0000,17.0,10.0,13.0,37.375,10.0,4.0,6.75,1021.875,57.125,10.0,16.75,13.0,12.625,11.5,12.625,12,16,1,1,0,0
2025-12-17,0.0000,0.0000,15.0,8.0,11.0,40.5,10.0,4.0,15.625,1027.125,18.0,10.0,4.5,11.375,9.375,22.375,9.375,12,17,2,1,0,0
2025-12-18,0.0000,0.0000,19.0,8.0,13.0,48.875,10.0,4.0,9.375,1020.875,123.0,10.0,3.875,12.875,12.375,14.875,12.375,12,18,3,1,0,0
2025-12-19,0.1100,0.1100,22.0,12.0,16.0,54.0,10.0,5.0,8.875,1014.5,141.625,10.0,24.125,16.25,15.625,15.75,15.625,12,19,4,1,0,0
2025-12-20,0.0000,0.0000,16.0,10.0,13.0,47.875,6.0,3.0,22.5,1023.25,11.375,10.0,61.625,13.0,11.25,31.625,11.25,12,20,5,1,1,0
2025-12-21,0.0000,0.0000,11.0,6.0,8.0,64.625,1.0,2.0,15.625,1029.625,53.625,8.875,89.0,8.125,5.625,20.5,5.625,12,21,6,1,1,0
2025-12-22,0.0000,0.0000,11.0,8.0,9.0,63.0,4.0,2.0,12.125,1022.25,91.5,10.0,82.125,9.375,7.375,16.75,7.375,12,22,0,1,0,0
2025-12-23,0.0000,0.0000,10.0,8.0,9.0,77.0,1.0,2.0,10.625,1022.25,258.125,10.0,93.375,8.625,7.125,14.875,7.125,12,23,1,1,0,0
2025-12-24,0.0000,0.0000,9.0,7.0,8.0,64.0,2.0,3.0,14.875,1024.75,58.125,10.0,75.75,8.375,5.625,20.75,5.625,12,24,2,1,0,0
2025-12-25,0.0000,0.0000,11.0,6.0,8.0,38.375,10.0,3.0,16.75,1029.625,63.875,10.0,10.25,7.75,5.0,24.125,5.0,12,25,3,1,0,0
2025-12-26,0.0000,0.0000,11.0,4.0,7.0,39.875,10.0,3.0,10.375,1026.125,93.75,10.0,8.375,7.125,5.0,15.625,5.0,12,26,4,1,0,0
2025-12-27,0.0000,0.0000,13.0,5.0,9.0,39.625,10.0,3.0,4.375,1023.75,143.625,10.0,22.375,8.875,8.5,7.0,8.5,12,27,5,1,1,0
2025-12-28,0.0000,0.0000,16.0,7.0,11.0,44.25,10.0,4.0,7.5,1020.875,142.625,10.0,6.375,11.125,10.5,12.25,10.5,12,28,6,1,1,0
2025-12-29,0.0000,0.0000,17.0,9.0,13.0,46.25,10.0,4.0,8.875,1019.25,63.875,10.0,32.375,12.75,12.25,14.5,12.25,12,29,0,1,0,0
2025-12-30,44.6100,44.6100,15.0,10.0,12.0,51.125,5.0,4.0,11.125,1020.5,26.625,10.0,66.75,12.125,11.125,16.875,11.125,12,30,1,1,0,0
2025-12-31,0.0000,0.0000,12.0,5.0,9.0,69.5,3.0,2.0,18.5,1021.5,31.875,9.75,88.25,9.875,7.0,25.5,7.0,12,31,2,1,0,0
2026-01-01,13.9285,13.9285,6.0,3.0,4.0,80.0,1.0,1.0,20.625,1029.375,14.125,7.0,86.75,3.875,-0.25,27.25,-0.25,1,1,3,1,0,1
2026-01-02,53.4000,53.4000,8.0,1.0,4.0,66.0,9.0,2.0,10.5,1034.0,25.375,10.0,27.625,4.125,1.375,14.625,1.375,1,2,4,1,0,0
2026-01-03,46.5000,46.5000,10.0,3.0,6.0,50.875,10.0,3.0,6.625,1028.875,89.125,10.0,39.75,6.25,5.0,9.625,5.0,1,3,5,1,1,0
2026-01-04,0.0000,0.0000,7.0,5.0,6.0,77.0,1.0,2.0,6.0,1027.125,269.875,9.0,89.25,5.75,4.75,8.375,4.75,1,4,6,1,1,0
2026-01-05,11.3000,11.3000,10.0,3.0,6.0,64.75,10.0,3.0,9.25,1029.75,243.375,10.0,17.5,6.375,4.375,14.0,4.375,1,5,0,1,0,0
2026-01-06,53.3000,53.3000,11.0,4.0,7.0,48.875,10.0,3.0,13.25,1030.75,318.125,10.0,2.75,7.0,4.75,19.25,4.75,1,6,1,1,0,0
2026-01-07,0.0000,0.0000,11.0,4.0,7.0,51.625,10.0,3.0,6.625,1030.25,218.875,10.0,5.375,7.375,6.5,10.75,6.5,1,7,2,1,0,0
2026-01-08,0.0000,0.0000,12.0,5.0,8.0,41.75,10.0,3.0,3.875,1030.625,172.125,10.0,5.25,8.0,8.0,6.375,8.0,1,8,3,1,0,0
2026-01-09,0.0000,0.0000,14.0,5.0,9.0,43.5,10.0,3.0,8.125,1024.625,198.625,10.0,7.375,9.25,8.0,13.5,8.0,1,9,4,1,0,0
2026-01-10,0.0000,0.0000,12.0,6.0,9.0,42.125,10.0,3.0,14.125,1027.625,66.375,10.0,1.875,9.0,7.125,20.875,7.125,1,10,5,1,1,0
2026-01-11,0.0000,0.0000,12.0,4.0,8.0,33.875,10.0,3.0,13.125,1029.625,73.0,10.0,1.25,7.625,5.375,21.0,5.375,1,11,6,1,1,0
2026-01-12,0.0000,0.0000,16.0,7.0,11.0,46.25,8.0,4.0,11.0,1021.625,200.0,10.0,17.875,10.5,9.625,17.5,9.625,1,12,0,1,0,0
2026-01-13,0.0000,0.0000,19.0,8.0,13.0,55.0,10.0,4.0,10.125,1019.625,182.0,10.0,0.0,12.375,11.625,17.75,11.625,1,13,1,1,0,0
2026-01-14,0.0000,0.0000,19.0,10.0,14.0,45.75,10.0,4.0,7.5,1017.125,175.75,10.0,12.25,13.875,13.375,13.5,13.375,1,14,2,1,0,0
2026-01-15,0.0000,0.0000,19.0,10.0,14.0,49.125,10.0,4.0,5.5,1017.125,241.25,10.0,0.875,14.5,14.25,10.0,14.25,1,15,3,1,0,0
2026-01-16,0.0000,0.0000,19.0,12.0,15.0,49.75,10.0,5.0,8.875,1015.25,68.375,10.0,26.625,15.125,14.75,15.125,14.75,1,16,4,1,0,0
2026-01-17,0.0000,0.0000,16.0,8.0,12.0,49.25,10.0,4.0,11.25,1017.5,36.875,10.0,28.0,12.375,11.375,15.5,11.375,1,17,5,1,1,0
2026-01-18,8.7000,8.7000,14.0,7.0,11.0,66.25,7.0,4.0,12.875,1016.25,59.75,10.0,46.75,11.875,10.625,18.0,10.625,1,18,6,1,1,0
2026-01-19,3373.8875,3373.8875,7.0,1.0,4.0,75.625,1.0,1.0,23.0,1024.125,8.125,10.0,98.625,4.5,-0.125,29.625,-0.125,1,19,0,1,0,0
2026-01-20,5650.8250,5650.8250,1.0,-3.0,-1.0,85.125,1.0,1.0,24.875,1032.375,16.25,7.375,96.625,-1.0,-7.125,32.875,-7.125,1,20,1,1,0,0
2026-01-21,4223.8350,4223.8350,2.0,-4.0,-2.0,85.5,1.0,1.0,13.25,1033.875,15.0,9.375,79.625,-2.25,-6.75,18.0,-6.75,1,21,2,1,0,0
2026-01-22,3566.4800,3566.4800,5.0,-2.0,2.0,57.875,10.0,2.0,3.875,1032.25,116.125,10.0,26.5,1.75,0.875,5.625,0.875,1,22,3,1,0,0
2026-01-23,1302.7525,1302.7525,10.0,2.0,6.0,53.375,10.0,3.0,4.75,1028.0,241.375,10.0,0.875,6.0,5.375,6.375,5.375,1,23,4,1,0,0
2026-01-24,54.6100,54.6100,13.0,4.0,8.0,58.0,10.0,3.0,6.625,1024.75,108.0,10.0,4.0,7.75,7.0,11.125,7.0,1,24,5,1,1,0
2026-01-25,0.0000,0.0000,10.0,5.0,8.0,73.25,6.0,3.0,11.875,1022.375,44.875,10.0,61.625,7.625,5.625,19.25,5.625,1,25,6,1,1,0
2026-01-26,0.0000,0.0000,11.0,4.0,7.0,72.25,5.0,2.0,11.875,1027.625,183.625,9.0,67.375,6.625,4.125,16.0,4.125,1,26,0,1,0,0
2026-01-27,0.0000,0.0000,11.0,3.0,6.0,66.75,10.0,3.0,8.875,1028.625,111.875,10.0,16.875,6.5,4.5,12.75,4.5,1,27,1,1,0,0
2026-01-28,0.0000,0.0000,12.0,4.0,8.0,62.625,10.0,3.0,5.625,1027.0,53.625,10.0,6.0,7.75,7.25,8.625,7.25,1,28,2,1,0,0
2026-01-29,0.0000,0.0000,9.0,7.0,8.0,74.125,1.0,3.0,11.75,1024.625,46.375,7.0,80.75,7.5,5.625,18.125,5.625,1,29,3,1,0,0
2026-01-30,0.0000,0.0000,7.0,3.0,5.0,92.5,1.0,1.0,15.625,1027.5,50.75,3.75,100.0,5.25,1.875,21.25,1.875,1,30,4,1,0,0
2026-01-31,0.0000,0.0000,7.0,4.0,5.0,79.0,1.0,2.0,11.625,1031.5,195.625,10.0,96.125,5.375,2.625,15.375,2.625,1,31,5,1,1,0
2026-02-01,0.0000,0.0000,11.0,5.0,8.0,64.5,10.0,2.0,4.375,1030.375,216.375,10.0,41.5,7.5,7.125,6.25,7.125,2,1,6,1,1,0
2026-02-02,0.0000,0.0000,14.0,6.0,9.0,55.875,10.0,3.0,5.625,1030.375,177.25,10.0,4.875,9.5,9.0,9.0,9.0,2,2,0,1,0,0
2026-02-03,0.0000,0.0000,13.0,7.0,10.0,58.375,9.0,3.0,8.375,1026.625,140.875,10.0,38.5,9.75,8.5,13.375,8.5,2,3,1,1,0,0
2026-02-04,0.0000,0.0000,12.0,9.0,10.0,59.375,5.0,4.0,3.25,1020.0,159.875,10.0,57.5,10.5,10.625,5.625,10.625,2,4,2,1,0,0
2026-02-05,0.0000,0.0000,15.0,8.0,12.0,62.625,6.0,4.0,5.25,1018.5,83.0,9.0,45.25,11.375,11.375,8.125,11.375,2,5,3,1,0,0
2026-02-06,0.0000,0.0000,11.0,5.0,8.0,82.125,1.0,2.0,16.625,1022.625,58.625,8.125,93.375,8.125,5.375,23.0,5.375,2,6,4,1,0,0
2026-02-07,0.0000,0.0000,9.0,4.0,6.0,65.5,2.0,2.0,19.375,1030.75,59.625,10.0,79.125,5.75,2.0,25.0,2.0,2,7,5,1,1,0
2026-02-08,0.0000,0.0000,10.0,2.0,6.0,44.625,11.0,3.0,9.25,1034.75,57.5,10.0,10.75,5.75,3.75,13.875,3.75,2,8,6,1,1,0
2026-02-09,0.0000,0.0000,6.0,2.0,4.0,72.75,1.0,2.0,11.125,1025.875,139.125,7.0,76.25,4.25,1.375,15.875,1.375,2,9,0,1,0,0
2026-02-10,71.1000,71.1000,10.0,3.0,6.0,75.75,8.0,2.0,6.375,1023.625,217.75,10.0,48.25,5.75,4.5,9.375,4.5,2,10,1,1,0,0
2026-02-11,0.0000,0.0000,14.0,5.0,9.0,63.125,11.0,3.0,7.25,1026.375,180.125,10.0,0.375,9.375,8.5,11.5,8.5,2,11,2,1,0,0
2026-02-12,0.0000,0.0000,17.0,7.0,12.0,54.75,11.0,4.0,7.875,1021.5,159.875,10.0,18.5,11.875,11.25,12.625,11.25,2,12,3,1,0,0
2026-02-13,0.0000,0.0000,18.0,9.0,13.0,64.125,11.0,4.0,7.25,1018.25,214.875,10.0,10.875,13.375,12.875,11.75,12.875,2,13,4,1,0,0
2026-02-14,0.0000,0.0000,21.0,11.0,16.0,71.625,9.0,5.0,8.5,1015.625,177.75,10.0,16.75,16.0,15.375,13.5,15.375,2,14,5,1,1,0
2026-02-15,0.0000,0.0000,19.0,5.0,13.0,76.375,2.0,4.0,21.375,1016.5,146.875,7.875,60.375,13.5,11.875,31.625,11.875,2,15,6,1,1,0
2026-02-16,0.0000,0.0000,6.0,2.0,4.0,85.25,1.0,1.0,25.375,1028.0,14.375,3.875,100.0,3.625,-1.125,32.5,-1.125,2,16,0,1,0,1
2026-02-17,0.0000,0.0000,7.0,2.0,5.0,85.25,1.0,1.0,6.125,1028.375,208.875,8.0,94.5,4.625,3.375,7.75,3.375,2,17,1,1,0,1
2026-02-18,0.0000,0.0000,14.0,5.0,9.0,63.625,11.0,3.0,5.375,1027.75,106.25,10.0,9.5,9.125,8.75,8.0,8.75,2,18,2,1,0,1
2026-02-19,0.0000,0.0000,16.0,9.0,12.0,52.25,11.0,4.0,7.25,1025.75,151.375,10.0,29.25,11.875,11.375,11.0,11.375,2,19,3,1,0,1
2026-02-20,0.0000,0.0000,20.0,8.0,14.0,63.75,12.0,4.0,13.25,1019.375,204.375,10.0,2.75,13.5,12.625,19.75,12.625,2,20,4,1,0,0
2026-02-21,0.0000,0.0000,24.0,11.0,17.0,57.125,12.0,5.0,11.625,1009.25,179.75,10.0,4.875,17.25,16.375,19.0,16.5,2,21,5,1,1,0
2026-02-22,0.0000,0.0000,24.0,14.0,18.0,54.25,12.0,5.0,13.25,1013.5,116.375,10.0,7.5,19.25,18.625,19.75,18.75,2,22,6,1,1,0
2026-02-23,0.0000,0.0000,16.0,8.0,13.0,57.875,3.0,4.0,17.875,1013.875,73.625,7.875,77.625,13.25,11.875,25.375,11.875,2,23,0,1,0,0
2026-02-24,0.0000,0.0000,12.0,7.0,10.0,73.25,1.0,2.0,18.375,1019.5,139.0,9.0,97.25,9.625,7.125,23.25,7.125,2,24,1,1,0,0
2026-02-25,0.0000,0.0000,16.0,10.0,13.0,76.375,11.0,3.0,7.875,1017.375,115.5,9.0,59.5,12.75,12.25,11.0,12.25,2,25,2,1,0,0
2026-02-26,0.0000,0.0000,13.0,10.0,12.0,82.625,1.0,3.0,13.875,1014.25,61.625,8.0,99.125,12.125,10.5,18.875,10.5,2,26,3,1,0,0
2026-02-27,0.0000,0.0000,13.0,8.0,11.0,76.625,1.0,3.0,14.125,1016.25,80.125,9.875,97.0,10.625,9.0,18.375,9.0,2,27,4,1,0,0
2026-02-28,0.0000,0.0000,14.0,11.0,13.0,82.5,2.0,3.0,11.25,1014.125,84.25,7.75,91.125,12.5,11.5,15.625,11.5,2,28,5,1,1,0
2026-03-01,0.0000,0.0000,13.0,7.0,10.0,88.25,1.0,2.0,16.75,1014.125,147.0,5.875,99.5,9.875,7.5,22.875,7.5,3,1,6,2,1,0
2026-03-02,0.0000,0.0000,9.0,6.0,7.0,81.0,1.0,2.0,16.625,1022.0,180.875,10.0,100.0,6.75,3.625,21.375,3.625,3,2,0,2,0,0
2026-03-03,0.0000,0.0000,11.0,7.0,9.0,77.875,1.0,2.0,9.75,1025.5,50.25,9.0,92.25,8.625,7.25,13.0,7.25,3,3,1,2,0,0
2026-03-04,0.0000,0.0000,16.0,8.0,12.0,69.375,12.0,4.0,6.125,1021.625,207.75,10.0,32.5,12.125,12.125,8.875,12.125,3,4,2,2,0,0
2026-03-05,0.0000,0.0000,15.0,9.0,12.0,71.625,7.0,4.0,9.5,1022.0,168.625,10.0,39.875,12.0,11.25,13.625,11.25,3,5,3,2,0,0
2026-03-06,0.0000,0.0000,15.0,9.0,12.0,67.375,7.0,4.0,7.625,1024.0,70.125,10.0,44.5,12.0,11.375,11.25,11.375,3,6,4,2,0,0
2026-03-07,0.0000,0.0000,14.0,9.0,12.0,67.375,12.0,4.0,8.25,1025.5,93.5,10.0,26.625,11.625,10.75,11.875,10.75,3,7,5,2,1,0
2026-03-08,0.0000,0.0000,13.0,9.0,11.0,67.0,5.0,4.0,7.75,1025.25,183.75,9.0,72.375,11.125,10.375,10.75,10.375,3,8,6,2,1,0
2026-03-09,0.0000,0.0000,16.0,11.0,13.0,61.0,12.0,3.0,14.5,1029.625,65.875,10.0,57.75,13.0,11.875,21.5,11.875,3,9,0,2,0,0
2026-03-10,0.0000,0.0000,19.0,9.0,13.0,58.75,12.0,4.0,10.0,1025.0,165.625,10.0,0.0,13.25,13.125,14.0,13.125,3,10,1,2,0,0
2026-03-11,0.0000,0.0000,21.0,11.0,16.0,61.75,11.0,5.0,10.5,1020.25,161.875,10.0,16.625,16.25,15.875,16.125,15.875,3,11,2,2,0,0
2026-03-12,0.0000,0.0000,18.0,11.0,15.0,53.0,12.0,4.0,18.75,1027.0,33.875,10.0,0.0,14.875,13.75,26.5,13.75,3,12,3,2,0,0
2026-03-13,0.0000,0.0000,20.0,11.0,15.0,44.125,12.0,5.0,15.25,1025.0,123.875,10.0,19.75,15.5,14.75,21.75,14.75,3,13,4,2,0,0
2026-03-14,0.0000,0.0000,22.0,12.0,17.0,45.0,9.0,5.0,14.875,1022.375,70.125,10.0,39.125,17.0,16.5,22.25,16.625,3,14,5,2,1,0
2026-03-15,0.0000,0.0000,14.0,9.0,10.0,81.5,1.0,3.0,21.0,1025.5,19.625,8.375,97.625,10.5,7.875,27.625,7.875,3,15,6,2,1,0
2026-03-16,0.0000,0.0000,10.0,9.0,9.0,90.5,1.0,2.0,8.875,1022.125,14.875,5.5,100.0,9.0,7.75,11.875,7.75,3,16,0,2,0,0
2026-03-17,0.0000,0.0000,10.0,9.0,10.0,94.375,1.0,2.0,8.375,1017.625,109.125,8.125,100.0,9.625,8.625,11.625,8.625,3,17,1,2,0,0
2026-03-18,0.0000,0.0000,13.0,9.0,11.0,83.125,3.0,3.0,6.625,1020.625,301.75,10.0,75.75,10.625,9.875,9.375,9.875,3,18,2,2,0,0
2026-03-19,0.0000,0.0000,11.0,8.0,10.0,87.5,3.0,4.0,6.5,1020.875,79.625,10.0,72.125,10.25,9.75,9.75,9.75,3,19,3,2,0,0
2026-03-20,0.0000,0.0000,13.0,11.0,12.0,84.75,5.0,3.0,5.875,1020.25,155.25,8.25,73.0,12.25,11.75,8.875,11.75,3,20,4,2,0,0
2026-03-21,0.0000,0.0000,17.0,10.0,13.0,82.125,9.0,4.0,7.25,1020.0,138.375,10.0,51.625,12.875,12.5,10.375,12.5,3,21,5,2,1,0
2026-03-22,0.0000,0.0000,21.0,15.0,17.0,76.25,11.0,4.0,5.625,1016.625,223.5,10.0,68.75,16.875,16.875,7.875,16.875,3,22,6,2,1,0
2026-03-23,0.0000,0.0000,17.0,14.0,15.0,89.25,1.0,5.0,10.0,1016.125,68.875,8.375,94.0,15.5,15.25,14.0,15.25,3,23,0,2,0,0
2026-03-24,0.0000,0.0000,15.0,12.0,14.0,87.875,1.0,3.0,6.75,1015.875,140.875,6.875,94.75,13.75,13.625,9.875,13.625,3,24,1,2,0,0
2026-03-25,0.0000,0.0000,20.0,11.0,15.0,70.0,12.0,5.0,4.25,1016.625,219.625,10.0,24.25,15.375,15.75,6.875,15.75,3,25,2,2,0,0
2026-03-26,0.0000,0.0000,16.0,14.0,15.0,88.125,1.0,4.0,9.0,1013.75,77.75,7.375,96.75,15.375,15.25,13.0,15.25,3,26,3,2,0,0
2026-03-27,0.0000,0.0000,23.0,14.0,18.0,69.75,12.0,4.0,5.5,1014.625,204.875,10.0,44.5,18.625,18.25,7.75,18.375,3,27,4,2,0,0
2026-03-28,0.0000,0.0000,17.0,13.0,15.0,80.75,5.0,5.0,7.875,1014.875,137.5,9.375,49.0,15.5,15.5,11.875,15.5,3,28,5,2,1,0
2026-03-29,0.0000,0.0000,20.0,15.0,18.0,78.5,10.0,5.0,7.625,1011.875,185.5,9.375,46.75,17.625,17.625,11.375,17.625,3,29,6,2,1,0
2026-03-30,0.0000,0.0000,19.0,14.0,16.0,79.25,6.0,4.0,21.5,1010.125,19.0,9.25,74.375,16.0,15.375,29.125,15.375,3,30,0,2,0,0
2026-03-31,11750580.6100,11750580.6100,17.0,12.0,14.0,82.375,3.0,4.0,7.375,1016.75,183.25,9.0,64.0,14.125,13.875,10.875,13.875,3,31,1,2,0,0
2026-04-01,0.0000,0.0000,24.0,12.0,17.0,70.5,12.0,5.0,9.375,1015.875,195.625,10.0,8.25,17.75,17.0,14.375,17.5,4,1,2,2,0,0
2026-04-02,12731476.0600,12731476.0600,19.0,14.0,16.0,76.375,6.0,5.0,14.25,1013.625,117.375,7.75,54.125,16.625,16.25,22.0,16.25,4,2,3,2,0,0
