date,daily_kwh,interpolated_value,maxtempC,mintempC,avgtempC,humidity,sunHour,uvIndex,windspeedKmph,pressure,winddirDegree,visibility,cloudcover,HeatIndexC,WindChillC,WindGustKmph,FeelsLikeC,month,month_day,week_day,season,is_weekend,is_holiday
2021-05-01,0.0000,0.0000,28.0,19.0,23.0,57.25,13.0,5.0,11.375,1010.75,181.25,10.0,23.125,23.625,23.0,20.125,23.25,5,1,5,2,1,1
2021-05-02,0.0000,0.0000,24.0,16.0,20.0,63.75,13.0,5.0,13.25,1016.375,119.75,10.0,11.125,20.375,19.625,27.125,20.0,5,2,6,2,1,0
2021-05-03,0.0000,0.0000,28.0,14.0,21.0,65.625,13.0,6.0,10.5,1013.875,149.125,10.0,20.75,21.5,21.125,25.375,21.5,5,3,0,2,0,1
2021-05-04,0.0000,0.0000,23.0,19.0,21.0,89.5,1.0,5.0,10.25,1009.5,224.875,6.75,87.25,21.5,21.0,25.875,21.25,5,4,1,2,0,1
2021-05-05,0.0000,0.0000,27.0,17.0,21.0,61.125,12.0,5.0,8.0,1017.375,134.125,9.875,36.75,21.625,21.0,16.625,21.625,5,5,2,2,0,1
2021-05-06,0.0000,0.0000,25.0,16.0,20.0,57.0,10.0,6.0,8.375,1015.375,187.75,10.0,66.5,21.0,20.875,16.0,21.0,5,6,3,2,0,0
2021-05-07,0.0000,0.0000,29.0,15.0,23.0,73.125,13.0,5.0,6.75,1012.75,223.25,9.0,34.125,24.375,23.375,15.25,24.375,5,7,4,2,0,0
2021-05-08,0.0000,0.0000,31.0,20.0,26.0,61.875,13.0,7.0,6.875,1008.625,214.25,10.0,24.5,26.75,25.625,16.125,26.125,5,8,5,2,1,0
2021-05-09,0.0000,0.0000,33.0,22.0,27.0,60.5,13.0,7.0,7.5,1006.875,156.625,10.0,2.25,28.5,27.125,15.0,28.5,5,9,6,2,1,0
2021-05-10,0.0000,0.0000,35.0,21.0,28.0,58.0,12.0,7.0,7.5,1004.375,178.125,9.875,24.625,30.5,27.875,15.5,29.875,5,10,0,2,0,0
2021-05-11,0.0000,0.0000,24.0,22.0,23.0,89.625,6.0,5.0,5.875,1005.5,173.0,9.0,79.375,25.125,23.0,15.375,25.125,5,11,1,2,0,0
2021-05-12,0.0000,0.0000,28.0,22.0,24.0,85.5,2.0,5.0,7.0,1006.0,207.5,7.125,89.5,26.375,24.0,15.625,25.75,5,12,2,2,0,0
2021-05-13,0.0000,0.0000,26.0,21.0,23.0,89.125,8.0,5.0,6.125,1007.125,72.75,8.75,71.25,25.125,23.25,16.375,24.75,5,13,3,2,0,0
2021-05-14,0.0000,0.0000,28.0,21.0,24.0,94.625,4.0,5.0,5.5,1006.875,148.625,6.375,85.375,28.75,25.0,15.375,27.75,5,14,4,2,0,0
2021-05-15,0.0000,0.0000,33.0,23.0,28.0,85.875,4.0,7.0,8.0,1004.125,115.25,7.875,70.375,32.75,27.75,16.5,32.75,5,15,5,2,1,0
2021-05-16,0.0000,0.0000,32.0,19.0,26.0,79.5,5.0,7.0,11.0,1003.75,236.25,9.0,61.875,28.0,25.25,23.75,28.0,5,16,6,2,1,0
2021-05-17,0.0000,0.0000,21.0,16.0,17.0,83.375,1.0,4.0,9.875,1012.25,331.375,8.625,99.75,18.125,18.125,17.375,18.125,5,17,0,2,0,0
2021-05-18,0.0000,0.0000,24.0,17.0,21.0,75.625,7.0,5.0,6.0,1012.625,147.375,8.875,74.375,20.75,20.0,10.75,20.375,5,18,1,2,0,0
2021-05-19,0.0000,0.0000,22.0,17.0,19.0,93.625,1.0,4.0,4.75,1009.375,116.375,6.0,100.0,19.875,19.375,14.0,19.375,5,19,2,2,0,0
2021-05-20,0.0000,0.0000,23.0,17.0,20.0,97.0,1.0,5.0,6.875,1006.125,230.875,5.625,100.0,21.5,20.625,17.375,21.125,5,20,3,2,0,0
2021-05-21,0.0000,0.0000,26.0,18.0,21.0,77.75,11.0,5.0,8.0,1010.125,68.625,8.375,50.625,22.25,21.375,13.75,21.875,5,21,4,2,0,0
2021-05-22,0.0000,0.0000,22.0,17.0,20.0,86.0,11.0,4.0,6.625,1010.125,158.75,10.0,65.0,19.875,19.625,15.625,19.625,5,22,5,2,1,0
2021-05-23,0.0000,0.0000,21.0,16.0,19.0,95.375,1.0,4.0,4.5,1008.625,181.5,5.5,96.125,19.625,19.25,17.0,19.25,5,23,6,2,1,0
2021-05-24,0.0000,0.0000,26.0,19.0,22.0,79.75,12.0,5.0,6.625,1013.0,283.125,8.375,57.25,23.0,21.75,13.625,22.25,5,24,0,2,0,0
2021-05-25,0.0000,0.0000,29.0,20.0,25.0,65.5,13.0,6.0,6.75,1012.0,195.875,10.0,46.875,26.125,24.75,12.625,25.5,5,25,1,2,0,0
2021-05-26,0.0000,0.0000,23.0,19.0,21.0,83.125,1.0,5.0,6.25,1006.0,137.75,9.25,89.875,24.0,21.625,22.625,22.875,5,26,2,2,0,0
2021-05-27,0.0000,0.0000,29.0,19.0,24.0,76.0,13.0,5.0,7.0,1006.375,216.25,8.125,48.625,25.25,24.125,12.375,25.25,5,27,3,2,0,0
2021-05-28,0.0000,0.0000,29.0,23.0,26.0,68.5,14.0,7.0,7.875,1006.875,246.125,10.0,22.75,27.375,25.75,17.5,27.375,5,28,4,2,0,0
2021-05-29,0.0000,0.0000,31.0,22.0,26.0,67.25,14.0,7.0,8.75,1006.875,200.75,10.0,18.0,27.625,25.75,13.375,27.625,5,29,5,2,1,0
2021-05-30,0.0000,0.0000,31.0,21.0,25.0,71.125,14.0,7.0,8.125,1006.0,146.875,10.0,19.0,27.0,25.25,12.875,26.5,5,30,6,2,1,0
2021-05-31,83434.0000,83434.0000,31.0,21.0,26.0,69.0,14.0,6.0,9.875,1006.5,141.0,10.0,25.0,27.375,25.375,17.0,27.0,5,31,0,2,0,0
2021-06-01,2965.2000,2965.2000,29.0,20.0,25.0,65.125,7.0,6.0,9.75,1006.625,144.75,10.0,51.125,25.75,24.625,20.375,25.25,6,1,1,3,0,0
2021-06-02,2965.2000,2965.2000,28.0,23.0,25.0,78.25,11.0,6.0,7.5,1006.25,154.375,10.0,65.125,27.5,25.25,14.0,27.5,6,2,2,3,0,0
2021-06-03,2965.2000,2965.2000,26.0,21.0,24.0,93.25,2.0,5.0,6.75,1004.625,265.25,8.75,81.5,27.125,24.125,13.75,27.125,6,3,3,3,0,0
2021-06-04,2965.2000,2965.2000,26.0,19.0,23.0,67.875,11.0,5.0,8.375,1006.75,211.875,9.75,39.375,23.0,21.75,16.125,22.625,6,4,4,3,0,0
2021-06-05,2965.2000,2965.2000,31.0,18.0,25.0,67.375,14.0,6.0,7.5,1004.875,187.875,10.0,3.625,24.625,24.0,13.0,24.625,6,5,5,3,1,0
2021-06-06,2965.2000,2965.2000,33.0,20.0,26.0,62.0,14.0,7.0,7.875,1005.625,161.25,10.0,0.0,27.0,25.75,11.625,26.625,6,6,6,3,1,0
2021-06-07,2965.2000,2965.2000,30.0,21.0,26.0,67.625,14.0,7.0,7.5,1008.875,127.75,10.0,21.0,27.25,25.375,14.25,26.875,6,7,0,3,0,0
2021-06-08,2965.2000,2965.2000,30.0,21.0,25.0,69.625,13.0,7.0,5.125,1009.0,127.875,10.0,37.0,26.625,25.25,10.5,26.375,6,8,1,3,0,0
2021-06-09,2965.2000,2965.2000,31.0,23.0,26.0,75.375,10.0,7.0,6.75,1008.125,171.0,10.0,58.25,29.25,26.625,11.625,29.25,6,9,2,3,0,0
2021-06-10,2965.2000,2965.2000,26.0,23.0,24.0,94.0,2.0,5.0,4.625,1005.875,156.625,7.75,87.125,27.25,24.5,10.625,27.25,6,10,3,3,0,0
2021-06-11,2965.2000,2965.2000,29.0,23.0,26.0,86.375,1.0,6.0,5.125,1007.625,140.375,9.375,88.5,29.0,25.625,11.625,29.0,6,11,4,3,0,0
2021-06-12,2965.2000,2965.2000,30.0,23.0,26.0,85.75,14.0,6.0,6.0,1010.0,164.125,9.625,63.625,29.125,25.875,11.625,29.125,6,12,5,3,1,0
2021-06-13,2965.2000,2965.2000,25.0,24.0,24.0,97.125,1.0,5.0,5.25,1007.0,135.5,6.0,92.375,27.375,24.75,10.125,27.375,6,13,6,3,1,0
2021-06-14,2965.2000,2965.2000,28.0,24.0,26.0,96.0,1.0,7.0,5.25,1002.0,202.375,5.75,81.5,30.75,26.25,12.0,30.75,6,14,0,3,0,1
2021-06-15,2965.2000,2965.2000,30.0,26.0,27.0,92.0,4.0,7.0,7.875,999.125,154.625,6.5,74.375,34.375,28.5,17.75,34.375,6,15,1,3,0,0
2021-06-16,2965.2000,2965.2000,31.0,26.0,28.0,85.75,3.0,7.0,5.25,1000.75,240.375,6.875,67.75,33.625,28.0,16.75,33.625,6,16,2,3,0,0
2021-06-17,2965.2000,2965.2000,30.0,24.0,27.0,93.0,1.0,6.0,6.625,1002.25,61.125,9.0,98.0,32.125,26.875,13.875,32.125,6,17,3,3,0,0
2021-06-18,2965.2000,2965.2000,26.0,23.0,25.0,91.5,3.0,5.0,7.125,1003.5,253.5,10.0,83.75,29.0,25.625,14.0,29.0,6,18,4,3,0,0
2021-06-19,2965.2000,2965.2000,24.0,18.0,21.0,85.25,1.0,5.0,6.375,1005.0,145.875,7.5,93.75,21.75,20.875,13.75,21.375,6,19,5,3,1,0
2021-06-20,2965.2000,2965.2000,22.0,20.0,21.0,94.625,1.0,5.0,6.375,1003.875,52.125,5.375,98.0,21.75,20.75,11.125,21.5,6,20,6,3,1,0
2021-06-21,2965.2000,2965.2000,25.0,21.0,23.0,92.875,1.0,5.0,4.25,1003.875,168.125,6.375,77.25,25.0,23.125,12.25,24.125,6,21,0,3,0,0
2021-06-22,2965.2000,2965.2000,28.0,20.0,24.0,75.25,11.0,6.0,6.375,1006.625,93.625,10.0,44.875,25.875,24.125,14.25,25.125,6,22,1,3,0,0
2021-06-23,2965.2000,2965.2000,30.0,22.0,25.0,73.875,15.0,7.0,8.375,1008.25,123.875,10.0,2.125,27.5,25.625,13.25,27.25,6,23,2,3,0,0
2021-06-24,2965.2000,2965.2000,30.0,22.0,26.0,68.625,15.0,7.0,8.125,1007.5,133.0,10.0,14.125,28.125,26.375,15.0,28.125,6,24,3,3,0,0
2021-06-25,2965.2000,2965.2000,32.0,23.0,27.0,72.75,15.0,7.0,8.5,1005.0,153.25,10.0,24.875,29.75,27.0,18.125,29.75,6,25,4,3,0,0
2021-06-26,2965.2000,2965.2000,26.0,23.0,24.0,90.375,1.0,5.0,4.0,1004.125,194.375,7.875,90.25,27.375,24.5,13.25,27.375,6,26,5,3,1,0
2021-06-27,2965.2000,2965.2000,25.0,24.0,25.0,96.125,1.0,5.0,4.5,1002.0,241.75,6.125,96.625,27.875,24.625,10.75,27.875,6,27,6,3,1,0
2021-06-28,2965.2000,2965.2000,30.0,24.0,26.0,85.25,11.0,7.0,6.5,1002.125,159.125,6.875,66.125,29.5,26.25,17.625,29.5,6,28,0,3,0,0
2021-06-29,2965.2000,2965.2000,30.0,24.0,26.0,86.875,5.0,7.0,7.75,1002.75,54.75,7.125,76.75,30.125,26.25,15.0,30.125,6,29,1,3,0,0
2021-06-30,88956.0000,2965.2000,27.0,24.0,25.0,92.25,1.0,6.0,4.75,1001.875,161.375,6.25,83.625,28.375,25.125,12.25,28.375,6,30,2,3,0,0
2021-07-01,6827.6129,6827.6129,26.0,24.0,25.0,97.625,1.0,5.0,5.375,1001.875,78.5,6.875,99.25,28.0,24.625,13.25,28.0,7,1,3,3,0,0
2021-07-02,6827.6129,6827.6129,26.0,24.0,25.0,93.5,1.0,5.0,6.75,1002.75,171.375,7.75,86.625,28.0,25.0,15.625,28.0,7,2,4,3,0,0
2021-07-03,6827.6129,6827.6129,30.0,24.0,27.0,94.75,1.0,7.0,8.125,1002.25,148.625,9.875,92.125,32.25,27.125,20.0,32.25,7,3,5,3,1,0
2021-07-04,6827.6129,6827.6129,29.0,25.0,27.0,97.0,1.0,6.0,4.25,1006.625,169.25,6.375,96.625,32.0,26.75,13.25,32.0,7,4,6,3,1,0
2021-07-05,6827.6129,6827.6129,33.0,25.0,29.0,87.125,6.0,6.0,4.75,1006.0,150.625,9.375,77.875,35.875,28.75,13.5,35.875,7,5,0,3,0,0
2021-07-06,6827.6129,6827.6129,35.0,26.0,30.0,73.375,14.0,8.0,9.75,1004.25,172.125,10.0,18.5,36.625,30.375,18.0,36.625,7,6,1,3,0,0
2021-07-07,6827.6129,6827.6129,37.0,27.0,31.0,71.875,13.0,8.0,9.25,1005.125,165.25,9.875,29.875,37.875,31.0,16.875,37.875,7,7,2,3,0,0
2021-07-08,6827.6129,6827.6129,35.0,26.0,29.0,81.5,14.0,6.0,8.25,1006.125,191.25,9.375,53.75,35.375,29.25,17.125,35.375,7,8,3,3,0,0
2021-07-09,6827.6129,6827.6129,29.0,25.0,27.0,93.0,6.0,6.0,8.375,1006.25,211.5,7.875,72.0,32.0,27.25,18.625,32.0,7,9,4,3,0,0
2021-07-10,6827.6129,6827.6129,31.0,24.0,27.0,84.5,11.0,7.0,8.125,1007.25,205.375,9.75,53.625,31.5,27.25,17.375,31.5,7,10,5,3,1,0
2021-07-11,6827.6129,6827.6129,37.0,27.0,32.0,71.625,14.0,8.0,7.625,1007.75,187.125,10.0,13.875,38.5,31.25,13.75,38.5,7,11,6,3,1,0
2021-07-12,6827.6129,6827.6129,36.0,29.0,32.0,72.25,14.0,8.0,7.75,1006.5,186.75,10.0,6.75,40.25,32.0,15.375,40.25,7,12,0,3,0,0
2021-07-13,6827.6129,6827.6129,37.0,28.0,32.0,67.625,14.0,8.0,8.625,1004.125,181.125,10.0,15.0,39.0,32.0,16.625,39.0,7,13,1,3,0,0
2021-07-14,6827.6129,6827.6129,36.0,29.0,32.0,67.75,14.0,8.0,10.25,1005.125,168.75,10.0,9.625,39.375,32.25,17.0,39.375,7,14,2,3,0,0
2021-07-15,6827.6129,6827.6129,37.0,28.0,32.0,68.5,13.0,8.0,9.0,1007.25,144.25,9.75,26.75,39.0,32.0,17.5,39.0,7,15,3,3,0,0
2021-07-16,6827.6129,6827.6129,35.0,28.0,31.0,67.125,14.0,8.0,7.875,1008.625,151.125,10.0,17.125,37.25,31.125,16.5,37.25,7,16,4,3,0,0
2021-07-17,6827.6129,6827.6129,34.0,27.0,30.0,70.25,14.0,6.0,9.875,1007.375,106.625,9.625,43.375,34.0,29.625,16.875,34.0,7,17,5,3,1,0
2021-07-18,6827.6129,6827.6129,31.0,26.0,28.0,82.125,8.0,6.0,5.875,1006.375,124.375,9.75,73.625,32.625,28.0,17.875,32.625,7,18,6,3,1,0
2021-07-19,6827.6129,6827.6129,32.0,25.0,28.0,78.125,13.0,7.0,8.125,1006.5,124.625,9.0,47.5,32.375,28.375,18.25,32.375,7,19,0,3,0,0
2021-07-20,6827.6129,6827.6129,32.0,27.0,29.0,76.5,10.0,7.0,12.25,1006.75,104.375,9.875,44.5,32.75,28.625,25.0,32.75,7,20,1,3,0,0
2021-07-21,6827.6129,6827.6129,31.0,26.0,28.0,73.0,13.0,7.0,14.25,1007.125,84.0,10.0,17.25,31.75,28.375,26.25,31.75,7,21,2,3,0,0
2021-07-22,6827.6129,6827.6129,30.0,24.0,27.0,81.5,3.0,6.0,13.625,1005.25,54.375,9.625,74.125,30.125,26.875,30.375,30.125,7,22,3,3,0,0
2021-07-23,6827.6129,6827.6129,27.0,23.0,25.0,91.25,5.0,6.0,15.75,1003.25,42.625,7.25,81.125,28.875,25.75,37.0,28.875,7,23,4,3,0,0
2021-07-24,6827.6129,6827.6129,26.0,24.0,25.0,94.625,1.0,5.0,17.875,999.5,27.25,6.375,99.625,27.75,24.75,39.25,27.75,7,24,5,3,1,0
2021-07-25,6827.6129,6827.6129,25.0,24.0,25.0,95.25,1.0,5.0,34.25,993.125,295.5,6.375,100.0,28.0,24.75,64.25,28.0,7,25,6,3,1,0
2021-07-26,6827.6129,6827.6129,26.0,23.0,25.0,96.0,1.0,6.0,30.125,987.25,101.0,6.0,100.0,28.875,25.625,52.0,28.875,7,26,0,3,0,0
2021-07-27,6827.6129,6827.6129,26.0,22.0,25.0,97.75,1.0,5.0,15.5,988.875,95.0,6.625,100.0,29.125,25.375,30.375,29.125,7,27,1,3,0,0
2021-07-28,6827.6129,6827.6129,31.0,23.0,27.0,93.875,5.0,6.0,10.625,992.875,171.75,7.375,82.875,33.5,27.625,25.0,33.5,7,28,2,3,0,0
2021-07-29,6827.6129,6827.6129,33.0,26.0,29.0,81.75,12.0,6.0,9.5,995.75,197.25,8.0,57.875,34.375,29.0,16.0,34.375,7,29,3,3,0,0
2021-07-30,6827.6129,6827.6129,32.0,26.0,29.0,82.0,12.0,6.0,4.625,999.0,103.125,10.0,68.875,33.75,28.5,9.5,33.75,7,30,4,3,0,0
2021-07-31,211656.0000,6827.6130,32.0,26.0,28.0,85.125,6.0,6.0,5.875,998.0,110.25,8.875,71.5,33.75,28.5,9.375,33.75,7,31,5,3,1,0
2021-08-01,5004.7097,5004.7097,30.0,27.0,28.0,87.25,6.0,6.0,5.125,997.125,138.375,9.5,61.125,33.125,27.875,9.625,33.125,8,1,6,3,1,0
2021-08-02,5004.7097,5004.7097,31.0,26.0,28.0,83.5,12.0,7.0,8.75,998.625,43.375,8.5,59.875,33.875,28.25,15.25,33.875,8,2,0,3,0,0
2021-08-03,5004.7097,5004.7097,30.0,26.0,28.0,87.125,3.0,7.0,11.0,1001.75,38.75,6.875,69.875,33.25,28.0,23.875,33.25,8,3,1,3,0,0
2021-08-04,5004.7097,5004.7097,30.0,26.0,28.0,85.5,5.0,6.0,13.875,1003.125,73.375,8.0,67.25,32.5,27.875,28.0,32.5,8,4,2,3,0,0
2021-08-05,5004.7097,5004.7097,30.0,25.0,28.0,83.0,12.0,7.0,11.25,1001.375,63.5,8.0,59.375,31.75,27.5,25.875,31.75,8,5,3,3,0,0
2021-08-06,5004.7097,5004.7097,32.0,26.0,28.0,79.625,8.0,7.0,9.875,1000.5,85.875,10.0,35.0,32.875,28.375,21.125,32.875,8,6,4,3,0,0
2021-08-07,5004.7097,5004.7097,31.0,26.0,28.0,82.125,9.0,7.0,7.75,1001.0,140.625,9.125,51.875,33.375,28.375,16.75,33.375,8,7,5,3,1,0
2021-08-08,5004.7097,5004.7097,32.0,25.0,28.0,76.25,8.0,7.0,9.125,1004.125,69.875,10.0,39.75,32.25,28.25,15.0,32.25,8,8,6,3,1,0
2021-08-09,5004.7097,5004.7097,33.0,26.0,29.0,75.25,13.0,7.0,6.875,1004.75,88.25,10.0,21.0,33.375,29.0,10.5,33.375,8,9,0,3,0,0
2021-08-10,5004.7097,5004.7097,31.0,26.0,28.0,76.5,8.0,7.0,6.5,1004.5,151.5,10.0,71.5,32.875,28.5,11.25,32.875,8,10,1,3,0,0
2021-08-11,5004.7097,5004.7097,27.0,26.0,26.0,95.0,1.0,6.0,4.375,1005.375,215.75,8.75,87.75,31.75,26.875,9.0,31.75,8,11,2,3,0,0
2021-08-12,5004.7097,5004.7097,28.0,25.0,26.0,95.0,1.0,6.0,4.75,1006.625,267.625,6.875,90.75,31.125,26.375,10.0,31.125,8,12,3,3,0,0
2021-08-13,5004.7097,5004.7097,26.0,22.0,24.0,97.25,1.0,5.0,7.125,1003.625,248.625,6.0,100.0,28.125,24.875,11.5,28.125,8,13,4,3,0,0
2021-08-14,5004.7097,5004.7097,23.0,21.0,23.0,97.25,1.0,5.0,5.375,1006.875,298.25,4.875,100.0,25.5,23.25,14.5,25.5,8,14,5,3,1,0
2021-08-15,5004.7097,5004.7097,24.0,20.0,23.0,98.625,1.0,5.0,3.75,1008.875,252.0,7.125,100.0,26.875,24.125,12.75,26.5,8,15,6,3,1,0
2021-08-16,5004.7097,5004.7097,26.0,23.0,24.0,98.0,1.0,5.0,3.75,1011.25,322.625,5.875,100.0,28.375,24.875,9.875,28.375,8,16,0,3,0,0
2021-08-17,5004.7097,5004.7097,29.0,24.0,26.0,88.875,8.0,6.0,6.625,1009.75,168.75,8.625,78.375,30.0,26.25,14.0,30.0,8,17,1,3,0,0
2021-08-18,5004.7097,5004.7097,29.0,23.0,26.0,81.375,8.0,6.0,8.25,1009.0,55.0,8.625,75.125,28.75,26.125,11.375,28.75,8,18,2,3,0,0
2021-08-19,5004.7097,5004.7097,30.0,22.0,26.0,82.0,13.0,7.0,6.75,1007.875,69.75,10.0,39.875,29.375,26.375,9.125,29.375,8,19,3,3,0,0
2021-08-20,5004.7097,5004.7097,33.0,25.0,28.0,79.875,10.0,7.0,6.125,1006.125,160.875,9.5,39.375,32.75,28.125,13.0,32.75,8,20,4,3,0,0
2021-08-21,5004.7097,5004.7097,31.0,25.0,27.0,87.125,7.0,6.0,7.5,1005.25,220.75,7.25,73.125,32.625,27.625,15.25,32.625,8,21,5,3,1,0
2021-08-22,5004.7097,5004.7097,31.0,26.0,28.0,84.375,10.0,6.0,6.125,1005.625,90.125,9.75,64.25,33.5,28.25,10.75,33.5,8,22,6,3,1,0
2021-08-23,5004.7097,5004.7097,32.0,26.0,29.0,85.25,13.0,7.0,4.375,1002.75,186.25,9.25,55.625,35.0,28.625,14.625,35.0,8,23,0,3,0,0
2021-08-24,5004.7097,5004.7097,32.0,25.0,28.0,87.75,11.0,7.0,6.875,1003.125,157.0,8.75,62.5,34.75,28.5,16.875,34.75,8,24,1,3,0,0
2021-08-25,5004.7097,5004.7097,31.0,25.0,27.0,92.5,7.0,6.0,4.875,1008.125,118.375,7.75,74.375,32.375,27.25,11.75,32.375,8,25,2,3,0,0
2021-08-26,5004.7097,5004.7097,33.0,24.0,28.0,86.625,12.0,7.0,3.75,1010.25,94.625,5.875,58.25,33.25,27.875,8.625,33.25,8,26,3,3,0,0
2021-08-27,5004.7097,5004.7097,31.0,25.0,27.0,88.375,7.0,6.0,5.25,1011.125,200.375,8.625,75.125,32.25,27.375,13.125,32.25,8,27,4,3,0,0
2021-08-28,5004.7097,5004.7097,34.0,25.0,28.0,84.0,4.0,6.0,4.125,1012.0,147.0,7.0,64.0,32.5,27.75,11.25,32.5,8,28,5,3,1,0
2021-08-29,5004.7097,5004.7097,35.0,25.0,29.0,76.125,13.0,7.0,5.625,1010.875,158.5,9.875,20.0,34.125,29.0,11.375,34.125,8,29,6,3,1,0
2021-08-30,5004.7097,5004.7097,36.0,26.0,30.0,77.0,13.0,8.0,5.875,1012.125,119.25,10.0,11.375,36.125,30.0,10.25,36.125,8,30,0,3,0,0
2021-08-31,155146.0000,5004.7090,36.0,24.0,30.0,71.25,13.0,8.0,6.375,1011.25,162.625,10.0,1.75,35.25,29.875,13.125,35.25,8,31,1,3,0,0
2021-09-01,5071.1000,5071.1000,36.0,25.0,30.0,69.5,13.0,8.0,6.0,1009.625,168.625,10.0,5.375,35.375,30.0,12.625,35.375,9,1,2,4,0,0
2021-09-02,5071.1000,5071.1000,33.0,26.0,28.0,83.75,12.0,7.0,5.375,1008.375,178.75,10.0,46.375,33.0,28.0,11.0,33.0,9,2,3,4,0,0
2021-09-03,5071.1000,5071.1000,30.0,24.0,27.0,86.5,5.0,6.0,7.75,1007.75,34.375,9.875,79.75,30.5,26.75,13.5,30.5,9,3,4,4,0,0
2021-09-04,5071.1000,5071.1000,33.0,25.0,28.0,83.375,8.0,6.0,5.5,1007.5,69.375,6.875,67.25,33.125,28.25,10.625,33.125,9,4,5,4,1,0
2021-09-05,5071.1000,5071.1000,34.0,26.0,28.0,83.5,10.0,7.0,4.625,1009.5,150.25,10.0,57.125,33.625,28.375,9.5,33.625,9,5,6,4,1,0
2021-09-06,5071.1000,5071.1000,31.0,25.0,27.0,84.25,1.0,7.0,7.375,1011.625,260.125,10.0,74.25,31.625,27.375,13.0,31.625,9,6,0,4,0,0
2021-09-07,5071.1000,5071.1000,29.0,23.0,25.0,82.75,3.0,6.0,9.25,1013.125,207.875,10.0,80.5,27.75,25.25,17.5,27.75,9,7,1,4,0,0
2021-09-08,5071.1000,5071.1000,28.0,23.0,25.0,80.875,11.0,6.0,6.0,1011.75,177.375,10.0,64.75,27.375,25.0,13.375,27.375,9,8,2,4,0,0
2021-09-09,5071.1000,5071.1000,31.0,23.0,26.0,83.0,6.0,6.0,5.375,1010.625,155.5,9.875,74.625,29.25,26.125,11.25,29.25,9,9,3,4,0,0
2021-09-10,5071.1000,5071.1000,33.0,24.0,27.0,85.0,10.0,7.0,5.25,1010.375,120.375,9.875,60.625,31.375,27.0,12.375,31.375,9,10,4,4,0,0
2021-09-11,5071.1000,5071.1000,31.0,24.0,27.0,83.5,7.0,7.0,6.25,1008.0,157.0,9.875,68.875,30.5,26.625,13.875,30.5,9,11,5,4,1,0
2021-09-12,5071.1000,5071.1000,28.0,23.0,25.0,91.25,9.0,6.0,12.75,1006.25,146.25,6.5,77.25,28.375,25.25,27.375,28.375,9,12,6,4,1,0
2021-09-13,5071.1000,5071.1000,24.0,22.0,23.0,93.25,1.0,5.0,20.25,1004.5,302.375,9.0,93.5,25.375,22.875,41.75,25.0,9,13,0,4,0,0
2021-09-14,5071.1000,5071.1000,26.0,23.0,24.0,89.875,1.0,5.0,22.0,1008.75,224.875,8.875,98.875,26.625,24.375,38.0,26.625,9,14,1,4,0,0
2021-09-15,5071.1000,5071.1000,24.0,21.0,23.0,93.25,1.0,5.0,19.25,1011.25,264.375,5.25,100.0,26.0,23.5,31.0,25.625,9,15,2,4,0,0
2021-09-16,5071.1000,5071.1000,28.0,22.0,24.0,89.0,6.0,5.0,11.5,1009.25,283.25,10.0,78.625,27.125,24.5,20.25,27.125,9,16,3,4,0,0
2021-09-17,5071.1000,5071.1000,29.0,21.0,24.0,76.875,13.0,5.0,5.875,1011.75,32.5,9.0,31.5,26.0,24.25,12.0,25.5,9,17,4,4,0,0
2021-09-18,5071.1000,5071.1000,31.0,19.0,24.0,75.25,13.0,6.0,6.375,1013.0,129.5,10.0,2.0,25.375,23.875,12.375,25.375,9,18,5,4,1,0
2021-09-19,5071.1000,5071.1000,34.0,21.0,27.0,79.875,12.0,7.0,6.0,1009.375,149.25,10.0,19.375,29.375,26.375,13.875,29.125,9,19,6,4,1,0
2021-09-20,5071.1000,5071.1000,28.0,22.0,25.0,86.375,3.0,6.0,7.375,1008.5,159.0,10.0,66.125,28.75,25.625,18.625,28.75,9,20,0,4,0,1
2021-09-21,5071.1000,5071.1000,32.0,20.0,26.0,73.5,12.0,6.0,6.375,1009.25,204.75,9.0,27.0,27.25,25.375,11.125,27.0,9,21,1,4,0,1
2021-09-22,5071.1000,5071.1000,34.0,20.0,26.0,63.125,12.0,7.0,6.125,1010.375,163.875,10.0,0.0,27.375,25.875,13.25,27.375,9,22,2,4,0,0
2021-09-23,5071.1000,5071.1000,34.0,21.0,26.0,65.0,12.0,7.0,6.875,1014.375,136.25,10.0,0.5,27.875,26.0,13.625,27.625,9,23,3,4,0,0
2021-09-24,5071.1000,5071.1000,32.0,21.0,25.0,67.25,12.0,7.0,9.875,1016.5,111.5,10.0,2.875,27.25,25.375,18.5,26.875,9,24,4,4,0,0
2021-09-25,5071.1000,5071.1000,31.0,19.0,25.0,67.125,12.0,6.0,9.375,1014.875,121.625,10.0,5.75,25.75,24.625,19.0,25.5,9,25,5,4,1,0
2021-09-26,5071.1000,5071.1000,31.0,20.0,25.0,71.875,12.0,7.0,7.125,1013.75,106.0,10.0,6.25,27.0,25.375,13.125,26.75,9,26,6,4,1,0
2021-09-27,5071.1000,5071.1000,32.0,21.0,26.0,72.5,12.0,7.0,6.0,1011.875,136.0,10.0,4.625,27.75,25.625,9.375,27.375,9,27,0,4,0,0
2021-09-28,5071.1000,5071.1000,33.0,22.0,27.0,77.25,12.0,7.0,4.5,1010.0,172.625,8.0,20.625,29.625,26.75,9.375,29.625,9,28,1,4,0,0
2021-09-29,5071.1000,5071.1000,30.0,23.0,25.0,78.375,6.0,7.0,9.5,1008.25,295.375,10.0,52.75,28.375,25.875,17.25,28.375,9,29,2,4,0,0
2021-09-30,152133.0000,5071.1000,30.0,21.0,25.0,74.75,10.0,6.0,7.5,1010.25,112.125,9.0,25.125,26.375,24.875,14.25,26.125,9,30,3,4,0,0
2023-07-13,1507.5100,1507.5100,38.0,28.0,32.0,59.125,14.0,8.0,9.375,1002.25,212.5,10.0,9.25,37.5,32.375,15.125,37.5,7,13,3,3,0,0
2023-07-14,6394.6900,6544.2150,38.0,27.0,32.0,59.625,14.0,8.0,9.875,1001.875,167.375,10.0,25.5,36.5,32.0,17.5,36.5,7,14,4,3,0,0
2023-07-15,9542.0500,9691.5750,36.0,26.0,31.0,66.625,8.0,8.0,9.375,1001.5,147.125,10.0,47.875,35.375,30.375,16.5,35.375,7,15,5,3,1,0
2023-07-16,6953.1200,6953.1200,31.0,25.0,27.0,84.75,5.0,6.0,8.5,1004.5,119.0,8.0,76.5,31.5,27.375,18.5,31.5,7,16,6,3,1,0
2023-07-17,6483.6100,6483.6100,31.0,25.0,28.0,83.0,10.0,7.0,10.375,1006.0,70.625,9.0,60.25,31.75,27.625,16.375,31.75,7,17,0,3,0,0
2023-07-18,6158.6300,6158.6300,34.0,25.0,29.0,77.625,7.0,7.0,6.625,1007.0,134.125,9.0,70.75,33.625,28.875,9.875,33.625,7,18,1,3,0,0
2023-07-19,6076.3800,6076.3800,31.0,26.0,28.0,89.0,7.0,6.0,6.625,1007.125,81.625,7.0,85.5,33.25,27.5,9.0,33.25,7,19,2,3,0,0
2023-07-20,5751.6700,5751.6700,30.0,26.0,27.0,91.875,7.0,6.0,3.875,1006.375,185.5,6.5,79.25,32.5,27.25,10.375,32.5,7,20,3,3,0,0
2023-07-21,5435.6500,5435.6500,32.0,26.0,28.0,81.875,8.0,7.0,5.5,1006.75,207.375,10.0,66.625,33.25,28.125,11.125,33.25,7,21,4,3,0,0
2023-07-22,6258.5700,6258.5700,34.0,26.0,29.0,75.625,5.0,6.0,7.625,1006.5,207.125,9.75,71.875,33.5,28.75,15.0,33.5,7,22,5,3,1,0
2023-07-23,6594.8300,6601.8550,32.0,26.0,28.0,85.375,8.0,6.0,7.375,1006.375,196.625,8.875,65.875,32.625,27.5,14.25,32.625,7,23,6,3,1,0
2023-07-24,5754.1700,5761.1950,33.0,24.0,28.0,83.5,8.0,6.0,7.375,1006.0,177.375,9.5,68.875,33.125,28.0,14.0,33.125,7,24,0,3,0,0
2023-07-25,6304.2600,6311.2850,36.0,24.0,29.0,74.25,13.0,7.0,8.875,1007.125,158.625,10.0,15.625,33.875,28.875,15.25,33.875,7,25,1,3,0,0
2023-07-26,5610.3200,5617.3450,33.0,26.0,29.0,73.125,10.0,7.0,10.375,1007.625,128.375,10.0,35.5,32.875,28.75,20.875,32.875,7,26,2,3,0,0
2023-07-27,5431.0000,5438.0250,28.0,24.0,26.0,89.75,5.0,7.0,11.5,1006.25,94.0,9.875,74.875,29.875,26.125,24.5,29.875,7,27,3,3,0,0
2023-07-28,5100.1700,5107.1950,30.0,24.0,27.0,88.625,2.0,6.0,16.0,1003.5,98.25,8.875,86.5,31.0,26.625,33.75,31.0,7,28,4,3,0,0
2023-07-29,5818.8900,5825.9150,29.0,25.0,26.0,88.75,1.0,6.0,18.75,1002.625,131.5,9.125,84.5,30.375,26.5,35.5,30.375,7,29,5,3,1,0
2023-07-30,5622.1900,5629.2150,31.0,24.0,27.0,89.0,7.0,7.0,8.375,1004.75,164.625,8.25,68.5,32.0,26.875,19.875,32.0,7,30,6,3,1,0
2023-07-31,5696.3000,5703.3250,34.0,24.0,28.0,78.25,7.0,7.0,8.875,1006.875,118.0,10.0,51.625,32.5,28.0,14.875,32.5,7,31,0,3,0,0
2023-08-01,5053.5900,5060.6150,29.0,25.0,27.0,91.125,6.0,7.0,9.25,1005.875,65.125,9.0,68.25,31.375,26.75,18.75,31.375,8,1,1,3,0,0
2023-08-02,5849.7500,5856.7750,32.0,25.0,28.0,83.5,8.0,6.0,9.875,1004.75,51.75,6.5,57.375,33.5,28.25,17.625,33.5,8,2,2,3,0,0
2023-08-03,6185.1500,6192.1750,32.0,25.0,28.0,85.5,6.0,7.0,11.75,1001.875,119.75,7.875,67.125,33.5,28.0,23.0,33.5,8,3,3,3,0,0
2023-08-04,6230.1700,6237.1950,33.0,25.0,28.0,84.0,10.0,6.0,11.375,1000.75,144.75,6.375,62.375,33.375,28.25,20.875,33.375,8,4,4,3,0,0
2023-08-05,7242.5100,7249.5350,34.0,25.0,29.0,79.625,9.0,7.0,8.25,1000.125,191.125,10.0,41.0,34.25,29.0,13.625,34.25,8,5,5,3,1,0
2023-08-06,8286.6700,8286.6700,35.0,26.0,30.0,72.0,10.0,8.0,5.0,998.625,109.25,10.0,30.25,35.75,30.125,8.25,35.75,8,6,6,3,1,0
2023-08-07,6715.8200,6715.8200,33.0,26.0,28.0,80.25,5.0,6.0,7.0,999.25,48.75,9.5,84.75,33.75,28.625,14.25,33.75,8,7,0,3,0,0
2023-08-08,6345.9800,6345.9800,32.0,25.0,28.0,85.125,3.0,6.0,7.125,1001.5,65.625,8.875,73.25,33.375,28.125,12.0,33.375,8,8,1,3,0,0
2023-08-09,6578.6500,6578.6500,32.0,25.0,28.0,77.625,7.0,6.0,8.5,1002.25,171.375,10.0,55.625,32.5,28.25,14.375,32.5,8,9,2,3,0,0
2023-08-10,6419.7500,6450.3500,34.0,25.0,29.0,73.5,9.0,6.0,7.25,1003.375,187.5,10.0,36.875,32.875,28.875,12.875,32.875,8,10,3,3,0,0
2023-08-11,6186.5700,6217.1700,35.0,25.0,29.0,68.125,13.0,7.0,4.5,1003.0,156.75,10.0,8.625,33.125,29.375,7.875,33.125,8,11,4,3,0,0
2023-08-12,7400.3800,7430.9800,37.0,26.0,31.0,68.875,13.0,8.0,5.25,1001.75,142.125,10.0,7.0,35.5,30.75,9.625,35.5,8,12,5,3,1,0
2023-08-13,8381.3600,8381.3600,35.0,27.0,30.0,71.125,13.0,7.0,6.375,1000.875,328.125,9.875,35.375,34.625,30.125,9.5,34.625,8,13,6,3,1,0
2023-08-14,6619.2900,6619.2900,33.0,27.0,29.0,76.5,7.0,7.0,7.875,1002.5,236.375,9.625,64.75,33.75,29.125,13.5,33.75,8,14,0,3,0,0
2023-08-15,6337.3600,6337.3600,33.0,26.0,28.0,78.625,10.0,6.0,7.5,1003.875,233.25,9.5,72.375,32.125,27.875,13.375,32.125,8,15,1,3,0,0
2023-08-16,6822.9100,6822.9100,33.0,25.0,28.0,76.5,9.0,6.0,4.625,1004.375,112.75,10.0,31.25,32.0,28.125,9.125,32.0,8,16,2,3,0,0
2023-08-17,6192.6900,6192.6900,32.0,25.0,28.0,76.5,3.0,7.0,5.375,1003.5,156.5,9.625,59.125,31.625,28.25,10.25,31.625,8,17,3,3,0,0
2023-08-18,6208.5000,6208.5000,31.0,24.0,27.0,82.0,5.0,6.0,6.75,1004.125,170.375,8.75,72.625,30.125,26.75,13.25,30.125,8,18,4,3,0,0
2023-08-19,6522.1400,6522.1400,33.0,24.0,28.0,79.5,10.0,6.0,6.125,1006.25,178.5,7.625,66.75,30.375,26.875,16.375,30.375,8,19,5,3,1,0
2023-08-20,6825.6500,6825.6500,33.0,24.0,28.0,75.5,10.0,7.0,7.625,1006.5,147.625,10.0,40.5,31.375,27.875,14.75,31.375,8,20,6,3,1,0
2023-08-21,5908.8400,5927.4483,36.0,25.0,29.0,73.375,9.0,7.0,7.25,1003.625,202.5,9.875,42.75,33.25,29.0,14.5,33.25,8,21,0,3,0,0
2023-08-22,5481.4800,5500.0883,31.0,25.0,27.0,83.5,6.0,6.0,4.0,1003.875,245.0,9.75,72.625,31.125,27.25,11.0,31.125,8,22,1,3,0,0
2023-08-23,6056.3500,6074.9583,30.0,24.0,26.0,85.5,7.0,6.0,5.125,1005.375,209.625,9.875,68.25,29.125,26.25,12.125,29.125,8,23,2,3,0,0
2023-08-24,6384.4500,6403.0583,31.0,24.0,27.0,76.875,10.0,7.0,7.0,1007.625,88.25,9.0,55.875,29.875,27.0,11.875,29.875,8,24,3,3,0,0
2023-08-25,6188.7800,6207.3883,31.0,24.0,27.0,80.125,7.0,7.0,9.0,1008.25,90.125,10.0,42.875,30.375,27.0,14.125,30.375,8,25,4,3,0,0
2023-08-26,6574.4800,6593.0883,31.0,25.0,27.0,85.125,5.0,6.0,8.625,1006.0,69.5,9.875,89.0,31.125,27.125,15.875,31.125,8,26,5,3,1,0
2023-08-27,7624.8100,7624.8100,33.0,25.0,28.0,82.75,6.0,6.0,6.125,1002.25,186.25,9.25,64.375,32.125,28.0,12.5,32.125,8,27,6,3,1,0
2023-08-28,5481.2600,5481.2600,29.0,20.0,24.0,91.75,7.0,6.0,7.125,1002.0,267.375,8.5,76.625,28.75,25.125,14.0,28.375,8,28,0,3,0,0
2023-08-29,4048.4200,4048.4200,21.0,20.0,21.0,96.375,1.0,5.0,5.125,1008.375,293.125,6.5,100.0,22.5,21.25,10.75,21.75,8,29,1,3,0,0
2023-08-30,3713.7000,3713.7000,22.0,19.0,21.0,95.625,1.0,5.0,8.625,1011.125,295.625,6.125,100.0,22.625,21.125,16.75,21.5,8,30,2,3,0,0
2023-08-31,3447.5400,3447.5400,28.0,20.0,23.0,82.25,7.0,5.0,7.875,1011.625,154.375,6.5,72.5,24.25,23.125,12.375,24.25,8,31,3,3,0,0
2023-09-01,4084.7600,4084.7600,27.0,20.0,24.0,80.0,6.0,6.0,9.875,1010.375,143.75,10.0,61.125,25.25,23.5,17.25,24.875,9,1,4,4,0,0
2023-09-02,5032.9000,5032.9000,25.0,21.0,23.0,89.25,1.0,6.0,8.0,1009.0,269.625,10.0,89.625,25.75,24.0,14.875,25.375,9,2,5,4,1,0
2023-09-03,5241.8200,5241.8200,26.0,23.0,24.0,93.75,1.0,5.0,6.375,1008.625,49.75,8.75,96.25,27.5,24.75,12.375,27.5,9,3,6,4,1,0
2023-09-04,5151.1700,5151.1700,31.0,23.0,26.0,85.25,8.0,6.0,9.5,1008.375,172.875,6.125,81.0,29.25,26.125,17.75,29.25,9,4,0,4,0,0
2023-09-05,4664.4400,4664.4400,29.0,24.0,26.0,90.0,8.0,7.0,9.5,1009.75,53.375,7.625,76.375,29.0,25.875,16.125,29.0,9,5,1,4,0,0
2023-09-06,6453.1800,6453.1800,31.0,23.0,26.0,82.75,9.0,6.0,7.875,1011.625,43.875,7.0,65.125,29.125,26.25,12.375,29.125,9,6,2,4,0,0
2023-09-07,6143.2600,6143.2600,30.0,23.0,26.0,82.375,6.0,6.0,8.875,1012.125,59.625,6.75,56.5,28.5,25.75,14.5,28.5,9,7,3,4,0,0
2023-09-08,5748.1500,5748.1500,30.0,23.0,26.0,77.875,13.0,7.0,9.5,1011.375,71.375,9.0,23.5,27.875,25.625,13.5,27.875,9,8,4,4,0,0
2023-09-09,5156.9300,5156.9300,29.0,21.0,25.0,75.125,13.0,6.0,6.75,1010.625,92.375,10.0,9.25,26.625,24.75,11.875,26.0,9,9,5,4,1,0
2023-09-10,5838.6700,5838.6700,30.0,20.0,25.0,74.5,13.0,6.0,6.0,1008.375,122.875,10.0,8.125,26.5,24.875,11.625,26.5,9,10,6,4,1,0
2023-09-11,3536.9700,3536.9700,32.0,22.0,26.0,75.125,13.0,7.0,5.875,1006.875,164.5,10.0,10.875,29.0,26.375,9.75,29.0,9,11,0,4,0,0
2023-09-12,3638.7400,3638.7400,32.0,23.0,27.0,78.25,13.0,7.0,6.0,1006.875,127.75,10.0,38.625,30.0,27.125,9.125,30.0,9,12,1,4,0,0
2023-09-13,3768.1500,3768.1500,27.0,21.0,24.0,89.75,5.0,6.0,6.125,1007.5,258.875,9.0,73.625,27.625,25.0,12.875,27.625,9,13,2,4,0,0
2023-09-14,3606.2100,3606.2100,23.0,22.0,22.0,94.0,2.0,5.0,6.0,1011.375,321.0,7.125,95.75,24.375,22.375,12.625,22.875,9,14,3,4,0,0
2023-09-15,3423.8900,3423.8900,25.0,22.0,23.0,95.625,1.0,5.0,4.75,1010.875,205.625,3.625,96.875,25.75,22.875,8.375,25.0,9,15,4,4,0,0
2023-09-16,5211.5400,5211.5400,25.0,22.0,23.0,95.0,4.0,5.0,3.875,1010.75,162.75,8.875,89.0,26.0,23.375,7.375,25.625,9,16,5,4,1,0
2023-09-17,5369.0000,5369.0000,31.0,22.0,26.0,81.125,13.0,7.0,5.125,1010.5,214.875,7.0,36.875,28.375,25.75,8.375,28.125,9,17,6,4,1,0
2023-09-18,5685.9200,5685.9200,32.0,23.0,27.0,80.125,13.0,7.0,6.25,1010.75,146.625,10.0,10.5,30.125,26.75,9.625,30.125,9,18,0,4,0,0
2023-09-19,5388.2500,5388.2500,34.0,24.0,28.0,75.125,13.0,7.0,7.0,1009.875,176.125,10.0,10.75,32.375,28.375,12.5,32.375,9,19,1,4,0,0
2023-09-20,5171.8800,5171.8800,29.0,23.0,25.0,85.5,3.0,7.0,9.625,1010.125,297.875,9.75,66.625,28.75,25.875,17.125,28.75,9,20,2,4,0,0
2023-09-21,3345.4700,3345.4700,22.0,19.0,21.0,92.375,1.0,5.0,9.25,1015.0,175.5,9.0,100.0,24.0,21.5,17.5,22.625,9,21,3,4,0,0
2023-09-22,3002.9100,3002.9100,20.0,19.0,19.0,93.875,1.0,4.0,5.0,1016.0,94.25,7.0,100.0,20.125,20.125,10.375,20.125,9,22,4,4,0,0
2023-09-23,2662.8400,2662.8400,20.0,19.0,20.0,90.625,1.0,4.0,6.375,1017.0,215.75,5.75,99.875,20.0,19.625,13.125,19.625,9,23,5,4,1,0
2023-09-24,3265.9400,3265.9400,22.0,19.0,21.0,94.125,1.0,5.0,3.375,1015.125,257.375,4.0,98.375,22.625,21.5,6.125,22.625,9,24,6,4,1,0
2023-09-25,3463.0000,3463.0000,29.0,22.0,25.0,87.125,2.0,6.0,7.125,1013.125,133.375,6.5,89.25,28.0,24.875,10.375,28.0,9,25,0,4,0,0
2023-09-26,3514.1200,3514.1200,28.0,23.0,25.0,88.875,3.0,5.0,6.375,1014.0,62.25,7.0,89.0,27.875,25.0,10.25,27.875,9,26,1,4,0,0
2023-09-27,3515.9100,3515.9100,28.0,23.0,25.0,86.0,6.0,6.0,8.0,1013.25,70.75,6.75,77.625,28.125,25.375,11.25,28.125,9,27,2,4,0,0
2023-09-28,3579.6100,3579.6100,29.0,23.0,25.0,83.5,8.0,7.0,8.625,1014.5,80.75,10.0,56.125,28.0,25.5,13.75,28.0,9,28,3,4,0,0
2023-09-29,4518.1600,4518.1600,30.0,24.0,26.0,85.5,3.0,6.0,6.25,1013.625,62.875,6.0,85.25,28.75,26.0,10.5,28.75,9,29,4,4,0,1
2023-09-30,3262.9900,3262.9900,27.0,23.0,25.0,85.0,1.0,5.0,8.5,1013.0,169.25,9.0,86.0,27.25,24.75,14.875,27.25,9,30,5,4,1,0
2023-10-01,3543.1200,3543.1200,26.0,19.0,22.0,74.25,9.0,6.0,10.625,1016.125,50.75,10.0,51.25,23.0,22.0,15.75,23.0,10,1,6,4,1,1
2023-10-02,2989.0700,2989.0700,25.0,17.0,21.0,68.25,12.0,6.0,9.75,1016.75,136.375,10.0,22.625,22.0,21.0,15.25,21.25,10,2,0,4,0,1
2023-10-03,2639.6600,2639.6600,27.0,19.0,22.0,69.25,8.0,6.0,6.375,1014.75,91.75,10.0,57.25,23.375,22.25,9.625,23.375,10,3,1,4,0,1
2023-10-04,3238.1400,3238.1400,24.0,20.0,22.0,72.0,11.0,5.0,8.875,1015.125,57.375,10.0,74.625,22.75,21.75,17.125,22.375,10,4,2,4,0,1
2023-10-05,3035.4200,3035.4200,24.0,17.0,20.0,70.75,5.0,6.0,13.375,1018.125,118.0,10.0,45.0,21.25,20.5,22.75,21.25,10,5,3,4,0,1
2023-10-06,2853.0800,2853.0800,21.0,17.0,19.0,72.625,3.0,5.0,9.875,1018.625,27.25,9.0,77.375,18.75,18.75,18.25,18.75,10,6,4,4,0,1
2023-10-07,87.5900,87.5900,18.0,16.0,17.0,92.875,1.0,4.0,7.375,1019.75,135.25,6.5,98.375,16.875,16.875,13.375,16.875,10,7,5,4,1,0
2023-10-08,85.4100,85.4100,19.0,16.0,17.0,86.125,1.0,4.0,7.875,1020.75,256.75,10.0,96.125,17.125,17.125,15.5,17.125,10,8,6,4,1,0
2023-10-09,81.4400,81.4400,18.0,17.0,17.0,87.375,9.0,5.0,4.625,1021.875,283.5,8.375,58.5,17.625,17.625,11.0,17.625,10,9,0,4,0,0
2023-10-10,80.6400,80.6400,24.0,15.0,19.0,69.875,11.0,5.0,8.125,1023.0,178.875,10.0,51.25,19.625,19.125,14.875,19.625,10,10,1,4,0,0
2023-10-11,82.4100,82.4100,24.0,16.0,20.0,66.25,10.0,4.0,6.375,1023.375,132.5,10.0,49.5,19.875,19.5,11.75,19.875,10,11,2,4,0,0
2023-10-12,79.5900,79.5900,23.0,16.0,20.0,72.5,8.0,4.0,6.625,1023.5,83.875,10.0,61.625,19.625,19.25,10.875,19.75,10,12,3,4,0,0
2023-10-13,81.0800,81.0800,22.0,18.0,19.0,80.875,1.0,5.0,7.0,1019.25,253.125,10.0,85.625,19.5,19.25,11.5,19.25,10,13,4,4,0,0
2023-10-14,2034.0600,2034.0600,25.0,16.0,20.0,71.75,11.0,6.0,4.75,1016.125,216.0,10.0,37.25,20.0,19.5,8.625,19.625,10,14,5,4,1,0
2023-10-15,2673.7300,2673.7300,27.0,15.0,21.0,60.25,11.0,6.0,8.5,1016.125,218.0,10.0,5.625,20.5,19.75,14.0,19.625,10,15,6,4,1,0
2023-10-16,83.4000,83.4000,26.0,16.0,20.0,56.25,11.0,6.0,6.5,1019.25,148.625,10.0,4.75,19.875,19.375,12.0,19.5,10,16,0,4,0,0
2023-10-17,81.3700,81.3700,24.0,16.0,19.0,61.625,11.0,5.0,7.25,1020.875,103.625,10.0,0.0,19.5,19.25,10.625,19.5,10,17,1,4,0,0
2023-10-18,87.3500,87.3500,27.0,15.0,20.0,62.875,11.0,6.0,6.125,1018.125,161.75,10.0,0.0,20.5,20.0,10.25,20.125,10,18,2,4,0,0
2023-10-19,1551.7800,1551.7800,28.0,17.0,22.0,61.625,11.0,6.0,5.125,1016.25,143.625,10.0,16.0,22.75,21.875,10.75,22.75,10,19,3,4,0,0
2023-10-20,88.8200,88.8200,20.0,13.0,16.0,75.0,8.0,4.0,13.625,1023.75,324.125,8.0,58.875,16.125,15.875,23.25,15.875,10,20,4,4,0,0
2023-10-21,89.6100,89.6100,20.0,12.0,16.0,54.125,11.0,5.0,5.5,1025.625,169.375,10.0,1.25,15.5,15.625,9.375,15.625,10,21,5,4,1,0
2023-10-22,88.1300,88.1300,23.0,13.0,18.0,61.25,11.0,5.0,4.875,1023.125,139.75,10.0,5.5,18.0,17.5,8.375,17.75,10,22,6,4,1,0
2023-10-23,82.6900,82.6900,25.0,15.0,20.0,70.625,11.0,5.0,5.25,1021.25,158.625,10.0,8.625,19.0,19.0,8.5,19.25,10,23,0,4,0,0
2023-10-24,1191.6300,1191.6300,27.0,17.0,22.0,68.125,11.0,6.0,5.125,1018.125,165.625,10.0,9.25,21.875,20.75,9.875,21.125,10,24,1,4,0,0
2023-10-25,1146.1100,1146.1100,26.0,19.0,22.0,65.625,11.0,6.0,3.625,1017.625,69.5,10.0,16.75,22.5,21.375,5.5,22.125,10,25,2,4,0,0
2023-10-26,1613.7100,1613.7100,25.0,20.0,22.0,70.25,11.0,6.0,5.125,1016.875,99.625,10.0,13.625,22.375,21.375,8.25,22.0,10,26,3,4,0,0
2023-10-27,1246.2700,1246.2700,25.0,18.0,21.0,65.5,8.0,6.0,5.25,1017.875,150.625,10.0,25.875,21.5,20.75,10.5,20.875,10,27,4,4,0,0
2023-10-28,1592.3800,1592.3800,24.0,18.0,20.0,61.375,10.0,6.0,9.75,1019.0,73.625,10.0,36.75,20.5,20.125,14.375,20.5,10,28,5,4,1,0
2023-10-29,2069.9900,2069.9900,25.0,16.0,20.0,63.75,11.0,5.0,5.5,1019.25,122.125,10.0,14.5,19.875,19.625,10.0,19.875,10,29,6,4,1,0
2023-10-30,84.4900,84.4900,25.0,16.0,20.0,67.375,11.0,6.0,4.875,1020.5,163.375,10.0,2.0,20.75,20.25,8.25,20.5,10,30,0,4,0,0
2023-10-31,970.1100,970.1100,27.0,17.0,21.0,65.5,11.0,6.0,5.0,1021.625,168.875,10.0,0.125,21.125,20.625,8.625,20.75,10,31,1,4,0,0
2023-11-01,2042.8900,2042.8900,28.0,16.0,21.0,52.125,11.0,6.0,7.375,1019.25,175.875,10.0,1.125,20.875,20.5,13.375,20.5,11,1,2,4,0,0
2023-11-02,83.8300,83.8300,28.0,16.0,21.0,53.125,11.0,6.0,8.75,1015.5,191.375,10.0,0.0,20.5,20.125,14.125,20.375,11,2,3,4,0,0
2023-11-03,83.8000,83.8000,27.0,17.0,22.0,59.375,5.0,6.0,6.0,1013.875,165.0,10.0,33.0,21.75,21.25,11.375,21.75,11,3,4,4,0,0
2023-11-04,2771.5800,2771.5800,29.0,19.0,24.0,64.25,11.0,6.0,4.0,1014.0,129.125,10.0,22.625,24.25,23.375,8.5,24.25,11,4,5,4,1,0
2023-11-05,2618.7200,2618.7200,31.0,18.0,24.0,66.375,11.0,6.0,11.625,1012.0,230.375,9.25,31.875,24.375,24.125,18.5,24.375,11,5,6,4,1,0
2023-11-06,80.9800,80.9800,18.0,13.0,16.0,53.75,7.0,4.0,14.0,1021.125,326.125,9.375,51.75,16.0,16.125,25.625,16.125,11,6,0,4,0,0
2023-11-07,81.8800,81.8800,19.0,12.0,15.0,36.25,11.0,5.0,6.0,1022.875,157.0,10.0,16.0,14.25,14.25,9.5,14.25,11,7,1,4,0,0
2023-11-08,88.6100,88.6100,20.0,13.0,17.0,57.5,8.0,4.0,5.75,1018.375,202.375,10.0,53.875,15.25,15.125,10.375,15.125,11,8,2,4,0,0
2023-11-09,87.9400,87.9400,18.0,16.0,17.0,86.25,3.0,5.0,4.5,1017.375,190.75,8.25,75.125,17.125,17.125,8.875,17.125,11,9,3,4,0,0
2023-11-10,90.6400,90.6400,16.0,12.0,14.0,85.75,1.0,3.0,13.375,1025.25,103.125,4.875,100.0,13.5,12.625,22.875,12.625,11,10,4,4,0,0
2023-11-11,89.2500,89.2500,13.0,12.0,13.0,78.625,1.0,3.0,10.75,1028.125,25.875,6.875,100.0,12.625,11.625,15.5,11.625,11,11,5,4,1,0
2023-11-12,100.8300,100.8300,12.0,8.0,10.0,78.0,1.0,3.0,14.0,1031.375,253.25,8.0,79.5,10.5,8.75,24.0,8.75,11,12,6,4,1,0
2023-11-13,91.3600,91.3600,11.0,5.0,8.0,51.375,11.0,3.0,9.0,1033.625,250.25,10.0,17.375,7.875,6.375,16.25,6.375,11,13,0,4,0,0
2023-11-14,89.6400,89.6400,15.0,6.0,10.0,57.25,11.0,4.0,3.25,1029.0,175.125,10.0,6.0,9.25,9.125,6.5,9.125,11,14,1,4,0,0
2023-11-15,84.6000,84.6000,17.0,9.0,13.0,56.375,11.0,4.0,5.25,1027.5,104.125,10.0,23.875,11.375,11.125,7.75,11.125,11,15,2,4,0,0
2023-11-16,90.6200,90.6200,16.0,9.0,12.0,59.125,10.0,3.0,15.75,1028.0,300.5,8.875,48.0,12.375,11.125,25.5,11.125,11,16,3,4,0,0
2023-11-17,89.2500,89.2500,16.0,6.0,10.0,49.625,11.0,4.0,14.25,1027.125,277.125,10.0,0.0,10.25,9.0,23.0,9.0,11,17,4,4,0,0
2023-11-18,88.3700,88.3700,15.0,7.0,10.0,40.125,11.0,4.0,4.75,1027.625,256.0,10.0,18.75,9.625,9.375,10.5,9.375,11,18,5,4,1,0
2023-11-19,89.5400,89.5400,19.0,8.0,13.0,47.5,11.0,4.0,6.75,1022.875,208.875,10.0,14.625,11.25,10.75,12.125,10.75,11,19,6,4,1,0
2023-11-20,81.4500,81.4500,20.0,10.0,14.0,51.0,11.0,4.0,6.25,1022.875,150.125,10.0,4.0,12.75,12.5,11.5,12.5,11,20,0,4,0,0
2023-11-21,82.8200,82.8200,21.0,10.0,15.0,57.0,11.0,4.0,5.125,1019.625,173.375,10.0,0.0,13.75,13.625,9.75,13.625,11,21,1,4,0,0
2023-11-22,80.8700,80.8700,22.0,11.0,16.0,54.75,7.0,5.0,6.5,1016.875,199.625,10.0,30.0,15.0,14.375,12.625,14.625,11,22,2,4,0,0
2023-11-23,81.7400,81.7400,23.0,12.0,17.0,48.75,10.0,5.0,12.375,1020.375,295.625,10.0,10.375,17.0,16.375,20.375,16.5,11,23,3,4,0,0
2023-11-24,84.7600,84.7600,13.0,7.0,10.0,36.125,10.0,4.0,12.125,1030.75,111.875,10.0,0.75,9.875,8.25,19.0,8.25,11,24,4,4,0,0
2023-11-25,87.0000,87.0000,17.0,11.0,13.0,58.875,10.0,3.0,9.875,1028.375,114.875,10.0,43.375,11.125,10.25,14.75,10.25,11,25,5,4,1,0
2023-11-26,88.1100,88.1100,17.0,11.0,14.0,65.0,8.0,4.0,4.875,1023.0,175.0,10.0,37.25,12.375,12.25,7.875,12.25,11,26,6,4,1,0
2023-11-27,83.9000,83.9000,21.0,11.0,15.0,56.875,10.0,5.0,6.375,1020.75,264.0,10.0,3.875,14.25,14.25,10.5,14.25,11,27,0,4,0,0
2023-11-28,90.2800,90.2800,18.0,11.0,14.0,38.375,10.0,4.0,8.25,1023.875,160.875,10.0,0.0,13.125,12.5,14.125,12.5,11,28,1,4,0,0
2023-11-29,89.2300,89.2300,20.0,10.0,15.0,51.125,10.0,4.0,10.5,1022.25,226.625,10.0,16.25,13.75,13.375,17.0,13.375,11,29,2,4,0,0
2023-11-30,88.4000,88.4000,12.0,8.0,9.0,49.25,3.0,2.0,15.0,1031.375,92.625,10.0,86.25,9.625,7.5,25.375,7.5,11,30,3,4,0,0
2023-12-01,565.5700,565.5700,10.0,5.0,7.0,28.25,10.0,2.0,12.75,1032.125,269.0,10.0,32.5,7.125,5.0,20.625,5.0,12,1,4,1,0,0
2023-12-02,96.7100,96.7100,12.0,4.0,8.0,30.375,10.0,2.0,4.125,1028.875,139.75,10.0,20.25,7.875,7.625,6.5,7.625,12,2,5,1,1,0
2023-12-03,96.7000,96.7000,13.0,6.0,10.0,47.25,9.0,2.0,5.25,1027.125,100.25,10.0,40.375,8.75,8.25,8.125,8.25,12,3,6,1,1,0
2023-12-04,92.1200,92.1200,11.0,8.0,9.0,64.625,2.0,3.0,5.0,1021.5,210.125,10.0,50.625,8.5,8.0,7.375,8.0,12,4,0,1,0,0
2023-12-05,91.9000,91.9000,18.0,7.0,12.0,63.0,10.0,4.0,5.625,1019.375,187.0,10.0,28.625,10.25,9.75,12.625,9.75,12,5,1,1,0,0
2023-12-06,92.0500,92.0500,19.0,10.0,13.0,46.25,10.0,3.0,10.0,1019.75,268.25,10.0,33.375,12.5,12.125,18.75,12.125,12,6,2,1,0,0
2023-12-07,90.8700,90.8700,20.0,8.0,14.0,43.5,10.0,4.0,9.375,1018.875,210.625,10.0,0.0,12.375,11.5,17.0,11.5,12,7,3,1,0,0
2023-12-08,90.7100,90.7100,23.0,10.0,15.0,46.375,10.0,5.0,10.25,1015.25,202.75,10.0,13.75,15.0,14.25,20.125,14.25,12,8,4,1,0,0
2023-12-09,96.7500,96.7500,23.0,15.0,18.0,43.0,10.0,5.0,6.75,1015.0,214.125,10.0,34.875,18.0,17.625,13.25,18.0,12,9,5,1,1,0
2023-12-10,97.6000,97.6000,20.0,15.0,17.0,55.125,8.0,5.0,5.125,1015.875,157.125,10.0,56.0,16.125,16.375,10.25,16.375,12,10,6,1,1,0
2023-12-11,91.5500,91.5500,16.0,8.0,12.0,81.5,1.0,4.0,12.25,1018.375,333.125,10.0,82.375,11.875,10.5,22.5,10.5,12,11,0,1,0,0
2023-12-12,90.7700,90.7700,9.0,6.0,8.0,69.75,1.0,2.0,12.125,1026.125,307.375,9.0,83.625,7.5,5.625,20.625,5.625,12,12,1,1,0,0
2023-12-13,89.5300,89.5300,14.0,7.0,10.0,62.0,8.0,4.0,4.75,1023.875,131.125,10.0,36.875,10.25,9.875,8.75,9.875,12,13,2,1,0,0
2023-12-14,79.1500,79.1500,24.0,11.0,17.0,69.375,10.0,5.0,5.125,1017.5,205.0,10.0,7.625,16.375,16.0,9.75,16.125,12,14,3,1,0,0
2023-12-15,89.4100,89.4100,17.0,4.0,9.0,77.625,1.0,3.0,17.25,1021.5,257.25,7.0,81.0,9.125,6.25,27.125,6.25,12,15,4,1,0,0
2023-12-16,96.0900,96.0900,4.0,0.0,3.0,59.875,10.0,1.0,22.625,1035.125,330.625,9.375,56.25,2.5,-2.125,34.0,-2.125,12,16,5,1,1,0
2023-12-17,2716.5300,2716.5300,4.0,-1.0,1.0,34.25,11.0,2.0,13.125,1037.75,184.75,10.0,45.75,0.75,-3.0,19.125,-3.0,12,17,6,1,1,0
2023-12-18,3907.2300,3907.2300,4.0,1.0,2.0,81.375,1.0,1.0,5.625,1031.75,220.5,7.5,96.5,2.0,0.125,10.5,0.125,12,18,0,1,0,0
2023-12-19,4218.8100,4218.8100,3.0,1.0,2.0,94.875,1.0,1.0,9.125,1031.625,314.5,5.0,100.0,1.625,-0.875,17.25,-0.875,12,19,1,1,0,0
2023-12-20,1682.3100,1682.3100,4.0,-1.0,1.0,67.75,10.0,1.0,12.75,1035.5,338.375,10.0,40.75,1.625,-2.125,22.0,-2.125,12,20,2,1,0,0
2023-12-21,1780.7200,1780.7200,2.0,-2.0,-0.0,36.5,10.0,2.0,18.75,1039.0,339.25,10.0,2.75,-1.125,-6.5,25.75,-6.5,12,21,3,1,0,0
2023-12-22,1337.5500,1337.5500,1.0,-4.0,-1.0,32.125,11.0,2.0,11.125,1042.0,182.5,10.0,4.0,-2.5,-6.625,17.875,-6.625,12,22,4,1,0,0
2023-12-23,4984.2200,4984.2200,5.0,-2.0,1.0,38.75,5.0,2.0,3.625,1037.75,239.875,10.0,33.25,-0.25,-1.125,6.5,-1.125,12,23,5,1,1,0
2023-12-24,3402.6000,3402.6000,8.0,-1.0,3.0,41.5,10.0,2.0,7.25,1036.25,299.375,10.0,13.125,1.75,-0.25,11.5,-0.25,12,24,6,1,1,0
2023-12-25,1107.2800,1107.2800,9.0,1.0,4.0,48.625,11.0,2.0,3.75,1033.5,166.25,10.0,0.0,3.125,2.5,6.5,2.5,12,25,0,1,0,0
2023-12-26,902.0700,902.0700,12.0,2.0,7.0,49.875,11.0,3.0,4.875,1029.25,150.625,10.0,20.375,5.125,4.25,9.375,4.25,12,26,1,1,0,0
2023-12-27,2161.7600,2161.7600,13.0,5.0,8.0,52.875,11.0,3.0,4.25,1028.625,179.875,10.0,16.625,6.875,6.5,8.375,6.5,12,27,2,1,0,0
2023-12-28,499.6700,499.6700,14.0,6.0,10.0,53.75,11.0,3.0,4.25,1027.875,143.0,10.0,6.25,8.25,8.125,8.0,8.125,12,28,3,1,0,0
2023-12-29,91.4900,91.4900,15.0,7.0,11.0,71.125,11.0,4.0,5.0,1025.0,69.25,10.0,7.25,8.75,8.5,8.75,8.5,12,29,4,1,0,0
2023-12-30,97.5700,97.5700,15.0,9.0,11.0,75.25,10.0,4.0,3.875,1018.5,282.625,10.0,27.625,10.5,10.625,8.75,10.625,12,30,5,1,1,0
2023-12-31,95.8100,95.8100,14.0,7.0,11.0,57.5,11.0,3.0,14.125,1025.25,244.625,10.0,10.25,10.0,8.25,21.0,8.25,12,31,6,1,1,0
2024-01-01,95.0300,95.0300,10.0,3.0,7.0,64.125,11.0,3.0,8.375,1028.375,59.875,10.0,14.75,5.375,3.625,12.25,3.625,1,1,0,1,0,1
2024-01-02,98.6500,98.6500,12.0,4.0,8.0,64.75,11.0,3.0,6.0,1024.0,168.625,9.0,27.75,7.0,6.375,8.75,6.375,1,2,1,1,0,0
2024-01-03,2290.5500,2290.5500,13.0,7.0,9.0,63.75,10.0,2.0,11.0,1026.0,328.5,9.0,46.125,8.125,6.25,18.25,6.25,1,3,2,1,0,0
2024-01-04,1125.6800,1125.6800,14.0,5.0,9.0,57.125,11.0,3.0,4.75,1023.75,171.375,10.0,8.0,6.875,6.375,8.75,6.375,1,4,3,1,0,0
2024-01-05,2105.3500,2105.3500,15.0,6.0,10.0,50.75,11.0,4.0,4.25,1022.625,185.75,10.0,18.625,9.0,8.75,9.25,8.75,1,5,4,1,0,0
2024-01-06,96.2500,96.2500,15.0,8.0,11.0,56.25,11.0,4.0,6.75,1024.75,157.0,10.0,11.875,9.75,9.125,10.25,9.125,1,6,5,1,1,0
2024-01-07,1929.9400,1929.9400,10.0,5.0,7.0,56.375,11.0,3.0,9.875,1029.625,26.625,10.0,20.875,6.375,4.375,15.625,4.375,1,7,6,1,1,0
2024-01-08,94.4500,94.4500,11.0,5.0,8.0,63.625,7.0,3.0,7.125,1025.25,150.75,10.0,56.25,5.75,4.5,11.375,4.5,1,8,0,1,0,0
2024-01-09,92.9500,92.9500,15.0,6.0,11.0,68.5,11.0,4.0,5.625,1020.625,198.5,10.0,44.25,9.5,8.875,10.125,8.875,1,9,1,1,0,0
2024-01-10,93.4200,93.4200,11.0,5.0,7.0,59.0,9.0,2.0,15.5,1026.375,252.375,10.0,24.875,7.125,4.25,24.875,4.25,1,10,2,1,0,0
2024-01-11,93.1300,93.1300,13.0,3.0,8.0,50.25,11.0,3.0,4.75,1023.75,169.25,10.0,19.25,6.125,5.75,8.625,5.75,1,11,3,1,0,0
2024-01-12,93.4300,93.4300,17.0,6.0,11.0,45.375,11.0,4.0,4.875,1020.75,207.125,10.0,0.375,10.0,9.25,10.5,9.25,1,12,4,1,0,0
2024-01-13,94.5000,94.5000,17.0,8.0,12.0,45.5,11.0,4.0,4.625,1022.625,132.75,10.0,0.0,11.125,11.0,8.5,11.0,1,13,5,1,1,0
2024-01-14,93.9600,93.9600,20.0,9.0,13.0,49.75,11.0,4.0,9.875,1022.5,225.625,10.0,17.125,12.875,11.875,19.0,11.875,1,14,6,1,1,0
2024-01-15,93.8600,93.8600,10.0,6.0,8.0,59.125,8.0,2.0,13.125,1030.5,33.75,10.0,49.75,7.375,5.0,21.5,5.0,1,15,0,1,0,0
2024-01-16,92.9300,92.9300,13.0,5.0,8.0,61.5,11.0,3.0,10.25,1028.0,87.875,10.0,6.125,7.25,5.25,16.125,5.25,1,16,1,1,0,0
2024-01-17,94.1000,94.1000,20.0,8.0,13.0,57.625,11.0,4.0,7.125,1021.875,159.75,10.0,14.625,11.5,11.0,12.25,11.0,1,17,2,1,0,0
2024-01-18,92.6700,92.6700,14.0,8.0,10.0,79.375,3.0,4.0,10.125,1022.5,26.0,9.0,70.625,9.75,8.375,16.25,8.375,1,18,3,1,0,0
2024-01-19,93.0900,93.0900,9.0,7.0,9.0,89.875,1.0,2.0,8.0,1023.125,60.25,7.875,100.0,8.875,7.5,14.125,7.5,1,19,4,1,0,0
2024-01-20,96.0400,96.0400,7.0,6.0,6.0,82.625,1.0,2.0,12.75,1025.5,289.625,8.0,100.0,6.625,3.875,23.625,3.875,1,20,5,1,1,0
2024-01-21,95.3500,95.3500,7.0,3.0,5.0,74.125,1.0,2.0,13.875,1030.625,337.5,10.0,98.625,5.125,2.125,24.625,2.125,1,21,6,1,1,0
2024-01-22,3523.9000,3523.9000,2.0,-1.0,1.0,56.25,3.0,1.0,20.25,1038.0,346.0,9.625,87.875,1.0,-4.0,31.5,-4.0,1,22,0,1,0,0
2024-01-23,3770.0200,3770.0200,2.0,-3.0,-1.0,32.375,11.0,1.0,16.875,1038.125,333.625,10.0,13.375,-1.25,-6.0,27.375,-6.0,1,23,1,1,0,0
2024-01-24,2972.0900,2972.0900,5.0,-2.0,1.0,31.375,11.0,2.0,9.25,1035.875,234.75,10.0,3.25,0.75,-2.25,17.375,-2.25,1,24,2,1,0,0
2024-01-25,5017.1500,5017.1500,7.0,-0.0,3.0,36.625,11.0,2.0,3.875,1033.75,227.875,10.0,25.625,1.875,1.25,8.625,1.25,1,25,3,1,0,0
2024-01-26,5134.4200,5134.4200,9.0,1.0,5.0,40.25,11.0,3.0,4.125,1032.5,197.875,10.0,25.5,3.75,3.0,7.125,3.0,1,26,4,1,0,0
2024-01-27,5482.3500,5482.3500,10.0,3.0,6.0,46.375,11.0,3.0,4.75,1031.625,130.875,10.0,30.5,4.75,4.125,8.0,4.125,1,27,5,1,1,0
2024-01-28,3488.0400,3488.0400,10.0,2.0,6.0,46.375,11.0,3.0,4.375,1032.125,199.375,10.0,1.5,4.5,3.875,8.875,3.875,1,28,6,1,1,0
2024-01-29,4941.4800,4941.4800,9.0,6.0,7.0,51.75,1.0,3.0,4.0,1028.625,117.25,9.0,77.625,6.875,6.625,7.375,6.625,1,29,0,1,0,0
2024-01-30,3442.0000,3442.0000,14.0,6.0,10.0,80.0,7.0,2.0,3.875,1024.25,141.125,10.0,76.25,9.625,9.75,7.125,9.75,1,30,1,1,0,0
2024-01-31,3000.3100,3000.3100,17.0,10.0,12.0,85.875,10.0,3.0,5.125,1020.75,129.25,8.125,70.625,12.875,12.75,9.5,12.75,1,31,2,1,0,0
2024-02-01,2906.8100,2906.8100,12.0,7.0,10.0,94.375,1.0,3.0,10.875,1021.75,101.25,5.25,100.0,10.0,8.5,20.0,8.5,2,1,3,1,0,0
2024-02-02,3698.2900,3698.2900,6.0,5.0,6.0,89.125,1.0,2.0,10.625,1027.125,83.625,9.375,100.0,5.625,3.375,18.625,3.375,2,2,4,1,0,0
2024-02-03,2130.4500,2130.4500,6.0,5.0,6.0,92.875,1.0,2.0,8.5,1026.125,142.25,7.5,100.0,5.625,3.5,16.625,3.5,2,3,5,1,1,0
2024-02-04,4218.3900,4218.3900,5.0,4.0,5.0,93.0,1.0,1.0,7.25,1024.0,157.25,7.0,100.0,4.625,3.0,15.625,3.0,2,4,6,1,1,0
2024-02-05,3806.5000,3806.5000,7.0,2.0,4.0,74.75,2.0,1.0,15.125,1028.25,296.0,10.0,80.875,4.0,0.625,25.125,0.625,2,5,0,1,0,0
2024-02-06,4649.8000,4649.8000,1.0,0.0,1.0,92.5,1.0,2.0,6.75,1029.375,65.125,7.75,89.5,0.5,-1.375,13.875,-1.375,2,6,1,1,0,0
2024-02-07,5438.8400,5438.8400,4.0,1.0,3.0,89.5,1.0,1.0,6.875,1028.25,163.5,8.0,94.625,2.375,0.625,13.125,0.625,2,7,2,1,0,0
2024-02-08,3652.2800,3652.2800,8.0,2.0,4.0,68.625,10.0,1.0,6.25,1027.0,140.625,10.0,61.25,3.375,1.75,11.5,1.75,2,8,3,1,0,0
2024-02-09,2377.3700,2377.3700,10.0,2.0,6.0,62.25,11.0,2.0,4.0,1028.0,263.0,10.0,29.5,5.0,4.25,7.875,4.25,2,9,4,1,0,0
2024-02-10,2762.9300,2762.9300,15.0,4.0,9.0,62.125,11.0,3.0,6.5,1027.625,219.5,10.0,10.25,7.75,6.75,12.5,6.75,2,10,5,1,1,1
2024-02-11,2039.9200,2039.9200,15.0,7.0,11.0,58.0,11.0,4.0,5.125,1030.0,204.25,10.0,3.75,9.625,9.125,10.375,9.125,2,11,6,1,1,1
2024-02-12,1409.3100,1409.3100,18.0,6.0,12.0,56.875,11.0,4.0,7.625,1027.125,172.5,10.0,0.0,10.625,10.125,13.375,10.125,2,12,0,1,0,1
2024-02-13,91.4300,91.4300,19.0,8.0,13.0,62.375,6.0,4.0,9.0,1023.25,200.375,10.0,44.75,13.25,12.5,15.75,12.5,2,13,1,1,0,1
2024-02-14,91.3300,91.3300,23.0,13.0,17.0,64.625,11.0,4.0,6.0,1019.75,183.375,9.0,34.875,17.0,16.625,12.0,16.875,2,14,2,1,0,1
2024-02-15,3898.3400,3898.3400,17.0,6.0,11.0,78.5,1.0,4.0,14.125,1023.5,159.875,7.875,70.25,10.5,8.625,23.125,8.625,2,15,3,1,0,1
2024-02-16,1693.7000,1693.7000,11.0,4.0,7.0,60.625,11.0,2.0,7.75,1026.75,70.75,10.0,15.0,6.625,5.375,12.375,5.375,2,16,4,1,0,1
2024-02-17,90.3500,90.3500,18.0,6.0,11.0,74.875,10.0,4.0,5.875,1016.875,151.375,10.0,30.5,10.75,10.625,10.5,10.625,2,17,5,1,1,0
2024-02-18,89.9700,89.9700,25.0,12.0,18.0,74.75,9.0,5.0,9.5,1010.875,189.0,10.0,13.875,17.75,16.625,17.75,17.125,2,18,6,1,1,0
2024-02-19,90.5700,90.5700,22.0,11.0,18.0,80.375,5.0,5.0,10.25,1013.625,109.375,10.0,69.5,18.5,17.625,18.625,18.25,2,19,0,1,0,0
2024-02-20,86.5300,86.5300,10.0,9.0,9.0,88.5,1.0,2.0,12.375,1019.625,62.125,10.0,100.0,9.625,8.0,20.25,8.0,2,20,1,1,0,0
2024-02-21,89.7400,89.7400,10.0,3.0,8.0,92.125,1.0,2.0,11.75,1019.5,110.375,7.5,100.0,7.75,5.5,22.625,5.5,2,21,2,1,0,0
2024-02-22,90.4300,90.4300,3.0,1.0,2.0,93.375,1.0,1.0,11.125,1028.625,337.875,7.75,100.0,1.75,-1.375,24.0,-1.375,2,22,3,1,0,0
2024-02-23,4587.4500,4587.4500,0.0,-1.0,-0.0,95.875,1.0,1.0,8.875,1032.0,313.0,5.375,100.0,-0.125,-2.875,19.0,-2.875,2,23,4,1,0,0
2024-02-24,105.7400,105.7400,2.0,1.0,1.0,89.625,1.0,1.0,7.625,1030.375,326.0,6.125,100.0,1.375,-1.0,15.875,-1.0,2,24,5,1,1,0
2024-02-25,5709.7300,5709.7300,7.0,-1.0,3.0,71.125,9.0,1.0,12.5,1030.25,336.875,10.0,65.875,2.125,-1.125,23.25,-1.125,2,25,6,1,1,0
2024-02-26,106.4300,106.4300,8.0,3.0,5.0,64.125,6.0,1.0,6.75,1030.625,178.5,10.0,82.125,4.625,2.875,11.375,2.875,2,26,0,1,0,0
2024-02-27,105.1000,105.1000,10.0,4.0,7.0,65.0,8.0,3.0,6.625,1028.75,51.75,10.0,54.625,5.5,4.125,12.0,4.125,2,27,1,1,0,0
2024-02-28,105.2000,105.2000,6.0,5.0,6.0,89.125,1.0,3.0,5.0,1024.75,166.25,8.375,90.25,5.375,4.375,7.875,4.375,2,28,2,1,0,0
2024-02-29,4378.6500,4378.6500,6.0,5.0,5.0,93.875,1.0,2.0,9.125,1025.25,318.75,5.5,100.0,5.0,3.0,17.125,3.0,2,29,3,1,0,0
2024-03-01,3689.5800,3689.5800,5.0,4.0,4.0,89.25,1.0,1.0,10.625,1030.625,112.125,8.75,98.75,4.25,1.875,20.25,1.875,3,1,4,2,0,0
2024-03-02,3468.4600,3468.4600,10.0,2.0,5.0,67.875,7.0,2.0,5.625,1026.25,140.875,10.0,47.25,4.875,3.75,10.0,3.75,3,2,5,2,1,0
2024-03-03,1884.6200,1884.6200,14.0,4.0,8.0,70.625,9.0,3.0,6.5,1020.5,147.0,10.0,27.375,7.5,6.625,12.5,6.625,3,3,6,2,1,0
2024-03-04,105.9100,105.9100,13.0,8.0,10.0,82.375,8.0,4.0,4.5,1013.125,143.75,9.0,63.75,10.5,10.5,10.125,10.5,3,4,0,2,0,0
2024-03-05,105.2100,105.2100,12.0,9.0,11.0,94.625,1.0,3.0,7.75,1010.625,243.75,7.625,97.875,11.0,10.0,16.875,10.0,3,5,1,2,0,0
2024-03-06,105.8000,105.8000,9.0,6.0,7.0,88.75,1.0,2.0,10.25,1020.0,330.625,5.0,97.375,7.75,6.25,21.375,6.25,3,6,2,2,0,0
2024-03-07,105.0500,105.0500,13.0,4.0,8.0,68.375,9.0,3.0,4.875,1023.125,36.25,10.0,31.5,7.375,6.875,9.75,6.875,3,7,3,2,0,0
2024-03-08,103.5400,103.5400,14.0,6.0,10.0,60.125,12.0,3.0,11.25,1023.875,186.0,10.0,21.0,9.25,7.625,19.25,7.625,3,8,4,2,0,0
2024-03-09,104.3300,104.3300,12.0,5.0,8.0,62.75,10.0,2.0,9.125,1026.375,86.875,10.0,38.875,8.25,6.875,12.875,6.875,3,9,5,2,1,0
2024-03-10,103.5000,103.5000,16.0,5.0,10.0,67.375,12.0,4.0,8.25,1026.25,79.625,10.0,13.375,9.375,8.625,13.625,8.625,3,10,6,2,1,0
2024-03-11,103.7200,103.7200,15.0,9.0,11.0,82.625,7.0,4.0,6.75,1020.625,215.625,8.0,60.0,11.625,11.0,11.75,11.0,3,11,0,2,0,0
2024-03-12,4003.2100,4003.2100,19.0,8.0,13.0,68.75,11.0,4.0,14.75,1021.625,168.25,10.0,19.125,13.0,11.875,25.875,11.875,3,12,1,2,0,0
2024-03-13,998.0500,998.0500,16.0,7.0,11.0,59.75,9.0,3.0,7.75,1023.25,87.125,10.0,58.25,10.25,9.375,12.0,9.375,3,13,2,2,0,0
2024-03-14,461.2600,461.2600,13.0,11.0,11.0,77.0,1.0,4.0,4.0,1021.25,116.375,10.0,76.375,11.625,11.75,8.0,11.75,3,14,3,2,0,0
2024-03-15,88.5800,88.5800,19.0,7.0,13.0,78.875,9.0,4.0,6.5,1021.625,72.625,10.0,35.25,12.5,12.5,12.5,12.5,3,15,4,2,0,0
2024-03-16,89.1900,89.1900,23.0,12.0,17.0,78.375,11.0,5.0,4.125,1018.75,182.375,10.0,66.5,17.0,16.25,8.875,16.5,3,16,5,2,1,0
2024-03-17,90.5300,90.5300,17.0,9.0,13.0,84.625,1.0,3.0,10.25,1021.0,38.625,8.625,90.75,14.0,13.25,18.625,13.25,3,17,6,2,1,0
2024-03-18,89.7900,89.7900,10.0,7.0,8.0,79.125,3.0,2.0,7.875,1023.625,51.25,8.875,93.875,8.375,7.375,14.5,7.375,3,18,0,2,0,0
2024-03-19,1614.7600,1614.7600,17.0,5.0,11.0,67.25,12.0,3.0,10.5,1025.375,288.25,10.0,20.875,10.5,9.75,16.875,9.75,3,19,1,2,0,0
2024-03-20,86.3800,86.3800,17.0,7.0,11.0,54.5,12.0,4.0,8.625,1027.0,203.875,10.0,2.25,11.25,10.5,13.375,10.5,3,20,2,2,0,0
2024-03-21,88.3200,88.3200,21.0,8.0,14.0,57.375,9.0,4.0,6.625,1017.625,129.0,10.0,33.75,13.5,13.375,12.75,13.375,3,21,3,2,0,0
2024-03-22,88.2900,88.2900,25.0,11.0,18.0,64.75,12.0,5.0,11.75,1009.25,198.375,10.0,14.0,18.375,17.125,19.75,17.5,3,22,4,2,0,0
2024-03-23,89.3900,89.3900,24.0,17.0,20.0,78.125,9.0,5.0,5.875,1009.875,202.875,10.0,60.125,20.125,19.625,11.625,20.125,3,23,5,2,1,0
2024-03-24,2886.4900,2886.4900,28.0,18.0,22.0,84.125,8.0,6.0,6.0,1011.125,170.875,9.75,73.625,22.375,21.5,13.5,22.125,3,24,6,2,1,0
2024-03-25,85.0500,85.0500,22.0,11.0,16.0,91.375,1.0,4.0,13.0,1012.625,165.0,6.75,100.0,17.75,16.875,21.875,17.125,3,25,0,2,0,0
2024-03-26,82.5400,82.5400,16.0,10.0,12.0,74.25,7.0,3.0,12.75,1023.875,202.25,10.0,68.625,12.25,10.75,22.625,10.75,3,26,1,2,0,0
2024-03-27,83.9300,83.9300,21.0,10.0,14.0,75.25,11.0,4.0,8.0,1019.25,120.875,10.0,32.125,14.625,13.875,14.625,13.875,3,27,2,2,0,0
2024-03-28,93.3600,93.3600,16.0,13.0,14.0,90.0,4.0,3.0,6.5,1012.875,148.5,8.0,78.625,14.625,14.875,13.75,14.875,3,28,3,2,0,0
2024-03-29,84.5300,84.5300,27.0,12.0,19.0,70.25,13.0,5.0,12.0,1012.625,210.25,9.0,3.5,18.625,18.0,23.25,17.875,3,29,4,2,0,0
2024-03-30,3270.6700,3270.6700,25.0,15.0,19.0,63.375,9.0,5.0,7.375,1011.25,179.25,10.0,57.75,20.375,19.75,13.75,20.25,3,30,5,2,1,0
2024-03-31,2132.7200,2132.7200,23.0,14.0,17.0,77.25,11.0,5.0,7.25,1011.125,98.25,10.0,24.25,17.25,16.75,12.625,16.75,3,31,6,2,1,0
2024-04-01,84.3800,84.3800,26.0,14.0,19.0,70.125,12.0,5.0,10.25,1012.625,109.375,9.375,21.125,19.625,19.0,17.125,19.625,4,1,0,2,0,0
2024-04-02,80.4200,80.4200,26.0,17.0,21.0,85.375,8.0,5.0,9.5,1005.5,168.875,10.0,57.5,21.25,20.5,17.0,21.25,4,2,1,2,0,0
2024-04-03,85.9500,85.9500,23.0,14.0,18.0,87.25,4.0,4.0,13.625,1007.75,263.75,9.375,87.875,18.875,18.5,25.375,18.5,4,3,2,2,0,0
2024-04-04,832.9300,832.9300,15.0,10.0,12.0,75.75,5.0,3.0,8.5,1018.625,23.5,7.875,83.75,13.0,12.875,13.375,12.875,4,4,3,2,0,1
2024-04-05,690.4600,690.4600,13.0,10.0,12.0,75.125,8.0,3.0,5.875,1020.25,84.875,9.0,78.125,12.5,12.125,11.625,12.125,4,5,4,2,0,1
2024-04-06,90.6900,90.6900,13.0,10.0,11.0,81.25,1.0,3.0,4.875,1019.625,101.75,8.875,99.5,12.5,12.625,11.5,12.625,4,6,5,2,1,0
2024-04-07,90.1900,90.1900,14.0,12.0,13.0,91.75,1.0,3.0,7.25,1016.75,58.25,6.0,99.625,12.625,12.25,13.5,12.25,4,7,6,2,1,0
2024-04-08,90.5800,90.5800,13.0,11.0,12.0,96.625,1.0,3.0,6.375,1017.375,100.0,4.75,100.0,12.5,12.375,12.125,12.375,4,8,0,2,0,0
2024-04-09,93.8500,93.8500,20.0,10.0,15.0,73.125,12.0,4.0,5.0,1022.875,168.375,10.0,20.0,14.5,14.5,8.75,14.5,4,9,1,2,0,0
2024-04-10,94.2100,94.2100,23.0,12.0,17.0,62.5,13.0,5.0,7.75,1020.125,87.375,10.0,30.75,16.5,16.25,13.0,16.375,4,10,2,2,0,0
2024-04-11,89.9000,89.9000,23.0,14.0,18.0,72.375,9.0,4.0,3.0,1016.875,139.25,10.0,73.625,18.5,17.875,7.25,18.125,4,11,3,2,0,0
2024-04-12,88.8600,88.8600,21.0,15.0,17.0,88.625,1.0,4.0,5.375,1014.875,216.5,7.875,98.25,18.25,17.875,9.25,18.25,4,12,4,2,0,0
2024-04-13,89.6500,89.6500,22.0,15.0,18.0,87.75,10.0,4.0,8.0,1014.875,68.5,6.0,55.375,18.0,17.75,14.25,17.75,4,13,5,2,1,0
2024-04-14,1924.6200,1924.6200,27.0,16.0,21.0,85.625,1.0,5.0,6.125,1010.125,122.0,6.0,95.375,21.75,20.625,12.75,21.375,4,14,6,2,1,0
2024-04-15,2080.5000,2080.5000,27.0,18.0,22.0,85.875,9.0,5.0,6.875,1011.625,81.875,6.875,70.25,23.625,22.375,10.0,23.0,4,15,0,2,0,0
2024-04-16,91.7700,91.7700,22.0,17.0,19.0,91.375,1.0,5.0,7.75,1012.5,52.875,8.75,85.375,20.125,19.625,14.625,20.125,4,16,1,2,0,0
2024-04-17,528.8400,528.8400,17.0,15.0,16.0,96.0,1.0,4.0,7.75,1011.625,51.375,1.5,100.0,16.125,16.0,15.375,16.0,4,17,2,2,0,0
2024-04-18,88.7100,88.7100,22.0,14.0,17.0,73.875,10.0,4.0,7.125,1013.375,88.0,7.0,44.25,17.25,16.625,12.125,16.625,4,18,3,2,0,0
2024-04-19,89.0900,89.0900,26.0,13.0,19.0,70.75,4.0,5.0,8.125,1008.0,151.25,8.875,42.5,18.75,17.875,14.25,18.0,4,19,4,2,0,0
2024-04-20,1561.1000,1561.1000,23.0,18.0,19.0,86.875,1.0,4.0,7.5,1006.125,236.75,8.0,89.125,20.25,19.5,14.25,20.25,4,20,5,2,1,0
2024-04-21,932.6600,932.6600,16.0,14.0,15.0,92.125,6.0,3.0,5.75,1011.625,115.125,6.875,76.875,16.25,16.125,10.875,16.125,4,21,6,2,1,0
2024-04-22,87.9500,87.9500,18.0,15.0,16.0,89.625,4.0,4.0,6.75,1011.5,74.375,6.875,84.0,16.0,16.0,14.0,16.0,4,22,0,2,0,0
2024-04-23,87.7200,87.7200,18.0,15.0,16.0,94.25,1.0,4.0,4.25,1010.0,163.5,3.625,87.625,16.5,16.625,8.875,16.625,4,23,1,2,0,0
2024-04-24,88.4200,88.4200,26.0,15.0,20.0,62.125,13.0,4.0,7.625,1011.875,164.125,10.0,24.5,19.875,19.5,13.25,19.5,4,24,2,2,0,0
2024-04-25,93.1700,93.1700,21.0,16.0,18.0,73.75,8.0,5.0,5.875,1009.375,129.125,9.875,68.125,18.875,18.5,12.125,18.875,4,25,3,2,0,0
2024-04-26,842.8200,842.8200,22.0,16.0,18.0,86.0,9.0,4.0,7.625,1006.375,111.625,10.0,65.875,19.375,18.75,11.875,19.375,4,26,4,2,0,0
2024-04-27,2108.8800,2108.8800,23.0,16.0,18.0,86.75,4.0,4.0,9.625,1009.5,69.0,8.0,83.25,19.0,18.25,16.0,18.625,4,27,5,2,1,0
2024-04-28,620.7700,620.7700,25.0,17.0,20.0,90.75,2.0,5.0,5.375,1007.125,135.5,5.75,91.375,21.375,20.625,12.375,21.375,4,28,6,2,1,0
2024-04-29,1225.7800,1225.7800,24.0,19.0,21.0,87.5,1.0,5.0,7.0,1008.875,157.75,10.0,94.875,22.0,21.125,14.875,22.0,4,29,0,2,0,0
2024-04-30,112.2900,112.2900,20.0,13.0,16.0,93.0,1.0,4.0,12.0,1010.0,43.125,8.5,93.625,15.875,15.5,22.5,15.5,4,30,1,2,0,0
2024-05-01,1230.7100,1230.7100,16.0,11.0,13.0,83.75,5.0,3.0,7.625,1015.75,76.875,9.0,71.5,14.0,13.625,15.25,13.625,5,1,2,2,0,1
2024-05-02,1550.4500,1550.4500,20.0,12.0,16.0,66.5,13.0,5.0,6.625,1017.75,57.5,10.0,30.5,15.875,15.875,10.5,15.875,5,2,3,2,0,1
2024-05-03,118.1500,118.1500,19.0,14.0,16.0,75.25,10.0,5.0,8.125,1017.125,63.625,10.0,54.0,16.375,16.5,16.125,16.5,5,3,4,2,0,1
2024-05-04,118.3100,118.3100,17.0,15.0,16.0,88.25,5.0,4.0,4.25,1012.125,116.625,7.0,83.375,16.75,16.75,10.5,16.75,5,4,5,2,1,0
2024-05-05,115.4700,115.4700,18.0,16.0,17.0,97.5,1.0,4.0,3.5,1009.5,43.75,5.0,100.0,18.375,18.375,9.125,18.375,5,5,6,2,1,0
2024-05-06,1112.5800,1112.5800,25.0,17.0,21.0,77.875,9.0,5.0,4.25,1013.5,184.625,7.0,46.25,21.625,20.875,7.125,21.25,5,6,0,2,0,0
2024-05-07,761.5600,761.5600,26.0,18.0,22.0,73.5,7.0,6.0,6.125,1016.0,132.75,9.875,30.625,22.5,21.625,10.625,22.5,5,7,1,2,0,0
2024-05-08,102.8300,102.8300,24.0,16.0,19.0,68.125,9.0,5.0,9.75,1019.125,100.125,9.375,20.875,20.0,19.5,16.25,20.0,5,8,2,2,0,0
2024-05-09,105.9600,105.9600,22.0,14.0,18.0,64.5,6.0,5.0,6.75,1019.875,101.875,10.0,52.0,18.125,17.625,11.25,17.875,5,9,3,2,0,0
2024-05-10,1341.5081,1341.5081,27.0,15.0,21.0,65.75,13.0,6.0,10.25,1014.125,185.75,10.0,11.125,22.0,21.25,15.375,21.375,5,10,4,2,0,0
2024-05-11,2098.7380,2098.7380,23.0,19.0,20.0,92.625,2.0,5.0,8.25,1011.0,203.75,5.25,90.125,21.875,21.125,15.875,21.625,5,11,5,2,1,0
2024-05-12,110.8779,110.8779,24.0,18.0,20.0,71.625,9.0,5.0,9.0,1013.375,168.25,9.5,77.625,20.375,20.125,16.0,20.375,5,12,6,2,1,0
2024-05-13,652.9184,652.9184,26.0,14.0,20.0,60.25,9.0,5.0,5.875,1016.375,176.5,10.0,20.0,19.75,19.5,10.875,19.75,5,13,0,2,0,0
2024-05-14,1279.2979,1279.2979,26.0,14.0,20.0,57.75,13.0,5.0,7.25,1015.75,149.25,10.0,0.0,19.625,19.25,13.125,19.25,5,14,1,2,0,0
2024-05-15,2650.6202,2650.6202,26.0,15.0,20.0,66.25,12.0,5.0,12.125,1018.25,183.625,10.0,16.5,20.25,19.75,19.75,20.25,5,15,2,2,0,0
2024-05-16,301.9109,301.9109,27.0,12.0,19.0,50.125,13.0,5.0,7.875,1017.875,176.5,10.0,0.25,19.25,19.125,13.0,19.125,5,16,3,2,0,0
2024-05-17,1661.6107,1661.6107,30.0,16.0,23.0,56.875,13.0,6.0,8.5,1011.5,175.75,10.0,4.125,23.125,22.125,16.125,23.0,5,17,4,2,0,0
2024-05-18,3014.1692,3014.1692,30.0,19.0,24.0,64.375,13.0,6.0,8.875,1010.5,130.625,10.0,4.75,25.125,23.875,15.375,24.75,5,18,5,2,1,0
2024-05-19,3983.7207,3983.7207,28.0,19.0,22.0,75.125,10.0,6.0,8.375,1010.875,65.375,10.0,25.0,23.125,22.625,16.375,23.125,5,19,6,2,1,0
2024-05-20,2608.5696,2608.5696,29.0,20.0,24.0,67.75,9.0,5.0,6.0,1010.75,125.125,10.0,69.0,25.0,24.25,10.875,25.0,5,20,0,2,0,0
2024-05-21,2795.2596,2795.2596,27.0,19.0,22.0,74.5,9.0,6.0,11.375,1013.875,90.125,10.0,32.0,23.375,22.625,17.125,23.375,5,21,1,2,0,0
2024-05-22,2295.9290,2295.9290,27.0,19.0,22.0,64.875,12.0,6.0,9.625,1012.75,62.625,10.0,36.625,22.625,22.125,14.625,22.625,5,22,2,2,0,0
2024-05-23,2588.0805,2588.0805,29.0,18.0,23.0,76.75,13.0,6.0,6.125,1009.375,120.625,10.0,31.75,24.0,23.0,11.125,23.625,5,23,3,2,0,0
2024-05-24,2642.9394,2642.9394,30.0,20.0,24.0,78.375,10.0,6.0,6.75,1009.875,91.5,9.875,35.25,25.5,24.125,12.125,25.5,5,24,4,2,0,0
2024-05-25,3208.6491,3208.6491,30.0,21.0,25.0,78.125,7.0,7.0,6.125,1009.25,67.75,10.0,60.875,27.875,25.375,11.125,26.875,5,25,5,2,1,0
2024-05-26,5244.7710,5244.7710,35.0,23.0,28.0,68.75,11.0,6.0,7.5,1004.375,201.375,10.0,55.375,31.125,27.875,14.75,31.125,5,26,6,2,1,0
2024-05-27,2937.4177,2937.4177,24.0,17.0,21.0,89.5,1.0,5.0,11.0,1005.75,52.875,8.0,88.875,22.625,21.125,20.625,21.625,5,27,0,2,0,0
2024-05-28,2678.3203,2678.3203,25.0,16.0,20.0,66.375,14.0,4.0,7.875,1009.875,162.375,9.0,21.125,20.25,19.875,15.125,20.25,5,28,1,2,0,0
2024-05-29,2719.0689,2719.0689,27.0,17.0,21.0,54.375,14.0,5.0,9.875,1010.0,99.5,10.0,21.0,21.75,21.125,15.5,21.75,5,29,2,2,0,0
2024-05-30,2770.1790,2770.1790,24.0,18.0,20.0,72.75,9.0,6.0,5.0,1008.125,168.625,9.0,71.625,22.0,21.0,10.375,21.625,5,30,3,2,0,0
2024-05-31,101.9700,101.9700,19.0,18.0,18.0,95.875,1.0,4.0,3.75,1011.625,279.75,3.75,96.125,18.5,18.5,5.875,18.5,5,31,4,2,0,0
2024-06-01,2795.2889,2795.2889,26.0,18.0,21.0,78.0,10.0,5.0,5.125,1014.5,130.5,10.0,63.875,21.5,20.375,8.875,20.75,6,1,5,3,1,0
2024-06-02,2736.0988,2736.0988,22.0,18.0,20.0,81.75,7.0,4.0,8.25,1012.875,130.5,10.0,68.125,22.125,21.0,15.375,21.375,6,2,6,3,1,0
2024-06-03,2634.0588,2634.0588,28.0,19.0,23.0,60.125,14.0,6.0,5.875,1011.75,198.0,10.0,29.0,23.125,22.75,9.625,23.125,6,3,0,3,0,0
2024-06-04,2616.1383,2616.1383,28.0,19.0,23.0,60.5,9.0,6.0,7.0,1013.125,128.125,10.0,42.5,23.875,23.25,12.25,23.5,6,4,1,3,0,0
2024-06-05,1871.6182,1871.6182,21.0,17.0,19.0,88.0,1.0,5.0,6.625,1014.75,134.875,6.875,84.125,19.5,19.5,11.375,19.5,6,5,2,3,0,0
2024-06-06,128.5727,128.5727,23.0,17.0,20.0,85.25,1.0,4.0,7.875,1014.125,110.5,7.0,92.75,20.125,19.625,15.25,20.125,6,6,3,3,0,0
2024-06-07,1728.4194,1728.4194,26.0,17.0,22.0,82.25,6.0,6.0,6.25,1011.0,123.125,10.0,68.375,23.0,21.5,12.25,22.625,6,7,4,3,0,0
2024-06-08,2962.8887,2962.8887,31.0,20.0,25.0,73.25,13.0,7.0,4.625,1007.5,204.875,10.0,42.0,26.125,24.75,9.125,26.125,6,8,5,3,1,0
2024-06-09,3742.4406,3742.4406,29.0,22.0,25.0,76.0,14.0,5.0,5.875,1008.0,175.75,10.0,52.0,27.0,24.75,9.375,27.0,6,9,6,3,1,0
2024-06-10,4037.0808,4037.0808,25.0,20.0,22.0,88.25,9.0,5.0,8.375,1007.625,143.625,7.875,72.875,23.875,22.375,13.0,23.375,6,10,0,3,0,1
2024-06-11,2541.6199,2541.6199,28.0,20.0,23.0,87.25,3.0,5.0,5.75,1006.0,134.625,7.0,84.875,24.625,23.25,9.0,24.625,6,11,1,3,0,0
2024-06-12,3234.6098,3234.6098,32.0,22.0,26.0,81.625,7.0,6.0,4.25,1003.25,198.25,6.125,73.5,29.125,25.875,7.25,29.125,6,12,2,3,0,0
2024-06-13,3235.3585,3235.3585,32.0,22.0,26.0,79.25,15.0,7.0,7.875,1002.625,133.375,10.0,12.75,29.0,26.125,13.5,29.0,6,13,3,3,0,0
2024-06-14,7777.8558,7777.8558,31.0,22.0,26.0,82.25,14.0,7.0,5.125,1001.0,122.125,10.0,40.875,28.75,25.875,9.625,28.75,6,14,4,3,0,0
2024-06-15,7945.9265,7945.9265,33.0,22.0,27.0,78.875,14.0,7.0,6.125,1002.5,158.875,8.0,24.5,30.0,26.75,11.125,30.0,6,15,5,3,1,0
2024-06-16,7889.8663,7889.8663,31.0,23.0,26.0,78.375,15.0,7.0,10.5,1006.25,67.25,10.0,20.75,28.625,26.0,18.5,28.625,6,16,6,3,1,0
2024-06-17,5387.7053,5387.7053,27.0,21.0,24.0,82.5,6.0,5.0,11.25,1006.125,58.625,9.0,61.875,26.25,24.0,16.75,26.0,6,17,0,3,0,0
2024-06-18,6043.2056,6043.2056,30.0,20.0,24.0,68.375,14.0,6.0,7.75,1006.875,117.75,10.0,14.75,25.5,24.375,14.625,25.125,6,18,1,3,0,0
2024-06-19,5893.5852,5893.5852,26.0,23.0,24.0,89.375,2.0,5.0,6.625,1004.625,171.0,9.0,89.375,26.375,24.0,10.0,26.375,6,19,2,3,0,0
2024-06-20,4010.2899,4010.2899,29.0,23.0,25.0,94.625,7.0,5.0,7.75,1002.5,217.5,4.125,82.875,28.5,25.125,15.0,28.5,6,20,3,3,0,0
2024-06-21,3343.2291,3343.2291,30.0,23.0,27.0,87.0,8.0,7.0,7.375,1001.875,197.125,6.375,49.375,31.125,26.875,14.5,31.125,6,21,4,3,0,0
2024-06-22,5860.2593,5860.2593,30.0,25.0,27.0,91.375,12.0,6.0,7.25,1000.75,237.625,6.375,70.625,33.375,27.75,15.625,33.375,6,22,5,3,1,0
2024-06-23,3842.0678,3842.0678,27.0,22.0,24.0,93.125,9.0,5.0,9.375,1003.625,222.375,8.875,72.5,27.375,24.25,16.625,27.375,6,23,6,3,1,0
2024-06-24,2791.7277,2791.7277,29.0,22.0,25.0,90.25,11.0,5.0,5.75,1006.125,217.0,6.125,73.5,27.125,24.25,11.5,26.875,6,24,0,3,0,0
2024-06-25,2887.5382,2887.5382,22.0,20.0,21.0,97.5,1.0,5.0,4.125,1011.0,121.375,6.875,99.5,22.5,21.0,7.625,21.375,6,25,1,3,0,0
2024-06-26,2796.6288,2796.6288,23.0,21.0,22.0,97.875,1.0,5.0,6.25,1011.75,181.125,5.125,96.75,23.625,22.0,13.5,23.625,6,26,2,3,0,0
2024-06-27,2879.9384,2879.9384,23.0,22.0,22.0,97.875,1.0,5.0,6.25,1010.25,192.625,5.5,99.125,25.25,22.5,12.0,24.5,6,27,3,3,0,0
2024-06-28,3033.0074,3033.0074,25.0,22.0,23.0,96.125,5.0,5.0,9.375,1008.125,203.5,4.0,82.75,25.875,23.125,14.5,25.875,6,28,4,3,0,0
2024-06-29,5528.8389,5528.8389,29.0,22.0,25.0,93.375,13.0,6.0,6.875,1003.0,183.25,6.0,66.625,30.125,26.0,12.625,30.125,6,29,5,3,1,0
2024-06-30,5710.1698,5710.1698,26.0,24.0,25.0,95.5,3.0,5.0,6.25,1001.75,185.5,6.75,80.375,29.125,25.375,13.25,29.125,6,30,6,3,1,0
2024-07-01,3275.0087,3275.0087,27.0,24.0,25.0,96.5,3.0,5.0,5.25,1001.375,204.125,3.25,85.875,29.625,25.625,11.0,29.625,7,1,0,3,0,0
2024-07-02,3288.0481,3288.0481,34.0,24.0,28.0,80.125,14.0,7.0,12.5,1001.0,193.0,7.0,36.625,34.125,29.125,22.625,34.125,7,2,1,3,0,0
2024-07-03,5782.9280,5782.9280,36.0,24.0,29.0,79.125,12.0,7.0,5.125,1009.125,122.125,9.875,39.125,34.25,28.875,10.875,34.25,7,3,2,3,0,0
2024-07-04,6751.0593,6751.0593,38.0,26.0,31.0,69.875,14.0,8.0,9.375,1007.375,213.0,10.0,7.0,37.5,31.375,17.125,37.5,7,4,3,3,0,0
2024-07-05,6711.0606,6711.0606,38.0,26.0,32.0,65.375,14.0,8.0,8.375,1004.75,196.25,10.0,6.375,38.0,31.875,15.25,38.0,7,5,4,3,0,0
2024-07-06,9879.4875,9879.4875,38.0,27.0,32.0,63.875,14.0,8.0,9.75,1003.0,204.0,10.0,8.25,38.625,32.125,17.125,38.625,7,6,5,3,1,0
2024-07-07,9693.9170,9693.9170,39.0,27.0,33.0,62.75,14.0,8.0,8.25,1004.125,193.25,10.0,10.5,38.75,32.5,15.625,38.75,7,7,6,3,1,0
2024-07-08,8309.4493,8309.4493,39.0,28.0,33.0,61.75,14.0,8.0,8.875,1002.75,202.5,10.0,20.125,39.0,32.625,16.0,39.0,7,8,0,3,0,0
2024-07-09,6987.1181,6987.1181,38.0,27.0,32.0,59.625,14.0,8.0,10.5,1002.875,216.875,10.0,19.625,36.5,31.625,17.25,36.5,7,9,1,3,0,0
2024-07-10,7237.7603,7237.7603,37.0,27.0,30.0,73.375,11.0,7.0,9.0,1003.875,171.375,9.375,47.125,35.75,30.375,17.0,35.75,7,10,2,3,0,0
2024-07-11,6886.1490,6886.1490,32.0,25.0,28.0,84.625,10.0,7.0,8.0,1003.0,145.125,8.75,61.875,32.5,27.625,14.125,32.5,7,11,3,3,0,0
2024-07-12,6022.6094,6022.6094,26.0,24.0,25.0,95.875,6.0,5.0,4.0,1001.625,173.125,2.75,80.625,29.25,25.625,8.5,29.25,7,12,4,3,0,0
2024-07-13,7138.4802,7138.4802,26.0,25.0,25.0,93.375,9.0,7.0,6.0,1002.0,204.125,8.375,64.125,31.25,26.625,13.25,31.25,7,13,5,3,1,0
2024-07-14,6155.8501,6155.8501,26.0,24.0,25.0,94.625,9.0,6.0,5.25,1006.5,167.0,6.0,74.0,31.25,26.75,9.375,31.25,7,14,6,3,1,0
2024-07-15,5967.1795,5967.1795,26.0,24.0,25.0,89.25,12.0,6.0,6.125,1008.625,212.375,10.0,50.625,31.625,27.125,11.625,31.625,7,15,0,3,0,0
2024-07-16,6061.6792,6061.6792,36.0,26.0,30.0,72.75,14.0,8.0,9.75,1007.125,195.125,10.0,10.375,36.0,30.375,15.75,36.0,7,16,1,3,0,0
2024-07-17,6242.9295,6242.9295,38.0,25.0,31.0,67.875,14.0,8.0,8.375,1005.75,200.375,10.0,10.625,36.25,30.75,14.75,36.25,7,17,2,3,0,0
2024-07-18,7434.5497,7434.5497,39.0,27.0,33.0,61.5,14.0,8.0,9.625,1004.75,220.125,10.0,11.0,38.125,32.5,17.375,38.125,7,18,3,3,0,0
2024-07-19,8042.3107,8042.3107,39.0,28.0,33.0,59.875,12.0,8.0,7.375,1003.875,190.75,10.0,16.375,39.125,32.875,15.25,39.125,7,19,4,3,0,0
2024-07-20,11267.6969,11267.6969,38.0,28.0,33.0,59.25,12.0,8.0,9.25,1004.875,211.25,10.0,17.25,38.25,32.625,15.75,38.25,7,20,5,3,1,0
2024-07-21,11791.0685,11791.0685,40.0,28.0,33.0,59.875,13.0,8.0,7.375,1004.75,164.625,9.875,13.0,39.75,33.125,11.875,39.75,7,21,6,3,1,0
2024-07-22,9831.0192,9831.0192,39.0,28.0,33.0,59.0,13.0,8.0,11.625,1003.375,175.5,10.0,7.75,38.375,33.125,17.75,38.375,7,22,0,3,0,0
2024-07-23,9376.0795,9376.0795,39.0,27.0,32.0,59.375,13.0,8.0,10.75,1001.0,153.5,10.0,5.5,38.125,33.0,18.0,38.125,7,23,1,3,0,0
2024-07-24,9506.3403,9506.3403,36.0,28.0,31.0,64.875,11.0,8.0,14.0,998.75,119.0,10.0,19.625,36.75,31.5,24.125,36.75,7,24,2,3,0,0
2024-07-25,8710.8506,8710.8506,34.0,27.0,30.0,72.0,4.0,7.0,21.625,995.25,84.875,10.0,67.0,35.125,30.125,34.75,35.125,7,25,3,3,0,0
2024-07-26,7266.9122,7266.9122,29.0,26.0,28.0,83.25,1.0,6.0,21.375,993.875,98.375,8.875,86.0,32.5,27.875,36.75,32.5,7,26,4,3,0,0
2024-07-27,10517.5585,10517.5585,34.0,29.0,30.0,64.875,7.0,7.0,25.25,1000.0,144.375,10.0,67.625,34.875,30.375,40.375,34.875,7,27,5,3,1,0
2024-07-28,9756.5486,9756.5486,37.0,27.0,31.0,61.25,13.0,8.0,17.625,1005.625,157.5,10.0,26.125,36.0,31.625,30.125,36.0,7,28,6,3,1,0
2024-07-29,8915.1088,8915.1088,36.0,25.0,31.0,64.625,13.0,8.0,11.0,1007.125,160.0,10.0,5.625,35.0,30.625,18.625,35.0,7,29,0,3,0,0
2024-07-30,8997.5297,8997.5297,37.0,26.0,31.0,61.75,13.0,8.0,10.875,1005.0,169.625,9.875,13.0,36.375,31.625,19.875,36.375,7,30,1,3,0,0
2024-07-31,9821.2514,9821.2514,40.0,27.0,33.0,59.875,13.0,8.0,9.125,1002.625,178.875,10.0,16.375,38.875,32.875,14.125,38.875,7,31,2,3,0,0
2024-08-01,10137.8493,10137.8493,40.0,29.0,34.0,56.75,9.0,8.0,9.0,1001.75,176.5,10.0,25.5,40.5,34.5,17.625,40.5,8,1,3,3,0,0
2024-08-02,10448.4071,10448.4071,41.0,29.0,34.0,55.875,11.0,8.0,6.875,1002.375,181.375,9.875,26.125,40.625,34.5,13.25,40.625,8,2,4,3,0,0
2024-08-03,11158.5261,11158.5261,42.0,28.0,34.0,62.5,10.0,8.0,5.75,1005.0,190.0,9.875,39.75,41.625,34.125,11.375,41.625,8,3,5,3,1,0
2024-08-04,11419.8479,11419.8479,40.0,27.0,31.0,63.625,11.0,8.0,8.125,1005.125,207.125,9.875,16.75,37.625,32.25,15.0,37.625,8,4,6,3,1,0
2024-08-05,8353.4099,8353.4099,39.0,27.0,32.0,62.125,12.0,8.0,6.625,1004.5,177.125,10.0,17.875,37.875,32.5,12.125,37.875,8,5,0,3,0,0
2024-08-06,8863.7691,8863.7691,39.0,27.0,32.0,65.625,11.0,8.0,7.25,1003.5,208.375,10.0,18.125,39.0,32.75,13.25,39.0,8,6,1,3,0,0
2024-08-07,8465.9003,8465.9003,38.0,27.0,32.0,65.5,13.0,8.0,7.625,1003.875,154.75,10.0,5.75,38.5,33.0,14.25,38.5,8,7,2,3,0,0
2024-08-08,7968.0800,7968.0800,40.0,27.0,32.0,61.875,11.0,8.0,6.75,1003.125,256.875,9.875,26.25,38.5,32.875,13.0,38.5,8,8,3,3,0,0
2024-08-09,9482.2911,9482.2911,39.0,28.0,33.0,61.0,12.0,8.0,5.625,1001.875,147.625,9.875,19.125,38.75,33.125,12.0,38.75,8,9,4,3,0,0
2024-08-10,11450.6198,11450.6198,39.0,27.0,32.0,63.125,11.0,8.0,5.75,1000.75,201.375,10.0,27.0,38.625,32.625,13.25,38.625,8,10,5,3,1,0
2024-08-11,11441.2590,11441.2590,40.0,27.0,32.0,66.625,11.0,8.0,6.25,999.5,230.25,9.875,39.125,37.75,31.875,12.625,37.75,8,11,6,3,1,0
2024-08-12,8575.6804,8575.6804,37.0,26.0,31.0,72.75,11.0,7.0,6.0,1001.0,167.875,9.625,44.0,36.375,30.5,11.5,36.375,8,12,0,3,0,0
2024-08-13,9388.8321,9388.8321,35.0,25.0,29.0,81.0,9.0,6.0,7.0,1003.875,216.125,7.5,63.125,34.25,29.0,11.75,34.25,8,13,1,3,0,0
2024-08-14,9248.0516,9248.0516,33.0,26.0,29.0,78.625,6.0,6.0,6.5,1004.875,103.375,9.875,66.375,33.5,28.5,11.5,33.5,8,14,2,3,0,0
2024-08-15,8227.5220,8227.5220,33.0,25.0,28.0,74.0,8.0,7.0,8.875,1005.375,48.25,10.0,35.0,32.0,28.25,14.375,32.0,8,15,3,3,0,0
2024-08-16,8450.1801,8450.1801,33.0,25.0,29.0,74.75,9.0,7.0,7.875,1005.875,51.0,9.375,41.875,32.25,28.375,14.0,32.25,8,16,4,3,0,0
2024-08-17,9638.3981,9638.3981,33.0,25.0,29.0,74.375,13.0,7.0,9.0,1007.125,43.875,10.0,27.0,32.875,28.875,14.625,32.875,8,17,5,3,1,0
2024-08-18,8887.5473,8887.5473,34.0,26.0,30.0,71.625,13.0,7.0,6.625,1005.375,115.375,10.0,24.625,34.5,30.0,12.375,34.5,8,18,6,3,1,0
2024-08-19,8816.4491,8816.4491,35.0,26.0,29.0,74.75,9.0,7.0,5.375,1002.75,144.625,9.875,54.0,34.875,30.0,13.625,34.875,8,19,0,3,0,0
2024-08-20,8048.3077,8048.3077,36.0,27.0,31.0,72.125,4.0,8.0,4.0,1003.375,173.25,10.0,69.5,36.375,30.5,9.25,36.375,8,20,1,3,0,0
2024-08-21,6751.3111,6751.3111,35.0,26.0,30.0,77.5,9.0,6.0,5.5,1004.125,178.25,8.875,73.5,35.375,29.25,10.5,35.375,8,21,2,3,0,0
2024-08-22,6722.1313,6722.1313,35.0,25.0,29.0,73.625,10.0,6.0,5.125,1006.375,217.625,9.0,55.125,33.5,29.25,9.75,33.5,8,22,3,3,0,0
2024-08-23,7095.6201,7095.6201,35.0,25.0,29.0,70.875,13.0,7.0,5.75,1007.625,147.25,10.0,11.25,33.625,29.5,10.25,33.625,8,23,4,3,0,0
2024-08-24,10498.0879,10498.0879,36.0,26.0,30.0,67.75,13.0,8.0,5.0,1007.75,149.25,10.0,3.0,34.625,30.25,9.625,34.625,8,24,5,3,1,0
2024-08-25,10118.8280,10118.8280,36.0,26.0,30.0,69.0,13.0,8.0,5.375,1006.25,221.875,10.0,9.75,35.5,30.375,11.25,35.5,8,25,6,3,1,0
2024-08-26,8984.2528,8984.2528,38.0,27.0,31.0,68.25,13.0,8.0,4.625,1004.25,177.5,10.0,29.875,37.0,31.5,9.25,37.0,8,26,0,3,0,0
2024-08-27,7965.0715,7965.0715,35.0,25.0,30.0,71.875,7.0,7.0,8.75,1002.5,299.0,9.75,55.0,35.25,30.125,15.25,35.25,8,27,1,3,0,0
2024-08-28,7225.0520,7225.0520,31.0,24.0,27.0,82.25,3.0,6.0,6.125,1003.75,65.75,10.0,85.375,29.875,26.625,12.0,29.875,8,28,2,3,0,0
2024-08-29,7058.8819,7058.8819,33.0,25.0,28.0,77.125,5.0,7.0,7.0,1005.25,187.0,9.875,71.625,32.375,27.875,11.125,32.375,8,29,3,3,0,0
2024-08-30,7230.1410,7230.1410,33.0,25.0,29.0,77.625,12.0,7.0,6.875,1006.875,63.125,8.0,34.25,32.75,28.375,11.0,32.75,8,30,4,3,0,0
2024-08-31,9045.1182,9045.1182,33.0,26.0,29.0,75.0,11.0,7.0,7.25,1008.0,61.125,10.0,36.5,34.0,29.125,10.875,34.0,8,31,5,3,1,0
2024-09-01,9406.0476,9406.0476,37.0,26.0,31.0,72.375,13.0,8.0,5.75,1006.875,134.375,9.625,28.0,37.125,31.0,10.5,37.125,9,1,6,4,1,0
2024-09-02,8105.7592,8105.7592,36.0,28.0,31.0,72.5,10.0,8.0,6.625,1007.75,98.25,9.75,43.25,37.125,30.875,11.875,37.125,9,2,0,4,0,0
2024-09-03,7270.8000,7270.8000,33.0,26.0,29.0,74.625,6.0,6.0,10.375,1008.625,87.5,8.75,61.875,33.375,29.0,17.375,33.375,9,3,1,4,0,0
2024-09-04,8344.1184,8344.1184,33.0,26.0,29.0,72.625,12.0,7.0,8.375,1005.75,67.0,10.0,30.625,32.875,29.125,14.875,32.875,9,4,2,4,0,0
2024-09-05,6927.8199,6927.8199,34.0,25.0,29.0,70.875,13.0,7.0,8.0,1005.875,108.625,10.0,8.625,32.875,29.25,13.875,32.875,9,5,3,4,0,0
2024-09-06,6870.0594,6870.0594,33.0,25.0,28.0,75.0,12.0,7.0,12.25,1008.75,65.125,10.0,42.5,32.0,28.5,19.875,32.0,9,6,4,4,0,0
2024-09-07,7874.3573,7874.3573,33.0,25.0,29.0,72.375,10.0,7.0,10.0,1010.875,72.125,10.0,41.875,32.5,28.75,17.0,32.5,9,7,5,4,1,0
2024-09-08,7747.9880,7747.9880,34.0,25.0,29.0,70.125,12.0,7.0,9.875,1010.625,56.75,10.0,28.375,31.875,28.5,18.75,31.875,9,8,6,4,1,0
2024-09-09,7236.1899,7236.1899,35.0,25.0,29.0,71.125,9.0,7.0,10.375,1008.625,79.875,10.0,37.0,33.0,29.125,18.25,33.0,9,9,0,4,0,0
2024-09-10,7048.6106,7048.6106,32.0,24.0,26.0,84.0,8.0,7.0,9.125,1009.0,132.0,8.5,54.375,30.5,27.125,17.75,30.5,9,10,1,4,0,0
2024-09-11,7144.2791,7144.2791,31.0,25.0,27.0,89.875,2.0,6.0,7.625,1008.25,123.5,7.625,91.125,31.375,26.875,12.5,31.375,9,11,2,4,0,0
2024-09-12,7157.0921,7157.0921,33.0,25.0,29.0,80.0,7.0,6.0,5.0,1008.375,135.875,7.0,77.625,33.875,28.625,9.375,33.875,9,12,3,4,0,0
2024-09-13,6912.2907,6912.2907,35.0,25.0,29.0,71.125,13.0,7.0,8.875,1006.875,114.125,10.0,8.875,33.125,28.875,13.875,33.125,9,13,4,4,0,0
2024-09-14,7338.8116,7338.8116,32.0,25.0,28.0,79.0,11.0,7.0,7.375,1004.625,95.125,10.0,30.75,31.25,27.5,11.375,31.25,9,14,5,4,1,0
2024-09-15,7072.7604,7072.7604,29.0,24.0,26.0,89.625,2.0,7.0,13.375,1005.125,177.875,9.875,77.0,30.875,26.75,23.5,30.875,9,15,6,4,1,0
2024-09-16,7013.6915,7013.6915,26.0,24.0,25.0,94.0,4.0,5.0,22.125,1004.125,237.25,8.875,90.25,28.5,25.375,38.5,28.5,9,16,0,4,0,1
2024-09-17,6968.6122,6968.6122,34.0,24.0,28.0,80.625,8.0,6.0,8.5,1008.25,127.75,9.875,39.875,32.0,27.75,18.0,32.0,9,17,1,4,0,1
2024-09-18,7098.6104,7098.6104,32.0,24.0,27.0,76.5,13.0,7.0,11.375,1009.375,91.25,9.375,14.375,30.125,27.125,19.125,30.125,9,18,2,4,0,0
2024-09-19,7006.2893,7006.2893,29.0,25.0,26.0,93.375,1.0,6.0,11.125,1006.25,32.375,8.0,84.375,31.0,26.375,21.0,31.0,9,19,3,4,0,0
2024-09-20,1731.6755,1731.6755,28.0,25.0,26.0,93.625,2.0,6.0,4.875,1003.0,230.125,9.875,90.125,31.375,26.75,10.0,31.375,9,20,4,4,0,0
2024-09-21,6997.9084,6997.9084,27.0,21.0,23.0,88.625,1.0,5.0,14.125,1009.5,323.0,8.875,93.875,27.0,24.125,25.0,26.625,9,21,5,4,1,0
2024-09-22,6997.9084,6997.9084,23.0,19.0,20.0,79.875,1.0,5.0,16.875,1015.0,251.125,10.0,89.0,21.625,20.625,30.875,21.375,9,22,6,4,1,0
2024-09-23,20993.7258,6997.9090,23.0,18.0,21.0,74.125,8.0,6.0,7.375,1015.75,315.625,10.0,66.75,21.875,20.625,14.375,21.25,9,23,0,4,0,0
2024-09-24,3530.8513,3530.8513,21.0,20.0,21.0,80.5,1.0,5.0,3.375,1013.0,261.25,10.0,95.375,22.5,21.0,6.875,21.0,9,24,1,4,0,0
2024-09-25,3748.1509,3748.1509,27.0,20.0,23.0,83.125,2.0,5.0,3.75,1012.875,124.125,8.0,88.375,24.25,23.0,7.375,24.25,9,25,2,4,0,0
2024-09-26,3451.0010,3451.0010,29.0,22.0,25.0,81.75,3.0,5.0,6.25,1012.625,106.25,9.0,80.5,27.0,24.625,8.5,26.75,9,26,3,4,0,0
2024-09-27,2191.0113,2191.0113,28.0,21.0,24.0,85.5,2.0,6.0,10.875,1013.0,90.5,7.0,80.375,26.625,24.125,16.875,26.25,9,27,4,4,0,0
2024-09-28,5278.8171,5278.8171,28.0,20.0,24.0,79.625,11.0,6.0,9.375,1014.375,59.375,10.0,39.625,25.25,23.5,16.125,24.5,9,28,5,4,1,0
2024-09-29,3458.6209,3458.6209,29.0,21.0,25.0,78.125,6.0,6.0,9.0,1013.75,116.125,10.0,51.125,26.75,24.625,15.625,26.375,9,29,6,4,1,0
2024-09-30,3383.8015,3383.8015,30.0,23.0,26.0,83.875,7.0,7.0,7.875,1011.5,67.375,7.0,63.25,28.5,25.875,11.125,28.5,9,30,0,4,0,0
2024-10-01,3105.9606,3105.9606,24.0,18.0,20.0,88.5,1.0,6.0,16.75,1015.125,290.5,9.0,86.875,23.375,21.625,29.0,23.375,10,1,1,4,0,1
2024-10-02,1661.2311,1661.2311,22.0,16.0,19.0,59.875,11.0,5.0,15.0,1020.125,173.125,10.0,37.125,19.25,18.75,27.125,19.0,10,2,2,4,0,1
2024-10-03,1166.5540,1166.5540,23.0,14.0,18.0,57.625,12.0,5.0,12.0,1022.375,183.5,10.0,27.0,18.375,18.125,22.0,18.375,10,3,3,4,0,1
2024-10-04,2553.1724,2553.1724,24.0,13.0,19.0,67.125,10.0,5.0,9.875,1021.875,165.0,10.0,23.25,19.0,18.5,16.75,19.0,10,4,4,4,0,1
2024-10-05,3035.3928,3035.3928,22.0,18.0,19.0,83.125,1.0,4.0,7.625,1019.375,300.375,6.875,100.0,19.75,19.375,15.25,19.375,10,5,5,4,1,0
2024-10-06,96.6568,96.6568,20.0,19.0,20.0,93.125,1.0,4.0,7.375,1019.25,100.625,6.0,100.0,19.5,19.5,14.125,19.5,10,6,6,4,1,0
2024-10-07,1725.8650,1725.8650,19.0,16.0,18.0,93.875,1.0,4.0,11.125,1021.0,293.125,3.0,100.0,17.875,17.875,19.5,17.875,10,7,0,4,0,1
2024-10-08,97.6957,97.6957,22.0,16.0,18.0,82.125,3.0,4.0,8.0,1021.125,246.25,9.0,68.75,18.0,17.625,16.375,17.625,10,8,1,4,0,0
2024-10-09,95.9557,95.9557,22.0,14.0,18.0,64.5,12.0,5.0,3.625,1018.75,142.5,10.0,12.875,18.0,17.5,7.875,17.75,10,9,2,4,0,0
2024-10-10,96.8860,96.8860,24.0,14.0,19.0,61.875,12.0,5.0,5.125,1017.5,138.25,10.0,4.5,18.375,18.125,8.5,18.5,10,10,3,4,0,0
2024-10-11,1722.8545,1722.8545,24.0,16.0,20.0,64.375,12.0,5.0,4.625,1018.25,134.375,10.0,10.125,19.75,19.5,8.5,19.75,10,11,4,4,0,0
2024-10-12,2145.6448,2145.6448,24.0,16.0,20.0,75.75,6.0,6.0,8.0,1020.125,58.75,10.0,44.5,21.25,20.125,12.75,20.75,10,12,5,4,1,0
2024-10-13,2435.2640,2435.2640,26.0,19.0,22.0,83.25,6.0,6.0,6.0,1018.0,108.125,10.0,51.25,23.375,22.125,10.125,23.125,10,13,6,4,1,0
2024-10-14,3007.7321,3007.7321,26.0,21.0,23.0,81.0,3.0,6.0,6.0,1015.75,158.375,10.0,66.25,24.375,22.875,9.5,23.75,10,14,0,4,0,0
2024-10-15,3160.9442,3160.9442,21.0,20.0,20.0,93.375,1.0,5.0,5.75,1017.5,25.625,6.875,98.125,20.625,20.625,11.25,20.625,10,15,1,4,0,0
2024-10-16,95.7659,95.7659,20.0,19.0,20.0,97.5,1.0,4.0,8.75,1019.875,74.875,7.0,100.0,20.625,20.25,13.5,20.25,10,16,2,4,0,0
2024-10-17,94.5559,94.5559,26.0,20.0,23.0,90.0,1.0,5.0,6.5,1016.375,77.375,6.5,80.375,23.875,22.375,12.75,23.875,10,17,3,4,0,0
2024-10-18,3234.0536,3234.0536,30.0,20.0,24.0,83.375,10.0,6.0,9.25,1012.625,261.375,7.0,53.25,26.75,24.25,15.875,26.125,10,18,4,4,0,0
2024-10-19,1915.5831,1915.5831,20.0,14.0,18.0,79.125,1.0,4.0,17.625,1022.75,257.25,9.0,81.375,18.625,18.625,31.375,18.625,10,19,5,4,1,0
2024-10-20,939.4450,939.4450,20.0,14.0,17.0,69.625,8.0,4.0,9.625,1025.375,180.25,10.0,69.875,16.75,16.5,17.25,16.5,10,20,6,4,1,0
2024-10-21,98.0551,98.0551,24.0,17.0,20.0,76.875,4.0,5.0,4.625,1020.125,144.25,10.0,88.5,20.5,20.125,7.625,20.5,10,21,0,4,0,0
2024-10-22,99.4744,99.4744,21.0,15.0,18.0,80.5,1.0,5.0,12.75,1020.5,298.375,10.0,62.25,18.25,18.25,21.125,18.25,10,22,1,4,0,0
2024-10-23,97.1561,97.1561,19.0,13.0,15.0,63.625,11.0,5.0,10.5,1023.375,211.375,10.0,2.5,15.375,15.25,19.5,15.25,10,23,2,4,0,0
2024-10-24,96.2154,96.2154,21.0,12.0,16.0,68.0,11.0,5.0,8.0,1021.125,169.625,10.0,15.0,16.25,15.875,14.875,15.875,10,24,3,4,0,0
2024-10-25,94.9857,94.9857,23.0,15.0,19.0,72.75,7.0,4.0,12.5,1020.0,125.25,10.0,74.375,19.25,18.5,19.875,19.25,10,25,4,4,0,0
2024-10-26,2554.5539,2554.5539,20.0,19.0,20.0,90.125,1.0,4.0,11.875,1016.5,100.875,9.0,100.0,20.375,20.125,19.5,20.125,10,26,5,4,1,0
2024-10-27,102.6948,102.6948,20.0,15.0,17.0,93.125,1.0,4.0,12.125,1016.375,192.625,6.75,100.0,17.625,17.625,20.875,17.625,10,27,6,4,1,0
2024-10-28,100.4947,100.4947,21.0,15.0,17.0,74.25,9.0,5.0,9.5,1017.625,255.375,10.0,65.375,17.125,17.125,17.0,17.125,10,28,0,4,0,0
2024-10-29,96.9356,96.9356,20.0,13.0,16.0,66.5,7.0,5.0,5.875,1018.75,107.625,10.0,46.25,15.625,15.875,10.5,15.875,10,29,1,4,0,0
2024-10-30,99.9750,99.9750,20.0,13.0,16.0,76.125,4.0,4.0,6.75,1020.75,109.5,10.0,63.25,16.5,16.5,10.125,16.5,10,30,2,4,0,0
2024-10-31,99.2844,99.2844,22.0,15.0,18.0,80.25,1.0,5.0,9.75,1018.75,152.75,9.0,91.875,18.375,18.0,14.25,18.0,10,31,3,4,0,0
2024-11-01,99.7249,99.7249,19.0,17.0,18.0,97.0,1.0,4.0,23.125,1012.625,293.375,5.75,100.0,18.0,18.0,38.625,18.0,11,1,4,4,0,0
2024-11-02,1472.2640,1472.2640,17.0,15.0,16.0,92.375,1.0,4.0,15.875,1020.125,300.375,8.125,90.625,16.875,16.875,24.375,16.875,11,2,5,4,1,0
2024-11-03,900.9851,900.9851,22.0,15.0,18.0,73.125,11.0,5.0,3.375,1021.375,171.625,10.0,7.75,18.125,17.5,5.75,17.875,11,3,6,4,1,0
2024-11-04,95.7561,95.7561,22.0,15.0,18.0,71.875,9.0,5.0,10.125,1023.875,169.75,10.0,29.875,18.125,17.5,15.375,17.5,11,4,0,4,0,0
2024-11-05,98.6154,98.6154,18.0,13.0,15.0,65.25,11.0,4.0,10.0,1026.625,94.375,10.0,27.375,15.125,15.0,16.5,15.0,11,5,1,4,0,0
2024-11-06,103.9233,103.9233,18.0,11.0,14.0,63.0,11.0,4.0,8.625,1028.5,24.25,10.0,4.875,13.375,13.125,13.875,13.125,11,6,2,4,0,0
2024-11-07,100.3742,100.3742,18.0,10.0,14.0,64.125,11.0,4.0,7.25,1028.0,131.0,10.0,10.125,13.375,13.125,10.875,13.125,11,7,3,4,0,0
2024-11-08,95.5848,95.5848,19.0,11.0,15.0,71.5,8.0,5.0,5.75,1025.5,158.125,10.0,53.0,14.5,14.5,10.375,14.5,11,8,4,4,0,0
2024-11-09,97.5556,97.5556,18.0,16.0,17.0,88.75,1.0,4.0,7.0,1021.875,255.0,8.0,100.0,17.625,17.625,12.75,17.625,11,9,5,4,1,0
2024-11-10,101.2147,101.2147,20.0,17.0,18.0,82.875,1.0,4.0,6.25,1020.75,132.375,10.0,96.875,17.875,17.875,10.375,17.875,11,10,6,4,1,0
2024-11-11,97.4550,97.4550,21.0,14.0,17.0,71.625,11.0,5.0,6.0,1021.125,55.75,10.0,11.5,16.875,16.625,10.75,16.625,11,11,0,4,0,0
2024-11-12,92.9842,92.9842,21.0,15.0,17.0,79.0,11.0,5.0,8.0,1019.625,71.5,10.0,25.5,16.875,16.875,12.125,16.875,11,12,1,4,0,0
2024-11-13,99.3635,99.3635,23.0,15.0,18.0,76.75,11.0,5.0,7.25,1018.0,89.375,10.0,10.25,18.875,18.375,13.875,18.625,11,13,2,4,0,0
2024-11-14,92.5234,92.5234,22.0,17.0,19.0,86.0,8.0,5.0,5.75,1015.625,200.25,9.25,40.375,19.25,19.0,9.125,19.0,11,14,3,4,0,0
2024-11-15,85.1650,85.1650,23.0,19.0,20.0,93.125,5.0,5.0,4.5,1014.5,136.5,7.875,81.25,21.125,20.5,10.125,21.125,11,15,4,4,0,0
2024-11-16,2063.0241,2063.0241,24.0,20.0,21.0,87.5,1.0,5.0,6.125,1015.0,64.25,6.25,81.0,22.5,21.375,12.75,21.875,11,16,5,4,1,0
2024-11-17,93.0845,93.0845,19.0,12.0,15.0,89.75,1.0,4.0,15.125,1023.625,18.5,5.75,100.0,15.625,15.125,24.5,15.125,11,17,6,4,1,0
2024-11-18,84.8353,84.8353,15.0,12.0,13.0,65.0,5.0,3.0,15.25,1031.125,40.625,10.0,69.5,13.0,11.625,24.0,11.625,11,18,0,4,0,0
2024-11-19,88.5046,88.5046,14.0,11.0,12.0,65.0,8.0,3.0,9.875,1028.875,24.75,10.0,67.25,12.5,11.75,14.125,11.75,11,19,1,4,0,0
2024-11-20,87.9054,87.9054,16.0,11.0,13.0,68.5,4.0,4.0,7.125,1026.625,101.0,10.0,83.375,12.875,12.625,10.5,12.625,11,20,2,4,0,0
2024-11-21,90.9930,90.9930,15.0,11.0,13.0,69.875,2.0,3.0,7.375,1025.5,20.0,10.0,76.5,12.875,12.375,12.0,12.375,11,21,3,4,0,0
2024-11-22,87.0835,87.0835,16.0,10.0,13.0,63.125,10.0,4.0,6.375,1026.375,103.125,10.0,12.875,12.125,11.875,10.75,11.875,11,22,4,4,0,0
2024-11-23,88.8941,88.8941,16.0,10.0,13.0,64.125,10.0,3.0,8.375,1027.625,58.0,10.0,29.5,12.75,12.5,14.75,12.5,11,23,5,4,1,0
2024-11-24,88.5344,88.5344,18.0,11.0,14.0,66.125,10.0,4.0,9.875,1026.25,86.375,10.0,33.0,13.875,13.5,15.25,13.5,11,24,6,4,1,0
2024-11-25,1046.4929,1046.4929,17.0,11.0,14.0,76.25,3.0,3.0,10.875,1022.25,234.875,8.0,85.75,14.5,13.875,16.875,13.875,11,25,0,4,0,0
2024-11-26,93.1014,93.1014,12.0,8.0,10.0,50.875,10.0,2.0,14.625,1027.375,312.5,10.0,39.625,9.75,8.0,26.125,8.0,11,26,1,4,0,0
2024-11-27,94.5025,94.5025,13.0,6.0,9.0,43.875,10.0,3.0,12.875,1025.5,269.0,10.0,4.125,9.125,7.375,21.5,7.375,11,27,2,4,0,0
2024-11-28,92.5821,92.5821,14.0,5.0,9.0,45.0,10.0,3.0,15.125,1024.0,262.75,10.0,4.0,8.625,6.375,25.25,6.375,11,28,3,4,0,0
2024-11-29,93.0935,93.0935,15.0,5.0,10.0,44.25,10.0,3.0,9.75,1022.75,249.625,10.0,0.0,9.625,8.375,17.25,8.375,11,29,4,4,0,0
2024-11-30,93.4727,93.4727,17.0,7.0,12.0,49.75,10.0,4.0,6.25,1020.0,196.5,10.0,0.5,11.125,10.375,10.625,10.375,11,30,5,4,1,0
2024-12-01,92.2715,92.2715,18.0,8.0,13.0,52.375,10.0,4.0,7.125,1016.625,215.375,10.0,2.875,12.125,11.375,12.375,11.375,12,1,6,1,1,0
2024-12-02,91.8426,91.8426,20.0,10.0,14.0,53.875,10.0,4.0,5.5,1019.125,165.25,10.0,1.125,13.625,13.625,10.125,13.625,12,2,0,1,0,0
2024-12-03,99.9116,99.9116,14.0,10.0,13.0,75.0,2.0,4.0,9.125,1023.25,92.0,10.0,60.75,12.125,11.5,14.0,11.5,12,3,1,1,0,0
2024-12-04,100.5517,100.5517,15.0,11.0,13.0,72.75,1.0,3.0,11.0,1023.5,64.375,10.0,97.5,12.25,11.375,14.875,11.375,12,4,2,1,0,0
2024-12-05,99.7123,99.7123,12.0,10.0,11.0,79.5,1.0,3.0,6.5,1023.25,48.375,9.0,97.375,10.75,10.25,11.625,10.25,12,5,3,1,0,0
2024-12-06,99.9533,99.9533,14.0,9.0,11.0,65.625,5.0,3.0,3.75,1024.0,132.5,10.0,78.25,11.25,11.25,6.25,11.25,12,6,4,1,0,0
2024-12-07,102.2724,102.2724,13.0,8.0,10.0,59.625,5.0,4.0,9.375,1027.375,256.25,10.0,63.375,9.875,9.0,14.5,9.0,12,7,5,1,1,0
2024-12-08,101.3632,101.3632,10.0,5.0,7.0,44.625,10.0,3.0,11.5,1031.375,15.75,10.0,2.75,7.125,5.25,18.25,5.25,12,8,6,1,1,0
2024-12-09,99.9522,99.9522,12.0,5.0,9.0,57.625,8.0,3.0,6.25,1026.25,74.875,10.0,40.25,7.875,7.375,10.125,7.375,12,9,0,1,0,0
2024-12-10,1465.1617,1465.1617,11.0,10.0,10.0,82.125,1.0,3.0,5.25,1022.625,113.75,5.0,98.375,9.75,9.25,9.5,9.25,12,10,1,1,0,0
2024-12-11,99.4226,99.4226,10.0,7.0,8.0,85.875,1.0,2.0,12.75,1025.875,294.75,5.875,100.0,8.0,5.75,20.625,5.75,12,11,2,1,0,0
2024-12-12,98.1615,98.1615,10.0,5.0,8.0,70.125,5.0,3.0,4.875,1027.125,145.375,9.0,59.875,7.5,6.75,11.75,6.75,12,12,3,1,0,0
2024-12-13,3464.7502,3464.7502,11.0,6.0,8.0,66.25,7.0,2.0,11.625,1028.125,244.0,10.0,63.25,8.125,6.625,17.625,6.625,12,13,4,1,0,0
2024-12-14,5208.6225,5208.6225,8.0,3.0,5.0,51.75,10.0,3.0,12.625,1033.625,329.75,10.0,0.0,5.375,2.625,22.125,2.625,12,14,5,1,1,0
2024-12-15,3328.7316,3328.7316,9.0,2.0,6.0,46.25,11.0,3.0,5.25,1031.125,283.625,10.0,0.0,4.875,3.875,9.875,3.875,12,15,6,1,1,0
2024-12-16,1992.0097,1992.0097,12.0,3.0,7.0,43.625,11.0,3.0,4.75,1027.25,222.75,10.0,1.0,6.125,5.25,8.5,5.25,12,16,0,1,0,0
2024-12-17,97.1326,97.1326,11.0,4.0,8.0,48.5,8.0,3.0,4.875,1026.5,135.375,10.0,33.0,7.125,6.625,8.875,6.625,12,17,1,1,0,0
2024-12-18,113.1309,113.1309,10.0,4.0,7.0,51.625,11.0,3.0,12.5,1030.875,342.375,10.0,16.875,6.5,4.0,20.875,4.0,12,18,2,1,0,0
2024-12-19,98.1321,98.1321,7.0,2.0,5.0,56.375,8.0,2.0,8.25,1032.375,143.0,10.0,56.25,4.625,2.5,15.25,2.5,12,19,3,1,0,0
2024-12-20,915.2710,915.2710,10.0,3.0,7.0,57.0,11.0,3.0,4.375,1025.5,216.125,10.0,4.875,5.5,4.875,7.125,4.875,12,20,4,1,0,0
2024-12-21,3838.3706,3838.3706,9.0,4.0,6.0,44.875,11.0,3.0,10.875,1028.625,301.0,10.0,2.0,5.5,3.375,19.0,3.375,12,21,5,1,1,0
2024-12-22,3186.4316,3186.4316,7.0,2.0,5.0,49.625,10.0,2.0,8.75,1031.875,195.25,10.0,37.0,3.625,1.25,15.125,1.25,12,22,6,1,1,0
2024-12-23,97.7256,97.7256,9.0,5.0,7.0,66.25,1.0,3.0,4.375,1029.125,57.625,10.0,85.0,6.5,5.75,7.0,5.75,12,23,0,1,0,0
2024-12-24,98.4035,98.4035,9.0,6.0,7.0,74.75,1.0,2.0,4.625,1029.5,92.375,10.0,95.25,7.125,6.75,7.5,6.75,12,24,1,1,0,0
2024-12-25,98.1928,98.1928,14.0,6.0,10.0,69.25,11.0,3.0,4.75,1026.625,242.75,10.0,25.25,9.0,8.75,9.5,8.75,12,25,2,1,0,0
2024-12-26,97.0535,97.0535,12.0,7.0,9.0,60.5,10.0,3.0,9.625,1030.375,52.125,10.0,50.625,8.625,6.875,14.5,6.875,12,26,3,1,0,0
2024-12-27,98.1135,98.1135,10.0,4.0,7.0,58.375,9.0,3.0,8.75,1031.625,105.625,10.0,37.5,6.875,5.25,14.125,5.25,12,27,4,1,0,0
2024-12-28,2904.0127,2904.0127,8.0,3.0,5.0,37.625,11.0,3.0,12.625,1032.625,326.25,10.0,0.375,5.125,2.375,20.625,2.375,12,28,5,1,1,0
2024-12-29,3698.2715,3698.2715,11.0,2.0,6.0,35.875,11.0,3.0,5.625,1028.5,161.25,10.0,1.625,4.625,3.625,8.75,3.625,12,29,6,1,1,0
2024-12-30,98.1747,98.1747,14.0,3.0,8.0,44.875,11.0,3.0,5.75,1023.125,218.375,10.0,16.375,7.125,5.875,9.0,5.875,12,30,0,1,0,0
2024-12-31,98.4042,98.4042,11.0,5.0,8.0,40.25,11.0,3.0,8.5,1026.625,175.625,10.0,1.0,7.375,5.75,14.25,5.75,12,31,1,1,0,0
2025-01-01,2938.7818,2938.7818,12.0,4.0,8.0,46.375,11.0,3.0,5.125,1023.375,107.5,10.0,0.375,7.0,6.375,7.625,6.375,1,1,2,1,0,1
2025-01-02,97.4337,97.4337,14.0,5.0,9.0,69.0,11.0,3.0,5.875,1024.375,172.375,10.0,14.0,8.0,7.375,9.75,7.375,1,2,3,1,0,0
2025-01-03,97.3130,97.3130,12.0,6.0,9.0,61.5,11.0,3.0,7.375,1028.125,58.5,10.0,26.5,8.0,6.625,13.0,6.625,1,3,4,1,0,0
2025-01-04,99.7238,99.7238,13.0,5.0,9.0,65.875,9.0,3.0,6.5,1025.875,110.5,10.0,9.0,8.0,7.0,9.375,7.0,1,4,5,1,1,0
2025-01-05,100.2239,100.2239,14.0,8.0,11.0,61.75,8.0,3.0,5.0,1023.25,297.25,10.0,51.5,9.625,9.375,8.875,9.375,1,5,6,1,1,0
2025-01-06,97.5640,97.5640,14.0,7.0,10.0,51.0,11.0,3.0,8.875,1024.875,178.875,10.0,2.5,9.125,8.25,15.0,8.25,1,6,0,1,0,0
2025-01-07,89.0165,89.0165,9.0,4.0,6.0,49.25,9.0,3.0,8.375,1027.875,26.0,10.0,10.875,6.125,4.375,11.5,4.375,1,7,1,1,0,0
2025-01-08,91.7652,91.7652,11.0,5.0,8.0,31.25,11.0,2.0,4.625,1027.0,70.875,10.0,44.5,7.0,6.375,8.5,6.375,1,8,2,1,0,0
2025-01-09,95.2436,95.2436,6.0,2.0,4.0,38.625,11.0,2.0,15.25,1033.125,91.5,10.0,38.75,4.375,0.875,23.25,0.875,1,9,3,1,0,0
2025-01-10,2841.0824,2841.0824,6.0,-0.0,3.0,31.375,11.0,2.0,9.5,1037.75,59.0,10.0,11.125,2.875,0.25,15.625,0.25,1,10,4,1,0,0
2025-01-11,3668.6450,3668.6450,8.0,1.0,5.0,28.5,11.0,2.0,3.25,1034.0,246.25,10.0,33.0,3.875,3.375,6.625,3.375,1,11,5,1,1,0
2025-01-12,3165.2133,3165.2133,12.0,2.0,6.0,32.5,11.0,3.0,10.375,1029.0,235.125,10.0,6.25,6.0,3.875,18.5,3.875,1,12,6,1,1,0
2025-01-13,90.4063,90.4063,14.0,3.0,8.0,35.375,11.0,3.0,5.0,1027.5,164.125,10.0,5.375,7.625,7.125,9.375,7.125,1,13,0,1,0,0
2025-01-14,90.5666,90.5666,16.0,7.0,11.0,39.125,11.0,4.0,7.375,1026.125,243.375,10.0,25.5,10.875,10.375,13.25,10.375,1,14,1,1,0,0
2025-01-15,1504.9062,1504.9062,9.0,3.0,5.0,33.125,10.0,3.0,16.875,1035.125,224.0,10.0,23.5,5.5,2.125,28.125,2.125,1,15,2,1,0,0
2025-01-16,2984.1752,2984.1752,9.0,1.0,5.0,22.375,11.0,2.0,3.5,1031.5,200.0,10.0,19.25,4.0,3.625,7.625,3.625,1,16,3,1,0,0
2025-01-17,88.8668,88.8668,11.0,2.0,7.0,24.0,11.0,3.0,4.75,1028.875,152.75,10.0,6.875,5.625,5.0,8.25,5.0,1,17,4,1,0,0
2025-01-18,2086.2044,2086.2044,14.0,3.0,8.0,29.875,11.0,3.0,4.625,1023.625,116.125,10.0,3.125,7.625,7.125,9.25,7.125,1,18,5,1,1,0
2025-01-19,93.0769,93.0769,16.0,5.0,11.0,33.375,11.0,4.0,4.375,1019.75,212.5,10.0,2.375,9.375,9.375,9.625,9.375,1,19,6,1,1,0
2025-01-20,1606.3159,1606.3159,15.0,7.0,11.0,31.875,9.0,4.0,6.125,1020.0,129.0,10.0,25.25,9.75,9.625,11.625,9.625,1,20,0,1,0,0
2025-01-21,264.7767,264.7767,15.0,6.0,10.0,46.25,11.0,3.0,6.25,1021.625,70.625,10.0,6.625,9.25,8.75,11.125,8.75,1,21,1,1,0,0
2025-01-22,91.2466,91.2466,19.0,7.0,12.0,45.875,11.0,4.0,5.125,1019.75,162.375,10.0,14.0,11.625,11.625,10.875,11.625,1,22,2,1,0,0
2025-01-23,90.5672,90.5672,19.0,11.0,14.0,44.125,9.0,4.0,5.5,1019.5,90.875,10.0,31.0,12.875,12.75,12.625,12.75,1,23,3,1,0,0
2025-01-24,92.6262,92.6262,15.0,10.0,12.0,84.625,1.0,3.0,11.875,1020.875,63.625,10.0,95.0,11.875,10.875,19.125,10.875,1,24,4,1,0,0
2025-01-25,94.3260,94.3260,10.0,8.0,9.0,72.0,1.0,2.0,8.5,1025.25,60.75,7.0,90.25,9.75,8.5,16.75,8.5,1,25,5,1,1,0
2025-01-26,93.7668,93.7668,9.0,5.0,6.0,83.875,1.0,2.0,14.25,1027.625,247.625,7.75,99.375,6.375,3.625,24.875,3.625,1,26,6,1,1,0
2025-01-27,2904.0561,2904.0561,8.0,0.0,4.0,38.5,11.0,1.0,16.25,1028.125,315.5,10.0,11.375,3.75,0.25,29.5,0.25,1,27,0,1,0,0
2025-01-28,87.8193,87.8193,10.0,0.0,5.0,32.375,11.0,2.0,10.625,1029.375,292.5,10.0,0.0,4.375,2.0,18.125,2.0,1,28,1,1,0,1
2025-01-29,2634.8462,2634.8462,11.0,1.0,6.0,34.625,11.0,3.0,6.625,1029.375,170.5,10.0,0.25,5.25,4.125,12.0,4.125,1,29,2,1,0,1
2025-01-30,92.6066,92.6066,17.0,4.0,10.0,39.25,9.0,3.0,5.75,1022.75,139.25,10.0,28.25,9.5,8.875,12.375,8.875,1,30,3,1,0,1
2025-01-31,94.5065,94.5065,11.0,8.0,9.0,72.125,1.0,3.0,4.75,1019.375,264.25,7.0,73.75,8.375,8.125,8.0,8.125,1,31,4,1,0,1
2025-02-01,3352.5262,3352.5262,9.0,8.0,8.0,86.0,1.0,2.0,9.0,1020.75,293.25,7.875,100.0,8.375,7.125,21.0,7.125,2,1,5,1,1,0
2025-02-02,94.0575,94.0575,7.0,6.0,6.0,88.875,1.0,2.0,9.125,1021.875,59.625,4.0,100.0,7.0,5.125,18.375,5.125,2,2,6,1,1,0
2025-02-03,3097.6355,3097.6355,8.0,5.0,6.0,67.625,3.0,2.0,9.125,1027.25,205.5,10.0,52.875,6.5,4.625,18.5,4.625,2,3,0,1,0,1
2025-02-04,3423.8266,3423.8266,11.0,3.0,7.0,53.875,11.0,3.0,9.625,1026.625,273.625,10.0,2.75,6.625,4.875,16.375,4.875,2,4,1,1,0,1
2025-02-05,91.1281,91.1281,12.0,3.0,7.0,43.625,11.0,3.0,12.75,1024.125,241.625,10.0,3.125,6.5,4.625,20.25,4.625,2,5,2,1,0,0
2025-02-06,90.9882,90.9882,10.0,2.0,6.0,38.5,11.0,3.0,5.125,1025.875,157.5,10.0,14.25,5.75,4.75,10.25,4.75,2,6,3,1,0,0
2025-02-07,91.4078,91.4078,7.0,-2.0,3.0,27.75,11.0,2.0,19.25,1031.75,320.875,10.0,10.625,3.125,-0.875,34.375,-0.875,2,7,4,1,0,0
2025-02-08,4114.4453,4114.4453,3.0,-3.0,-0.0,21.75,11.0,2.0,15.125,1036.625,220.625,10.0,0.0,-0.625,-5.25,25.375,-5.25,2,8,5,1,1,0
2025-02-09,3562.9466,3562.9466,5.0,-2.0,2.0,26.25,11.0,2.0,4.625,1032.25,162.375,10.0,1.25,1.625,0.375,10.625,0.375,2,9,6,1,1,0
2025-02-10,4210.9458,4210.9458,10.0,0.0,5.0,35.75,11.0,3.0,5.875,1027.125,99.75,10.0,27.125,4.375,3.625,11.75,3.625,2,10,0,1,0,0
2025-02-11,3259.7652,3259.7652,17.0,7.0,11.0,55.75,9.0,4.0,5.625,1020.5,168.25,10.0,65.375,10.375,10.125,8.25,10.125,2,11,1,1,0,0
2025-02-12,2950.8856,2950.8856,10.0,8.0,9.0,72.0,1.0,3.0,10.625,1024.0,297.5,10.0,94.25,9.0,7.625,23.625,7.625,2,12,2,1,0,0
2025-02-13,92.1480,92.1480,10.0,4.0,7.0,51.5,11.0,3.0,8.75,1028.125,107.875,10.0,35.25,6.875,5.125,14.25,5.125,2,13,3,1,0,0
2025-02-14,93.8590,93.8590,13.0,4.0,8.0,52.375,8.0,3.0,5.375,1022.25,67.125,10.0,65.125,8.25,7.375,9.625,7.375,2,14,4,1,0,0
2025-02-15,102.3890,102.3890,8.0,7.0,8.0,85.625,1.0,2.0,3.125,1019.75,149.75,8.875,89.75,8.0,7.875,4.25,7.875,2,15,5,1,1,0
2025-02-16,98.1883,98.1883,17.0,6.0,11.0,64.125,11.0,4.0,8.25,1022.5,278.5,8.0,36.75,10.75,10.125,16.875,10.125,2,16,6,1,1,0
2025-02-17,91.3387,91.3387,10.0,5.0,6.0,64.25,7.0,3.0,8.125,1030.0,71.625,9.875,54.0,7.0,5.375,14.875,5.375,2,17,0,1,0,0
2025-02-18,91.1590,91.1590,9.0,4.0,6.0,68.0,10.0,2.0,10.25,1030.25,92.625,10.0,56.5,6.375,4.5,14.0,4.5,2,18,1,1,0,0
2025-02-19,90.4688,90.4688,11.0,5.0,7.0,65.875,7.0,2.0,11.375,1029.0,84.375,9.0,78.875,7.5,5.875,18.5,5.875,2,19,2,1,0,0
2025-02-20,90.9489,90.9489,7.0,3.0,5.0,91.75,1.0,2.0,15.125,1030.125,86.625,5.25,100.0,5.25,2.0,21.625,2.0,2,20,3,1,0,0
2025-02-21,1633.9378,1633.9378,8.0,4.0,5.0,81.25,1.0,2.0,11.375,1032.625,76.0,8.0,98.625,5.25,2.5,16.625,2.5,2,21,4,1,0,0
2025-02-22,3932.3759,3932.3759,8.0,4.0,6.0,76.375,2.0,2.0,12.625,1033.0,81.0,7.0,88.125,5.625,3.0,19.5,3.0,2,22,5,1,1,0
2025-02-23,97.8283,97.8283,7.0,4.0,5.0,83.125,1.0,1.0,8.375,1035.625,154.375,9.0,95.0,5.0,3.125,15.0,3.125,2,23,6,1,1,0
2025-02-24,92.3185,92.3185,9.0,2.0,6.0,68.625,11.0,2.0,6.5,1036.125,171.75,10.0,26.25,5.5,4.25,13.5,4.25,2,24,0,1,0,0
2025-02-25,93.2288,93.2288,7.0,5.0,6.0,69.125,3.0,3.0,3.875,1030.5,215.375,10.0,75.875,6.5,6.0,7.25,6.0,2,25,1,1,0,0
2025-02-26,91.1692,91.1692,13.0,5.0,9.0,72.0,6.0,3.0,7.375,1027.5,153.875,10.0,43.125,8.125,7.125,13.0,7.125,2,26,2,1,0,0
2025-02-27,91.5094,91.5094,19.0,8.0,12.0,80.75,9.0,3.0,3.375,1018.875,156.75,10.0,52.875,12.25,12.125,9.625,12.125,2,27,3,1,0,0
2025-02-28,92.2485,92.2485,20.0,10.0,14.0,84.25,11.0,4.0,6.0,1018.25,148.125,8.0,22.5,13.75,13.75,9.375,13.75,2,28,4,1,0,0
2025-03-01,94.0783,94.0783,27.0,13.0,19.0,73.875,11.0,5.0,8.875,1013.0,207.25,10.0,8.375,19.0,18.375,19.125,18.5,3,1,5,2,1,0
2025-03-02,96.6492,96.6492,30.0,16.0,22.0,68.625,10.0,6.0,9.125,1008.125,202.875,10.0,16.375,22.25,21.625,19.75,22.25,3,2,6,2,1,0
2025-03-03,92.5377,92.5377,18.0,7.0,10.0,82.5,1.0,3.0,16.875,1015.75,211.375,9.375,95.75,10.625,8.875,31.0,8.875,3,3,0,2,0,0
2025-03-04,92.2686,92.2686,10.0,6.0,7.0,79.25,3.0,2.0,14.25,1019.25,321.375,9.0,90.125,7.625,5.25,29.5,5.25,3,4,1,2,0,0
2025-03-05,92.3488,92.3488,9.0,6.0,7.0,75.375,1.0,2.0,9.625,1024.625,53.75,10.0,100.0,7.125,5.5,21.5,5.5,3,5,2,2,0,0
2025-03-06,92.7592,92.7592,12.0,5.0,8.0,61.625,9.0,2.0,13.5,1030.375,16.0,10.0,58.125,8.375,6.125,24.875,6.125,3,6,3,2,0,0
2025-03-07,91.7584,91.7584,11.0,3.0,7.0,62.375,12.0,3.0,7.625,1028.375,57.375,10.0,24.5,6.625,5.375,12.125,5.375,3,7,4,2,0,0
2025-03-08,97.5582,97.5582,14.0,5.0,9.0,66.0,12.0,3.0,6.5,1026.0,124.5,10.0,19.875,8.0,7.125,10.125,7.125,3,8,5,2,1,0
2025-03-09,98.4083,98.4083,15.0,6.0,10.0,65.75,9.0,3.0,10.0,1026.75,72.125,10.0,44.0,9.625,8.375,16.625,8.375,3,9,6,2,1,0
2025-03-10,92.0194,92.0194,15.0,9.0,11.0,79.0,4.0,3.0,3.75,1023.0,190.5,9.0,74.875,11.375,11.375,8.125,11.375,3,10,0,2,0,0
2025-03-11,92.7887,92.7887,21.0,10.0,14.0,82.75,12.0,3.0,5.5,1018.125,103.625,9.875,56.25,14.625,14.5,10.375,14.5,3,11,1,2,0,0
2025-03-12,92.4096,92.4096,16.0,12.0,14.0,93.375,1.0,3.0,7.25,1016.25,180.5,9.625,92.375,14.0,13.875,13.625,13.875,3,12,2,2,0,0
2025-03-13,92.6889,92.6889,11.0,9.0,10.0,90.5,1.0,3.0,11.125,1020.0,58.375,6.0,100.0,10.875,9.375,16.875,9.375,3,13,3,2,0,0
2025-03-14,90.7989,90.7989,11.0,8.0,10.0,92.375,1.0,2.0,6.375,1020.125,62.75,4.75,100.0,9.875,9.125,14.5,9.125,3,14,4,2,0,0
2025-03-15,99.8784,99.8784,10.0,8.0,9.0,92.75,1.0,2.0,13.0,1021.125,333.875,4.875,100.0,8.875,6.875,22.75,6.875,3,15,5,2,1,0
2025-03-16,98.7687,98.7687,11.0,4.0,8.0,73.75,6.0,2.0,13.25,1026.0,272.75,10.0,61.875,8.5,6.125,30.5,6.125,3,16,6,2,1,0
2025-03-17,91.9694,91.9694,13.0,2.0,8.0,52.0,12.0,3.0,7.0,1025.75,233.625,10.0,21.375,7.5,6.375,12.375,6.375,3,17,0,2,0,0
2025-03-18,92.2486,92.2486,14.0,6.0,9.0,51.125,12.0,3.0,12.25,1025.5,221.125,10.0,8.875,9.625,8.0,19.875,8.0,3,18,1,2,0,0
2025-03-19,88.1894,88.1894,15.0,4.0,9.0,53.5,12.0,3.0,4.75,1028.875,136.375,10.0,10.0,9.0,8.5,11.875,8.5,3,19,2,2,0,0
2025-03-20,88.0481,88.0481,20.0,6.0,13.0,52.75,12.0,4.0,7.375,1025.25,216.75,10.0,8.375,12.5,12.0,15.25,12.0,3,20,3,2,0,0
2025-03-21,86.9188,86.9188,24.0,9.0,16.0,48.75,12.0,5.0,9.875,1021.625,232.125,10.0,5.0,16.0,15.625,19.375,15.5,3,21,4,2,0,0
2025-03-22,91.6186,91.6186,25.0,11.0,18.0,45.625,12.0,5.0,9.875,1019.625,231.0,10.0,1.625,18.0,17.625,17.125,17.75,3,22,5,2,1,0
2025-03-23,91.1780,91.1780,27.0,13.0,20.0,45.75,12.0,5.0,9.75,1015.125,233.5,10.0,21.5,19.75,19.75,23.625,19.5,3,23,6,2,1,0
2025-03-24,90.1484,90.1484,28.0,14.0,21.0,53.375,13.0,5.0,10.25,1011.125,209.5,9.0,13.125,21.625,21.25,16.625,20.75,3,24,0,2,0,0
2025-03-25,89.3889,89.3889,30.0,14.0,22.0,45.5,13.0,6.0,10.625,1005.75,213.125,10.0,0.375,22.875,22.875,21.125,22.875,3,25,1,2,0,0
2025-03-26,88.1291,88.1291,34.0,18.0,25.0,48.5,12.0,6.0,10.75,1000.875,210.25,10.0,23.25,25.875,25.625,22.875,25.875,3,26,2,2,0,0
2025-03-27,88.1292,88.1292,26.0,12.0,19.0,67.75,4.0,5.0,12.75,1004.875,209.875,8.875,77.75,20.5,19.75,31.875,20.375,3,27,3,2,0,0
2025-03-28,89.7989,89.7989,12.0,5.0,8.0,71.75,1.0,2.0,12.5,1022.75,112.25,9.625,95.5,8.875,7.125,26.375,7.125,3,28,4,2,0,0
2025-03-29,95.8088,95.8088,10.0,5.0,7.0,76.875,4.0,2.0,7.875,1027.5,245.125,9.375,81.875,7.25,5.875,11.625,5.875,3,29,5,2,1,0
2025-03-30,100.5468,100.5468,12.0,7.0,9.0,61.75,13.0,2.0,9.5,1030.0,100.375,10.0,58.375,9.0,7.875,12.25,7.875,3,30,6,2,1,0
2025-03-31,89.9389,89.9389,13.0,6.0,9.0,60.375,8.0,3.0,10.375,1026.625,93.625,10.0,47.0,9.125,7.875,14.125,7.875,3,31,0,2,0,0
2025-04-01,87.5992,87.5992,15.0,7.0,11.0,60.125,9.0,4.0,6.25,1023.25,114.25,10.0,34.5,10.5,10.25,11.0,10.25,4,1,1,2,0,0
2025-04-02,89.5689,89.5689,23.0,7.0,15.0,45.875,12.0,4.0,8.875,1020.75,223.875,10.0,24.25,14.875,14.375,14.0,14.375,4,2,2,2,0,0
2025-04-03,88.9983,88.9983,19.0,9.0,13.0,48.0,13.0,3.0,6.75,1022.875,62.0,10.0,15.625,13.875,13.75,14.125,13.75,4,3,3,2,0,0
2025-04-04,95.6088,95.6088,21.0,9.0,15.0,55.625,13.0,5.0,5.5,1018.25,156.375,10.0,32.625,17.5,16.875,13.0,17.25,4,4,4,2,0,1
2025-04-05,96.3590,96.3590,24.0,13.0,18.0,58.375,9.0,5.0,8.875,1015.75,269.625,9.0,51.75,20.25,19.75,22.5,19.875,4,5,5,2,1,0
2025-04-06,91.7790,91.7790,24.0,11.0,17.0,53.625,6.0,5.0,5.125,1017.75,117.75,10.0,43.75,18.375,18.375,13.625,18.375,4,6,6,2,1,0
2025-04-07,91.7788,91.7788,28.0,14.0,21.0,48.5,13.0,6.0,7.25,1017.0,169.125,10.0,20.5,21.125,21.0,17.375,21.125,4,7,0,2,0,0
2025-04-08,92.7584,92.7584,29.0,17.0,23.0,50.125,13.0,6.0,8.125,1014.875,154.0,10.0,9.375,23.625,23.375,19.0,23.625,4,8,1,2,0,0
2025-04-09,117.0680,117.0680,31.0,18.0,24.0,49.75,12.0,6.0,6.75,1009.875,201.625,10.0,20.625,24.25,24.0,18.875,24.25,4,9,2,2,0,0
2025-04-10,664.1453,664.1453,31.0,18.0,24.0,47.5,13.0,5.0,7.25,1007.0,230.875,10.0,15.875,24.75,24.5,15.125,24.5,4,10,3,2,0,0
2025-04-11,2395.2836,2395.2836,29.0,16.0,21.0,63.875,13.0,6.0,7.75,1007.625,136.875,10.0,20.0,24.625,23.75,15.75,24.625,4,11,4,2,0,0
2025-04-12,160.5167,160.5167,20.0,9.0,14.0,68.5,3.0,3.0,16.75,1007.25,248.625,8.0,67.25,16.375,15.625,38.625,15.625,4,12,5,2,1,0
2025-04-13,105.7665,105.7665,21.0,6.0,14.0,45.75,13.0,4.0,17.875,1011.5,231.5,10.0,2.125,14.0,12.5,31.375,12.5,4,13,6,2,1,0
2025-04-14,101.0557,101.0557,23.0,13.0,18.0,42.25,13.0,5.0,18.75,1007.875,275.5,10.0,3.625,18.0,17.5,37.375,17.5,4,14,0,2,0,0
2025-04-15,99.8861,99.8861,27.0,12.0,19.0,40.0,13.0,5.0,8.375,1012.75,236.75,10.0,3.625,19.25,19.25,16.25,18.875,4,15,1,2,0,0
2025-04-16,101.1860,101.1860,31.0,16.0,23.0,41.5,12.0,5.0,11.875,1008.75,207.375,10.0,33.5,22.625,22.875,24.0,22.625,4,16,2,2,0,0
2025-04-17,100.3770,100.3770,26.0,19.0,22.0,60.75,13.0,6.0,13.25,1007.125,206.25,10.0,29.875,23.875,22.875,27.5,23.625,4,17,3,2,0,0
2025-04-18,1689.8259,1689.8259,30.0,17.0,23.0,64.625,13.0,6.0,8.375,1008.125,151.625,10.0,7.5,24.5,23.75,17.0,24.5,4,18,4,2,0,0
2025-04-19,2273.0063,2273.0063,31.0,20.0,24.0,72.125,8.0,6.0,7.625,1006.875,215.375,9.875,53.625,25.25,23.625,16.5,24.875,4,19,5,2,1,0
2025-04-20,2000.5268,2000.5268,26.0,16.0,20.0,72.125,13.0,5.0,10.0,1012.375,52.5,10.0,28.25,21.5,21.0,18.625,21.5,4,20,6,2,1,0
2025-04-21,69.4643,69.4643,29.0,16.0,22.0,75.0,7.0,6.0,6.625,1008.5,176.125,10.0,51.0,23.5,21.875,15.875,23.125,4,21,0,2,0,0
2025-04-22,115.0808,115.0808,23.0,16.0,20.0,92.875,1.0,5.0,10.75,1008.25,202.5,7.25,96.25,21.25,20.625,23.0,21.25,4,22,1,2,0,0
2025-04-23,230.1613,115.0805,22.0,17.0,18.0,64.875,13.0,4.0,5.125,1012.125,153.375,10.0,40.25,20.5,19.5,10.5,20.125,4,23,2,2,0,0
2025-04-24,982.7557,982.7557,25.0,12.0,19.0,72.5,10.0,5.0,6.875,1012.375,136.75,9.875,45.625,19.875,19.125,11.5,19.875,4,24,3,2,0,0
2025-04-25,98.2170,98.2170,23.0,15.0,18.0,73.25,11.0,4.0,8.75,1017.75,124.0,10.0,55.25,18.25,17.625,18.0,18.0,4,25,4,2,0,0
2025-04-26,104.1165,104.1165,25.0,14.0,19.0,54.375,13.0,4.0,10.25,1018.125,120.25,10.0,30.25,18.375,18.0,15.25,18.0,4,26,5,2,1,0
2025-04-27,99.9052,99.9052,24.0,15.0,19.0,69.125,7.0,4.0,6.0,1013.875,199.875,10.0,76.375,19.875,18.875,11.125,19.125,4,27,6,2,1,0
2025-04-28,1490.1433,1490.1433,26.0,17.0,21.0,65.75,10.0,6.0,9.75,1013.75,81.625,10.0,39.75,22.0,21.25,18.5,22.0,4,28,0,2,0,0
2025-04-29,671.0846,671.0846,27.0,14.0,20.0,53.875,12.0,6.0,6.25,1015.125,94.125,10.0,19.25,20.125,20.0,9.5,19.875,4,29,1,2,0,0
2025-04-30,1222.5236,1222.5236,29.0,18.0,23.0,57.75,13.0,6.0,8.75,1011.0,212.125,10.0,23.625,23.75,23.25,13.75,23.5,4,30,2,2,0,0
2025-05-01,2539.0528,2539.0528,30.0,17.0,23.0,57.0,13.0,5.0,12.125,1010.5,241.625,9.375,34.125,24.0,23.75,27.625,24.0,5,1,3,2,0,1
2025-05-02,3606.8218,3606.8218,31.0,16.0,23.0,47.375,13.0,6.0,9.125,1011.125,179.625,10.0,6.625,25.0,24.875,16.5,24.625,5,2,4,2,0,1
2025-05-03,3079.6535,3079.6535,30.0,17.0,23.0,58.375,10.0,6.0,14.625,1009.375,202.875,10.0,21.5,25.125,24.375,28.5,24.875,5,3,5,2,1,0
2025-05-04,1528.6940,1528.6940,24.0,15.0,19.0,51.625,13.0,5.0,13.25,1013.0,84.75,10.0,30.25,20.0,19.75,25.25,20.0,5,4,6,2,1,0
2025-05-05,1358.4242,1358.4242,24.0,18.0,20.0,69.875,4.0,5.0,7.875,1006.25,247.875,10.0,75.0,21.125,20.25,15.75,20.75,5,5,0,2,0,1
2025-05-06,1384.1445,1384.1445,29.0,18.0,23.0,54.375,6.0,6.0,12.5,1008.375,277.625,10.0,51.125,22.75,22.625,23.0,22.5,5,6,1,2,0,0
2025-05-07,1723.9652,1723.9652,26.0,16.0,20.0,66.875,13.0,6.0,12.25,1011.75,74.875,10.0,16.125,21.875,21.25,21.625,21.5,5,7,2,2,0,0
2025-05-08,96.5947,96.5947,23.0,19.0,20.0,84.875,3.0,6.0,11.125,1007.75,139.625,8.625,66.75,20.875,20.375,26.0,20.5,5,8,3,2,0,0
2025-05-09,97.3050,97.3050,27.0,20.0,22.0,76.375,8.0,6.0,11.375,1005.25,262.625,9.0,44.75,23.0,22.0,22.625,22.625,5,9,4,2,0,0
2025-05-10,1265.2950,1265.2950,25.0,17.0,21.0,61.375,13.0,6.0,15.375,1012.0,281.625,10.0,16.0,21.25,20.875,25.5,21.25,5,10,5,2,1,0
2025-05-11,1747.1041,1747.1041,27.0,16.0,21.0,48.25,13.0,5.0,9.375,1011.25,256.375,10.0,15.125,21.25,21.0,18.5,20.875,5,11,6,2,1,0
2025-05-12,2114.1639,2114.1639,28.0,15.0,22.0,49.0,13.0,6.0,9.75,1010.5,191.25,10.0,0.375,21.5,21.625,17.0,21.5,5,12,0,2,0,0
2025-05-13,1832.2142,1832.2142,30.0,17.0,23.0,52.375,13.0,6.0,10.125,1011.25,181.25,10.0,13.375,23.75,23.5,17.875,23.75,5,13,1,2,0,0
2025-05-14,2302.5336,2302.5336,33.0,19.0,26.0,52.75,13.0,7.0,7.5,1010.875,171.625,10.0,5.75,26.875,26.125,18.25,26.5,5,14,2,2,0,0
2025-05-15,2158.7632,2158.7632,31.0,20.0,24.0,65.75,10.0,6.0,7.75,1011.5,134.25,9.5,51.375,28.0,25.875,16.5,28.0,5,15,3,2,0,0
2025-05-16,2498.9728,2498.9728,25.0,20.0,22.0,89.0,1.0,5.0,4.0,1009.25,183.25,8.125,87.75,24.5,22.5,11.75,24.5,5,16,4,2,0,0
2025-05-17,4073.1437,4073.1437,31.0,20.0,25.0,78.375,12.0,7.0,6.0,1009.25,177.375,7.375,68.25,28.125,25.5,13.25,27.375,5,17,5,2,1,0
2025-05-18,1286.9060,1286.9060,23.0,19.0,21.0,61.25,12.0,6.0,9.75,1012.5,84.75,10.0,47.125,22.75,21.375,18.625,22.0,5,18,6,2,1,0
2025-05-19,2013.8057,2013.8057,33.0,19.0,26.0,71.25,13.0,7.0,8.25,1006.625,184.125,10.0,15.75,27.0,25.5,13.875,27.0,5,19,0,2,0,0
2025-05-20,2360.0849,2360.0849,30.0,24.0,26.0,79.875,8.0,7.0,8.875,1005.0,199.875,10.0,54.125,28.5,25.875,15.625,28.5,5,20,1,2,0,0
2025-05-21,3095.0448,3095.0448,32.0,23.0,27.0,77.75,7.0,6.0,6.75,1005.125,200.125,8.125,75.375,30.125,26.875,17.5,30.125,5,21,2,2,0,0
2025-05-22,3741.0116,3741.0116,31.0,23.0,26.0,76.125,11.0,7.0,10.0,1006.75,122.375,10.0,27.625,29.25,26.375,17.0,29.25,5,22,3,2,0,0
2025-05-23,3043.8436,3043.8436,21.0,19.0,20.0,95.375,1.0,5.0,11.75,1004.875,126.375,7.75,96.25,23.375,21.375,28.375,21.875,5,23,4,2,0,0
2025-05-24,2537.3354,2537.3354,25.0,17.0,20.0,66.875,12.0,5.0,11.0,1014.125,252.375,10.0,49.5,20.875,20.125,22.25,20.5,5,24,5,2,1,0
2025-05-25,1992.6844,1992.6844,25.0,17.0,21.0,59.0,9.0,6.0,4.625,1017.125,183.375,10.0,28.5,21.25,20.75,7.0,21.25,5,25,6,2,1,0
2025-05-26,1521.4955,1521.4955,26.0,16.0,21.0,58.0,13.0,6.0,7.0,1016.75,115.0,10.0,6.125,21.25,20.625,10.0,21.0,5,26,0,2,0,0
2025-05-27,1878.7666,1878.7666,27.0,18.0,22.0,64.125,13.0,6.0,8.375,1015.625,113.875,10.0,23.0,23.25,22.375,11.375,22.875,5,27,1,2,0,0
2025-05-28,2352.6876,2352.6876,22.0,16.0,19.0,81.25,5.0,5.0,7.125,1014.25,98.5,6.875,80.25,20.375,19.625,10.125,19.625,5,28,2,2,0,0
2025-05-29,41.9817,41.9817,26.0,15.0,20.0,68.375,14.0,6.0,8.0,1013.5,90.125,10.0,27.0,20.5,20.125,11.375,20.5,5,29,3,2,0,0
2025-05-30,4105.2215,4105.2215,29.0,16.0,22.0,56.5,14.0,6.0,7.75,1012.375,142.75,10.0,13.0,22.125,22.0,11.625,22.125,5,30,4,2,0,0
2025-05-31,4105.2215,4105.2215,29.0,17.0,23.0,52.5,12.0,6.0,8.375,1008.375,144.5,9.375,52.125,23.5,23.25,12.5,23.5,5,31,5,2,1,1
2025-06-01,4105.2215,4105.2215,19.0,18.0,19.0,97.5,1.0,4.0,4.75,1003.625,197.75,7.625,100.0,18.625,18.625,6.875,18.625,6,1,6,3,1,0
2025-06-02,4105.2215,4105.2215,20.0,18.0,19.0,93.875,1.0,4.0,9.375,1002.25,289.625,7.5,99.875,19.0,19.0,13.625,19.0,6,2,0,3,0,1
2025-06-03,4105.2215,4105.2215,26.0,18.0,21.0,80.875,12.0,5.0,5.125,1006.125,245.625,10.0,64.5,22.625,21.625,7.875,22.625,6,3,1,3,0,0
2025-06-04,4105.2215,4105.2215,32.0,21.0,26.0,58.5,13.0,7.0,6.125,1008.5,152.625,10.0,41.5,27.5,26.0,10.875,26.875,6,4,2,3,0,0
2025-06-05,4105.2215,4105.2215,32.0,21.0,26.0,58.125,14.0,7.0,7.25,1008.875,178.625,10.0,32.5,27.625,26.125,11.875,27.625,6,5,3,3,0,0
2025-06-06,4105.2215,4105.2215,34.0,20.0,27.0,57.75,14.0,7.0,7.875,1005.5,168.75,10.0,18.375,28.875,26.875,12.625,28.5,6,6,4,3,0,0
2025-06-07,4105.2215,4105.2215,27.0,23.0,25.0,86.25,3.0,7.0,4.5,1005.0,172.5,8.5,73.125,28.0,25.25,7.25,28.0,6,7,5,3,1,0
2025-06-08,4105.2215,4105.2215,24.0,21.0,23.0,97.875,1.0,5.0,5.875,1004.75,42.625,9.0,100.0,25.5,22.625,9.0,24.375,6,8,6,3,1,0
2025-06-09,4105.2215,4105.2215,23.0,21.0,22.0,93.75,1.0,5.0,5.25,1005.875,71.5,7.0,100.0,23.375,21.875,7.0,23.125,6,9,0,3,0,0
2025-06-10,4105.2215,4105.2215,26.0,22.0,23.0,94.75,2.0,5.0,4.625,1006.625,158.875,9.0,97.5,26.0,23.25,7.25,26.0,6,10,1,3,0,0
2025-06-11,4105.2215,4105.2215,21.0,19.0,20.0,95.875,1.0,5.0,9.0,1011.375,56.625,3.75,99.625,20.0,20.0,13.5,20.0,6,11,2,3,0,0
2025-06-12,4105.2215,4105.2215,23.0,20.0,22.0,96.625,1.0,5.0,4.75,1011.375,120.0,2.875,100.0,23.125,21.625,6.75,22.875,6,12,3,3,0,0
2025-06-13,4105.2215,4105.2215,29.0,23.0,25.0,89.75,8.0,6.0,5.25,1006.75,141.625,5.25,75.5,28.5,25.5,6.875,28.5,6,13,4,3,0,0
2025-06-14,4105.2215,4105.2215,31.0,24.0,27.0,85.625,13.0,6.0,6.75,1002.75,216.625,8.0,36.0,31.0,26.75,11.625,31.0,6,14,5,3,1,0
2025-06-15,4105.2215,4105.2215,26.0,22.0,24.0,93.25,3.0,5.0,10.375,1001.375,203.5,5.375,79.5,27.25,24.375,17.25,27.25,6,15,6,3,1,0
2025-06-16,4105.2215,4105.2215,32.0,20.0,26.0,75.625,15.0,6.0,13.125,1002.625,204.0,9.75,20.375,27.375,25.625,20.375,27.375,6,16,0,3,0,0
2025-06-17,4105.2215,4105.2215,35.0,22.0,28.0,68.375,15.0,7.0,7.75,1005.25,180.75,10.0,3.625,31.125,27.875,14.25,31.125,6,17,1,3,0,0
2025-06-18,4105.2215,4105.2215,35.0,24.0,29.0,66.5,15.0,7.0,6.875,1006.75,166.25,10.0,8.0,32.125,29.25,11.25,32.125,6,18,2,3,0,0
2025-06-19,4105.2215,4105.2215,33.0,26.0,28.0,74.25,15.0,7.0,7.375,1006.75,210.375,9.875,41.125,32.125,28.25,11.375,32.125,6,19,3,3,0,0
2025-06-20,4105.2215,4105.2215,27.0,25.0,26.0,88.0,10.0,7.0,4.375,1005.875,217.625,9.0,71.875,29.0,25.875,8.0,29.0,6,20,4,3,0,0
2025-06-21,4105.2215,4105.2215,34.0,25.0,28.0,82.25,12.0,6.0,6.875,1004.5,191.75,10.0,46.25,32.375,27.875,10.75,32.375,6,21,5,3,1,0
2025-06-22,4105.2215,4105.2215,23.0,21.0,22.0,97.75,1.0,5.0,6.25,1007.5,150.0,8.875,100.0,24.625,22.25,8.875,23.5,6,22,6,3,1,0
2025-06-23,4105.2215,4105.2215,23.0,21.0,22.0,95.0,1.0,5.0,5.25,1006.125,183.0,5.625,92.125,24.5,22.125,7.75,23.375,6,23,0,3,0,0
2025-06-24,4105.2215,4105.2215,25.0,20.0,22.0,85.875,1.0,5.0,5.375,1008.0,122.5,7.0,91.25,23.75,22.0,7.5,23.375,6,24,1,3,0,0
2025-06-25,4105.2215,4105.2215,28.0,20.0,24.0,82.375,10.0,5.0,5.125,1009.75,120.375,10.0,64.75,26.375,24.125,7.125,25.75,6,25,2,3,0,0
2025-06-26,4105.2215,4105.2215,36.0,23.0,28.0,84.0,12.0,6.0,4.625,1007.375,133.5,6.375,58.5,32.625,27.625,7.25,32.625,6,26,3,3,0,0
2025-06-27,4105.2215,4105.2215,35.0,24.0,28.0,81.25,12.0,7.0,7.125,1005.875,202.375,9.0,22.625,33.0,28.25,10.875,33.0,6,27,4,3,0,0
2025-06-28,4105.2215,4105.2215,36.0,24.0,28.0,78.375,13.0,7.0,7.125,1004.25,171.125,8.75,27.625,32.875,28.5,10.875,32.875,6,28,5,3,1,0
2025-06-29,4105.2215,4105.2215,35.0,23.0,28.0,76.625,13.0,6.0,7.5,1003.875,155.5,8.875,14.0,32.125,28.0,12.125,32.125,6,29,6,3,1,0
2025-06-30,4105.2215,4105.2215,35.0,25.0,30.0,71.125,14.0,7.0,5.5,1005.375,187.375,10.0,23.0,34.5,29.75,8.0,34.5,6,30,0,3,0,0
2025-07-01,4105.2215,4105.2215,36.0,25.0,30.0,68.375,14.0,8.0,9.75,1007.25,172.625,10.0,5.125,34.875,30.375,15.25,34.875,7,1,1,3,0,0
2025-07-02,4105.2215,4105.2215,37.0,26.0,31.0,64.875,14.0,8.0,8.875,1008.25,158.875,10.0,2.75,35.375,31.0,13.5,35.375,7,2,2,3,0,0
2025-07-03,4105.2215,4105.2215,37.0,26.0,31.0,67.625,14.0,8.0,8.375,1006.625,148.375,10.0,2.375,36.0,30.875,12.375,36.0,7,3,3,3,0,0
2025-07-04,147787.9700,4105.2175,37.0,25.0,30.0,59.875,14.0,8.0,7.75,1004.625,158.125,10.0,0.0,33.625,30.5,12.375,33.625,7,4,4,3,0,0
2025-07-05,8286.9800,8286.9800,37.0,26.0,31.0,62.375,14.0,8.0,7.125,1003.375,160.25,10.0,17.5,35.75,31.25,11.5,35.75,7,5,5,3,1,0
2025-07-06,8584.9100,8584.9100,37.0,27.0,32.0,61.625,14.0,8.0,8.5,1002.625,153.75,10.0,7.25,36.375,31.75,12.875,36.375,7,6,6,3,1,0
2025-07-07,7222.0000,7222.0000,32.0,26.0,28.0,74.625,10.0,7.0,10.625,1001.375,108.125,10.0,31.25,31.75,28.375,14.75,31.75,7,7,0,3,0,0
2025-07-08,7135.4500,7135.4500,27.0,25.0,26.0,92.75,5.0,6.0,9.25,1001.375,68.75,9.0,89.25,29.5,25.625,14.25,29.5,7,8,1,3,0,0
2025-07-09,7220.7200,7220.7200,31.0,25.0,28.0,82.125,9.0,6.0,18.75,1002.0,62.875,10.0,72.25,31.375,27.5,26.375,31.375,7,9,2,3,0,0
2025-07-10,6951.7700,6951.7700,31.0,24.0,27.0,82.25,6.0,7.0,15.875,1003.625,66.25,7.875,62.625,31.125,27.375,21.125,31.125,7,10,3,3,0,0
2025-07-11,7150.3100,7150.3100,29.0,24.0,26.0,89.625,2.0,6.0,10.75,1004.25,43.5,7.875,81.125,29.875,26.125,15.5,29.875,7,11,4,3,0,0
2025-07-12,7299.6900,7299.6900,28.0,24.0,25.0,92.75,4.0,6.0,10.125,1004.75,214.75,6.0,88.875,28.75,25.375,15.25,28.75,7,12,5,3,1,0
2025-07-13,8053.5400,8053.5400,30.0,24.0,26.0,90.25,8.0,6.0,8.5,1003.0,260.5,9.25,74.375,29.75,26.0,13.625,29.75,7,13,6,3,1,0
2025-07-14,7295.3800,7295.3800,33.0,24.0,28.0,80.0,7.0,7.0,8.375,1001.375,254.375,9.625,47.0,32.25,27.875,14.75,32.25,7,14,0,3,0,0
2025-07-15,7173.6500,7173.6500,36.0,24.0,29.0,69.75,14.0,7.0,6.25,999.75,168.875,10.0,10.25,32.125,28.875,10.75,32.125,7,15,1,3,0,0
2025-07-16,7198.5600,7198.5600,37.0,26.0,31.0,70.375,13.0,8.0,7.25,999.125,170.5,9.375,24.25,37.125,31.0,10.875,37.125,7,16,2,3,0,0
2025-07-17,7522.9100,7522.9100,37.0,27.0,31.0,74.0,10.0,8.0,6.625,1000.125,199.875,9.375,42.875,38.125,31.0,11.375,38.125,7,17,3,3,0,0
2025-07-18,7153.4200,7153.4200,33.0,26.0,28.0,85.0,2.0,7.0,7.125,1001.125,129.25,8.75,57.375,34.125,28.375,10.625,34.125,7,18,4,3,0,0
2025-07-19,8006.8000,8006.8000,33.0,25.0,28.0,80.125,10.0,6.0,10.375,1002.25,141.5,6.5,67.125,33.25,28.375,14.375,33.25,7,19,5,3,1,0
2025-07-20,8557.6900,8557.6900,32.0,26.0,29.0,78.25,7.0,6.0,14.375,1004.5,96.75,10.0,61.125,33.5,28.625,21.125,33.5,7,20,6,3,1,0
2025-07-21,7425.2100,7425.2100,33.0,26.0,29.0,74.75,5.0,7.0,12.75,1007.0,106.375,10.0,42.625,33.125,28.75,19.25,33.125,7,21,0,3,0,0
2025-07-22,7605.8300,7605.8300,32.0,26.0,28.0,77.875,8.0,7.0,11.875,1007.625,100.375,9.75,57.875,31.875,27.75,18.375,31.875,7,22,1,3,0,0
2025-07-23,8075.8500,8075.8500,32.0,24.0,28.0,77.25,8.0,7.0,13.125,1007.25,94.25,10.0,29.125,31.625,28.0,18.5,31.625,7,23,2,3,0,0
2025-07-24,6517.9200,6517.9200,32.0,25.0,28.0,81.375,10.0,7.0,13.125,1006.5,76.625,9.0,52.125,32.625,28.25,17.5,32.625,7,24,3,3,0,0
2025-07-25,6347.3400,6347.3400,30.0,25.0,27.0,88.125,6.0,6.0,14.5,1003.375,47.25,8.875,72.75,31.0,26.875,22.0,31.0,7,25,4,3,0,0
2025-07-26,9108.4100,9108.4100,29.0,25.0,27.0,94.75,2.0,6.0,15.125,1001.0,51.375,10.0,91.25,31.25,26.25,24.75,31.25,7,26,5,3,1,0
2025-07-27,8442.1900,8442.1900,31.0,25.0,27.0,88.25,5.0,6.0,11.625,999.875,44.625,6.25,86.0,32.5,27.5,17.25,32.5,7,27,6,3,1,0
2025-07-28,7699.3300,7699.3300,29.0,25.0,27.0,90.375,3.0,6.0,11.75,997.375,121.625,8.125,86.0,31.375,26.75,17.875,31.375,7,28,0,3,0,0
2025-07-29,6654.7100,6654.7100,30.0,24.0,26.0,90.125,7.0,7.0,13.625,997.125,43.5,9.0,72.0,29.75,26.125,20.0,29.75,7,29,1,3,0,0
2025-07-30,5976.1500,5976.1500,27.0,22.0,24.0,94.0,1.0,5.0,24.375,992.0,309.625,7.875,95.375,27.5,24.5,38.0,27.5,7,30,2,3,0,0
2025-07-31,5852.4100,5852.4100,32.0,23.0,27.0,82.125,6.0,6.0,10.875,994.125,242.625,9.0,72.25,30.5,26.875,17.0,30.5,7,31,3,3,0,0
2025-08-01,6479.5800,6479.5800,36.0,24.0,29.0,78.5,12.0,7.0,5.625,996.75,213.75,9.75,34.625,34.125,29.0,8.375,34.125,8,1,4,3,0,0
2025-08-02,7220.2600,7220.2600,35.0,26.0,29.0,84.875,4.0,6.0,5.375,998.5,178.375,7.0,68.375,35.5,28.875,8.625,35.5,8,2,5,3,1,0
2025-08-03,8202.1700,8202.1700,35.0,26.0,30.0,80.625,10.0,6.0,5.125,998.625,202.75,9.75,51.75,36.375,29.625,9.5,36.375,8,3,6,3,1,0
2025-08-04,7421.1400,7421.1400,34.0,27.0,30.0,82.375,6.0,7.0,5.25,1000.875,162.5,9.5,50.25,36.875,29.625,8.125,36.875,8,4,0,3,0,0
2025-08-05,7202.3600,7202.3600,35.0,27.0,30.0,82.25,11.0,8.0,3.75,1001.75,141.375,7.625,52.25,37.625,30.0,5.5,37.625,8,5,1,3,0,0
2025-08-06,7117.8000,7117.8000,34.0,27.0,29.0,80.0,7.0,7.0,9.0,1002.25,215.125,9.75,54.0,35.875,29.75,14.25,35.875,8,6,2,3,0,0
2025-08-07,6684.9900,6684.9900,35.0,26.0,30.0,67.75,13.0,7.0,9.875,1005.25,218.25,10.0,15.875,34.125,30.0,15.75,34.125,8,7,3,3,0,0
2025-08-08,6990.0900,6990.0900,36.0,26.0,31.0,65.375,13.0,8.0,8.125,1004.875,216.0,9.875,21.5,35.625,30.75,12.875,35.625,8,8,4,3,0,0
2025-08-09,8344.7100,8344.7100,37.0,27.0,32.0,62.0,13.0,8.0,9.25,1003.75,216.5,10.0,18.25,37.25,31.75,14.625,37.25,8,9,5,3,1,0
2025-08-10,8267.8600,8267.8600,38.0,28.0,31.0,69.75,11.0,8.0,8.25,1002.375,166.75,9.875,35.625,36.75,30.875,12.75,36.75,8,10,6,3,1,0
2025-08-11,7696.0600,7696.0600,32.0,26.0,28.0,84.5,6.0,7.0,5.5,1003.375,87.875,9.75,48.75,34.0,28.5,7.75,34.0,8,11,0,3,0,0
2025-08-12,7885.1890,7885.1890,36.0,26.0,30.0,81.375,8.0,6.0,5.0,1005.125,106.125,9.75,59.25,36.0,29.625,8.0,36.0,8,12,1,3,0,0
2025-08-13,7379.6400,7379.6400,36.0,26.0,30.0,71.875,13.0,6.0,9.375,1008.0,172.375,10.0,21.0,34.375,29.875,14.25,34.375,8,13,2,3,0,0
2025-08-14,6752.1100,6752.1100,35.0,26.0,30.0,66.25,12.0,8.0,11.125,1010.875,151.625,10.0,19.75,34.375,30.125,16.75,34.375,8,14,3,3,0,0
2025-08-15,6527.8000,6527.8000,36.0,25.0,30.0,65.875,13.0,7.0,9.125,1011.625,140.625,10.0,7.0,33.5,29.75,13.5,33.5,8,15,4,3,0,0
2025-08-16,7731.3500,7731.3500,37.0,25.0,30.0,61.875,13.0,8.0,8.5,1010.375,133.75,10.0,4.25,33.75,30.375,12.625,33.75,8,16,5,3,1,0
2025-08-17,7753.1900,7753.1900,36.0,26.0,30.0,64.0,13.0,8.0,9.75,1011.0,129.375,10.0,10.0,34.25,30.25,14.0,34.25,8,17,6,3,1,0
2025-08-18,6734.7000,6734.7000,36.0,26.0,31.0,64.625,13.0,8.0,8.0,1010.625,139.375,10.0,10.375,35.125,30.625,11.75,35.125,8,18,0,3,0,0
2025-08-19,6737.5000,6737.5000,38.0,26.0,31.0,65.25,13.0,8.0,7.875,1008.125,136.5,10.0,15.125,35.5,30.75,11.75,35.5,8,19,1,3,0,0
2025-08-20,7523.7800,7523.7800,38.0,27.0,32.0,64.625,11.0,8.0,6.375,1006.25,149.375,9.875,31.5,36.875,31.375,9.75,36.875,8,20,2,3,0,0
2025-08-21,6826.2600,6826.2600,39.0,27.0,32.0,62.625,13.0,8.0,6.625,1007.125,175.5,10.0,16.125,36.5,31.75,10.0,36.5,8,21,3,3,0,0
2025-08-22,6672.8800,6672.8800,37.0,26.0,31.0,65.875,12.0,8.0,5.625,1007.375,211.375,10.0,25.125,35.375,30.75,8.625,35.375,8,22,4,3,0,0
2025-08-23,8404.2200,8404.2200,38.0,26.0,31.0,62.625,13.0,8.0,6.625,1008.125,182.5,10.0,15.375,35.0,31.125,10.125,35.0,8,23,5,3,1,0
2025-08-24,8604.4100,8604.4100,40.0,27.0,32.0,57.5,13.0,8.0,7.25,1009.125,183.375,10.0,12.625,36.625,32.125,10.5,36.625,8,24,6,3,1,0
2025-08-25,6859.9500,6859.9500,39.0,26.0,31.0,61.625,13.0,8.0,8.5,1009.125,184.625,10.0,12.875,35.5,31.25,12.5,35.5,8,25,0,3,0,0
2025-08-26,6889.0600,6889.0600,36.0,25.0,30.0,64.25,12.0,7.0,7.0,1010.0,147.25,10.0,27.625,32.75,29.375,10.25,32.75,8,26,1,3,0,0
2025-08-27,7797.4300,7797.4300,37.0,26.0,31.0,62.0,13.0,8.0,6.5,1008.125,163.125,10.0,9.5,34.625,30.75,9.625,34.625,8,27,2,3,0,0
2025-08-28,6960.1700,6960.1700,38.0,26.0,31.0,56.75,13.0,8.0,8.875,1008.375,155.25,10.0,6.125,34.0,31.125,13.25,34.0,8,28,3,3,0,0
2025-08-29,7122.8100,7122.8100,37.0,26.0,31.0,58.625,13.0,8.0,8.25,1010.5,144.625,10.0,10.875,34.625,31.0,12.625,34.625,8,29,4,3,0,0
2025-08-30,9357.4200,9357.4200,37.0,27.0,31.0,62.375,13.0,8.0,7.875,1010.0,165.5,10.0,21.625,35.375,31.25,11.875,35.375,8,30,5,3,1,0
2025-08-31,8564.7600,8564.7600,36.0,25.0,29.0,66.125,12.0,7.0,6.75,1008.625,180.375,9.25,38.875,33.125,29.625,9.5,33.125,8,31,6,3,1,0
2025-09-01,6781.6100,6781.6100,32.0,24.0,27.0,78.625,12.0,7.0,2.875,1007.875,178.125,9.875,50.25,30.0,27.125,4.125,30.0,9,1,0,4,0,0
2025-09-02,6750.4400,6750.4400,35.0,25.0,28.0,77.5,12.0,7.0,3.625,1007.375,190.5,9.125,45.375,32.375,28.375,4.875,32.375,9,2,1,4,0,0
2025-09-03,6805.5000,6805.5000,35.0,25.0,29.0,69.375,13.0,6.0,5.5,1007.125,160.625,9.875,22.25,32.875,29.375,8.25,32.875,9,3,2,4,0,0
2025-09-04,6950.3500,6950.3500,36.0,26.0,30.0,68.25,12.0,8.0,4.875,1006.25,163.875,9.75,37.375,34.625,30.25,7.125,34.625,9,4,3,4,0,0
2025-09-05,7090.0300,7090.0300,37.0,26.0,31.0,70.0,13.0,8.0,5.625,1007.125,140.625,10.0,18.5,35.625,30.375,8.125,35.625,9,5,4,4,0,0
2025-09-06,9237.6100,9237.6100,37.0,26.0,31.0,68.125,12.0,8.0,6.125,1007.5,152.25,10.0,28.25,35.375,30.5,9.375,35.375,9,6,5,4,1,0
2025-09-07,9391.8200,9391.8200,35.0,27.0,30.0,76.0,10.0,7.0,5.125,1007.75,111.75,10.0,29.5,35.5,29.625,8.875,35.5,9,7,6,4,1,0
2025-09-08,7134.2600,7134.2600,39.0,24.0,30.0,71.625,12.0,8.0,6.875,1007.75,254.875,9.75,36.625,35.125,30.25,9.75,35.125,9,8,0,4,0,0
2025-09-09,7004.2800,7004.2800,29.0,24.0,26.0,88.75,3.0,7.0,5.875,1011.0,334.125,8.375,73.875,29.0,25.75,8.5,29.0,9,9,1,4,0,0
2025-09-10,6881.5700,6881.5700,31.0,24.0,26.0,86.875,3.0,6.0,6.375,1010.875,84.0,7.0,82.125,29.375,26.25,9.0,29.375,9,10,2,4,0,0
2025-09-11,6689.7800,6689.7800,28.0,24.0,26.0,90.5,1.0,6.0,7.25,1011.0,31.875,7.0,90.25,28.875,25.75,10.375,28.875,9,11,3,4,0,0
2025-09-12,6909.7000,6909.7000,35.0,24.0,28.0,81.375,10.0,6.0,7.375,1008.0,169.625,6.875,47.625,32.625,28.125,11.0,32.625,9,12,4,4,0,0
2025-09-13,8418.1700,8418.1700,31.0,24.0,27.0,86.875,3.0,6.0,6.0,1009.25,89.75,8.625,79.875,31.0,26.875,9.625,31.0,9,13,5,4,1,0
2025-09-14,8467.0100,8467.0100,34.0,25.0,28.0,83.25,12.0,6.0,3.5,1010.125,192.75,8.75,56.5,33.25,28.25,5.875,33.25,9,14,6,4,1,0
2025-09-15,6848.7400,6848.7400,34.0,24.0,28.0,81.875,12.0,6.0,4.75,1012.0,160.75,7.0,22.625,33.0,28.25,7.0,33.0,9,15,0,4,0,0
2025-09-16,6956.0800,6956.0800,37.0,25.0,30.0,68.875,13.0,8.0,6.25,1010.625,165.5,9.875,14.0,34.375,29.875,10.875,34.375,9,16,1,4,0,0
2025-09-17,6887.6100,6887.6100,33.0,25.0,28.0,75.625,8.0,7.0,8.125,1010.75,133.25,9.875,56.5,32.625,28.375,12.375,32.625,9,17,2,4,0,0
2025-09-18,6576.1800,6576.1800,26.0,23.0,24.0,92.5,1.0,5.0,10.375,1014.875,145.75,8.0,97.25,27.0,24.5,15.5,27.0,9,18,3,4,0,0
2025-09-19,6709.1000,6709.1000,33.0,23.0,27.0,81.0,10.0,6.0,5.75,1012.375,137.5,7.875,60.375,30.375,27.0,8.75,30.375,9,19,4,4,0,0
2025-09-20,5599.2800,5599.2800,24.0,21.0,22.0,90.125,1.0,5.0,10.125,1013.375,336.125,9.0,93.75,24.125,21.875,14.75,22.625,9,20,5,4,1,0
2025-09-21,5553.9200,5553.9200,25.0,22.0,23.0,75.625,2.0,5.0,9.125,1015.5,20.625,10.0,90.25,25.125,23.25,13.125,24.375,9,21,6,4,1,0
2025-09-22,5379.3200,5379.3200,29.0,20.0,24.0,74.5,12.0,6.0,7.75,1014.5,146.25,10.0,48.5,25.375,23.875,11.125,25.0,9,22,0,4,0,0
2025-09-23,6471.9400,6471.9400,29.0,23.0,26.0,85.75,5.0,7.0,9.75,1012.5,60.125,8.375,61.875,28.5,25.75,13.75,28.5,9,23,1,4,0,0
2025-09-24,6548.1000,6548.1000,25.0,24.0,24.0,94.0,3.0,6.0,4.125,1010.0,217.0,4.375,74.0,27.25,24.375,6.75,27.25,9,24,2,4,0,0
2025-09-25,6316.9300,6316.9300,29.0,23.0,25.0,87.5,2.0,5.0,6.875,1014.75,17.625,6.75,76.125,27.625,25.0,9.875,27.625,9,25,3,4,0,0
2025-09-26,6173.4000,6173.4000,33.0,24.0,27.0,80.375,12.0,6.0,5.125,1016.375,149.125,7.0,16.25,30.875,27.25,7.5,30.875,9,26,4,4,0,0
2025-09-27,7261.9100,7261.9100,33.0,24.0,28.0,77.75,10.0,7.0,4.875,1015.125,194.875,10.0,37.375,31.625,27.875,7.5,31.625,9,27,5,4,1,0
2025-09-28,6211.2300,6211.2300,34.0,24.0,28.0,81.0,11.0,7.0,5.875,1012.75,254.75,8.875,41.375,31.875,27.875,9.0,31.875,9,28,6,4,1,0
2025-09-29,5696.9100,5696.9100,30.0,24.0,26.0,87.125,1.0,7.0,7.625,1013.5,58.625,8.0,81.625,29.125,26.0,10.75,29.125,9,29,0,4,0,0
2025-09-30,5366.5300,5366.5300,25.0,23.0,24.0,89.75,1.0,5.0,4.75,1013.625,31.375,9.0,97.25,25.875,23.5,6.75,25.875,9,30,1,4,0,0
2025-10-01,5651.2400,5651.2400,29.0,22.0,25.0,84.625,4.0,7.0,6.25,1013.5,75.25,8.0,69.125,27.625,25.0,8.75,27.625,10,1,2,4,0,1
2025-10-02,6790.4500,6790.4500,35.0,23.0,28.0,75.25,12.0,7.0,6.125,1011.25,198.5,9.375,34.625,31.375,27.875,9.0,31.375,10,2,3,4,0,1
2025-10-03,7086.7700,7086.7700,29.0,23.0,26.0,86.5,4.0,6.0,7.375,1012.875,117.75,9.0,76.375,29.125,25.875,9.875,29.125,10,3,4,4,0,1
2025-10-04,6549.8300,6549.8300,28.0,23.0,25.0,85.625,2.0,6.0,6.125,1014.375,55.375,10.0,78.0,27.625,25.125,8.75,27.625,10,4,5,4,1,0
2025-10-05,7808.4000,7808.4000,33.0,24.0,28.0,79.75,8.0,6.0,3.875,1013.125,140.25,8.0,48.25,31.5,27.75,5.75,31.5,10,5,6,4,1,0
2025-10-06,7788.8900,7788.8900,35.0,26.0,29.0,72.875,11.0,7.0,3.75,1013.125,137.25,9.25,27.625,33.625,29.25,5.75,33.625,10,6,0,4,0,1
2025-10-07,7260.2300,7260.2300,31.0,25.0,28.0,82.0,5.0,7.0,8.5,1016.0,148.875,9.375,57.0,32.25,28.0,12.25,32.25,10,7,1,4,0,1
2025-10-08,6502.1100,6502.1100,28.0,23.0,25.0,80.25,5.0,6.0,9.625,1016.375,64.875,10.0,82.375,27.75,25.5,12.875,27.75,10,8,2,4,0,1
2025-10-09,5438.7500,5438.7500,29.0,22.0,25.0,76.25,12.0,6.0,8.5,1015.125,74.75,10.0,25.625,27.0,25.0,11.625,27.0,10,9,3,4,0,0
2025-10-10,5826.3400,5826.3400,31.0,22.0,26.0,76.125,12.0,7.0,7.875,1014.0,117.75,10.0,3.375,27.875,25.375,10.75,27.875,10,10,4,4,0,0
2025-10-11,6855.7400,6855.7400,34.0,22.0,27.0,70.0,12.0,7.0,4.5,1011.75,140.375,10.0,6.5,29.75,27.375,6.625,29.75,10,11,5,4,1,0
2025-10-12,7317.4300,7317.4300,32.0,24.0,28.0,71.375,12.0,7.0,5.875,1011.75,95.75,10.0,3.875,30.125,27.625,8.375,30.125,10,12,6,4,1,0
2025-10-13,5962.2600,5962.2600,30.0,23.0,26.0,80.875,5.0,7.0,8.25,1013.875,244.375,9.875,55.625,28.75,25.75,11.125,28.75,10,13,0,4,0,0
2025-10-14,4296.0800,4296.0800,24.0,22.0,22.0,79.25,1.0,5.0,7.75,1016.875,94.375,10.0,98.375,24.625,22.375,10.125,23.875,10,14,1,4,0,0
2025-10-15,5276.2000,5276.2000,30.0,21.0,25.0,74.875,7.0,6.0,3.875,1015.25,157.0,9.375,70.875,27.75,25.375,5.625,26.875,10,15,2,4,0,0
2025-10-16,5010.8800,5010.8800,25.0,22.0,23.0,89.625,1.0,5.0,8.875,1017.75,103.875,10.0,97.75,25.875,23.625,13.25,25.875,10,16,3,4,0,0
2025-10-17,4954.6400,4954.6400,30.0,22.0,26.0,79.25,7.0,6.0,4.25,1016.625,128.5,10.0,69.25,28.125,25.625,6.0,28.125,10,17,4,4,0,0
2025-10-18,3602.9400,3602.9400,23.0,19.0,21.0,94.75,1.0,5.0,13.875,1019.125,179.625,6.25,96.25,22.375,21.0,20.125,21.625,10,18,5,4,1,0
2025-10-19,1163.6300,1163.6300,18.0,16.0,17.0,84.875,1.0,4.0,15.25,1024.125,269.125,10.0,100.0,17.25,17.25,20.875,17.25,10,19,6,4,1,0
2025-10-20,89.8700,89.8700,18.0,16.0,17.0,69.375,1.0,4.0,19.5,1026.75,14.5,10.0,100.0,17.125,17.125,26.5,17.125,10,20,0,4,0,0
2025-10-21,68.9300,68.9300,17.0,14.0,15.0,72.25,1.0,4.0,20.5,1028.375,222.25,10.0,95.875,15.25,14.75,27.125,14.75,10,21,1,4,0,0
2025-10-22,70.0000,70.0000,18.0,14.0,16.0,65.375,1.0,4.0,17.25,1028.5,183.375,10.0,82.625,16.0,15.5,23.875,15.5,10,22,2,4,0,0
2025-10-23,69.1100,69.1100,19.0,12.0,16.0,68.5,7.0,5.0,12.875,1027.5,258.875,10.0,54.625,15.75,15.25,19.0,15.25,10,23,3,4,0,0
2025-10-24,69.7400,69.7400,20.0,15.0,17.0,66.0,3.0,5.0,10.25,1025.5,259.0,10.0,65.875,16.875,16.75,14.625,16.75,10,24,4,4,0,0
2025-10-25,93.1900,93.1900,21.0,14.0,17.0,69.375,6.0,5.0,7.375,1022.5,215.25,10.0,61.875,17.25,17.375,10.25,17.375,10,25,5,4,1,0
2025-10-26,104.0200,104.0200,19.0,15.0,17.0,68.25,1.0,4.0,9.625,1023.125,181.0,10.0,81.0,17.125,17.125,12.625,17.125,10,26,6,4,1,0
2025-10-27,98.2200,98.2200,19.0,13.0,17.0,66.375,3.0,4.0,7.625,1025.375,111.875,10.0,72.5,16.375,16.375,11.0,16.375,10,27,0,4,0,0
2025-10-28,91.1200,91.1200,20.0,15.0,17.0,60.125,8.0,4.0,12.0,1025.375,69.0,10.0,47.75,17.125,17.125,16.75,17.125,10,28,1,4,0,0
2025-10-29,101.7900,101.7900,23.0,13.0,18.0,63.625,11.0,5.0,8.75,1023.75,125.125,10.0,26.5,18.25,17.75,13.0,18.25,10,29,2,4,0,0
2025-10-30,101.9800,101.9800,20.0,16.0,18.0,74.625,5.0,5.0,5.75,1021.875,192.375,8.875,65.875,17.75,17.75,8.625,17.75,10,30,3,4,0,0
2025-10-31,105.6000,105.6000,22.0,15.0,18.0,82.375,1.0,4.0,10.0,1020.25,339.0,8.0,87.625,18.125,17.75,13.625,17.75,10,31,4,4,0,0
2025-11-01,107.3100,107.3100,22.0,15.0,18.0,68.375,9.0,5.0,5.25,1020.875,229.0,10.0,29.625,18.5,18.25,8.125,18.25,11,1,5,4,1,0
2025-11-02,106.9300,106.9300,22.0,15.0,18.0,61.25,11.0,5.0,8.0,1023.375,138.625,10.0,23.125,18.75,18.25,11.5,18.25,11,2,6,4,1,0
2025-11-03,87.2000,87.2000,18.0,13.0,15.0,60.375,6.0,5.0,10.0,1027.75,59.0,10.0,57.75,15.5,15.125,13.625,15.125,11,3,0,4,0,0
2025-11-04,78.7500,78.7500,19.0,14.0,16.0,65.5,11.0,4.0,7.375,1024.625,79.75,10.0,39.25,16.125,16.25,10.25,16.25,11,4,1,4,0,0
2025-11-05,102.2900,102.2900,20.0,14.0,17.0,75.5,3.0,4.0,5.875,1021.0,129.75,10.0,64.75,16.625,16.875,8.0,16.875,11,5,2,4,0,0
2025-11-06,104.4400,104.4400,18.0,15.0,17.0,87.375,7.0,5.0,4.875,1020.75,124.75,8.25,63.25,16.5,16.5,7.375,16.5,11,6,3,4,0,0
2025-11-07,102.4900,102.4900,18.0,17.0,17.0,94.75,1.0,4.0,6.625,1019.875,101.625,4.875,99.75,17.0,17.0,9.625,17.0,11,7,4,4,0,0
2025-11-08,103.6400,103.6400,21.0,17.0,18.0,90.375,1.0,4.0,5.0,1018.5,287.25,5.0,97.0,18.25,18.25,7.125,18.25,11,8,5,4,1,0
2025-11-09,102.5200,102.5200,17.0,15.0,16.0,91.25,1.0,4.0,11.5,1019.875,249.625,3.875,98.0,16.0,16.0,16.25,16.0,11,9,6,4,1,0
2025-11-10,100.3700,100.3700,18.0,14.0,16.0,72.75,9.0,5.0,10.0,1021.25,53.75,10.0,52.875,15.75,15.5,13.875,15.5,11,10,0,4,0,0
2025-11-11,99.1500,99.1500,17.0,14.0,15.0,69.375,4.0,5.0,11.375,1020.625,49.5,10.0,68.375,15.5,15.125,16.25,15.125,11,11,1,4,0,0
2025-11-12,96.1000,96.1000,16.0,13.0,14.0,76.375,2.0,4.0,8.25,1021.375,109.25,9.0,75.75,14.375,14.125,11.875,14.125,11,12,2,4,0,0
2025-11-13,84.1400,84.1400,19.0,13.0,16.0,70.75,9.0,4.0,10.875,1022.0,258.125,10.0,51.0,15.625,15.75,15.625,15.75,11,13,3,4,0,0
2025-11-14,83.2700,83.2700,19.0,12.0,15.0,63.75,11.0,5.0,5.5,1023.5,211.25,10.0,4.625,15.375,15.375,7.75,15.375,11,14,4,4,0,0
2025-11-15,97.3200,97.3200,21.0,13.0,16.0,66.25,11.0,5.0,6.75,1024.25,98.375,10.0,13.875,16.25,16.5,10.125,16.5,11,15,5,4,1,0
2025-11-16,98.7100,98.7100,22.0,13.0,17.0,65.625,11.0,5.0,4.625,1024.5,145.0,10.0,7.25,17.875,17.625,7.375,17.875,11,16,6,4,1,0
2025-11-17,88.1800,88.1800,16.0,7.0,12.0,79.0,1.0,4.0,16.375,1030.875,220.25,7.0,80.75,12.625,11.0,22.25,11.0,11,17,0,4,0,0
2025-11-18,70.7900,70.7900,10.0,5.0,7.0,49.375,11.0,2.0,18.125,1035.125,329.375,10.0,27.375,6.75,3.625,23.25,3.625,11,18,1,4,0,0
2025-11-19,69.1300,69.1300,12.0,4.0,7.0,42.125,11.0,3.0,9.0,1032.5,258.25,10.0,4.0,7.5,5.625,12.75,5.625,11,19,2,4,0,0
2025-11-20,73.1700,73.1700,14.0,5.0,9.0,42.375,11.0,3.0,3.625,1029.875,218.5,10.0,3.375,9.5,9.0,5.25,9.0,11,20,3,4,0,0
2025-11-21,71.3900,71.3900,16.0,7.0,11.0,45.75,10.0,4.0,4.375,1029.625,182.125,10.0,3.25,11.5,11.5,6.875,11.5,11,21,4,4,0,0
2025-11-22,65.9500,65.9500,17.0,9.0,13.0,56.875,10.0,4.0,5.25,1027.375,163.25,10.0,1.25,12.75,12.625,7.625,12.625,11,22,5,4,1,0
2025-11-23,68.9600,68.9600,19.0,10.0,14.0,51.875,10.0,4.0,4.125,1023.125,228.125,10.0,18.0,14.125,14.0,6.625,14.0,11,23,6,4,1,0
2025-11-24,67.4000,67.4000,21.0,13.0,16.0,47.0,9.0,4.0,8.125,1022.625,272.125,10.0,45.125,16.125,16.125,12.75,16.125,11,24,0,4,0,0
2025-11-25,64.6800,64.6800,14.0,8.0,11.0,35.5,10.0,4.0,12.875,1026.375,277.125,10.0,0.5,10.75,9.25,18.375,9.25,11,25,1,4,0,0
2025-11-26,66.6500,66.6500,16.0,7.0,11.0,41.125,10.0,4.0,4.375,1026.125,180.0,10.0,0.0,10.875,10.875,6.125,10.875,11,26,2,4,0,0
2025-11-27,67.3300,67.3300,14.0,8.0,10.0,36.375,10.0,4.0,12.5,1027.125,300.5,10.0,2.5,10.5,9.125,18.25,9.125,11,27,3,4,0,0
2025-11-28,64.8500,64.8500,17.0,6.0,11.0,34.625,10.0,4.0,5.875,1022.125,195.625,10.0,0.0,10.5,10.0,9.125,10.0,11,28,4,4,0,0
2025-11-29,55.6100,55.6100,21.0,8.0,14.0,40.375,10.0,4.0,6.875,1017.375,200.125,10.0,4.0,13.75,13.375,11.75,13.375,11,29,5,4,1,0
2025-11-30,61.5700,61.5700,21.0,10.0,15.0,42.5,10.0,5.0,5.75,1016.75,227.5,10.0,9.25,15.25,15.0,10.125,15.0,11,30,6,4,1,0
2025-12-01,64.6200,64.6200,18.0,12.0,14.0,57.25,10.0,4.0,9.25,1019.75,165.125,10.0,8.75,14.5,14.125,13.75,14.125,12,1,0,1,0,0
2025-12-02,82.5400,82.5400,15.0,12.0,13.0,76.25,1.0,3.0,10.25,1021.25,19.375,10.0,94.5,13.375,12.625,13.875,12.625,12,2,1,1,0,0
2025-12-03,79.3200,79.3200,12.0,7.0,10.0,53.875,6.0,2.0,14.5,1029.875,230.25,9.0,61.0,9.875,8.0,19.0,8.0,12,3,2,1,0,0
2025-12-04,72.2300,72.2300,12.0,4.0,8.0,31.0,10.0,3.0,5.5,1029.125,87.625,10.0,6.0,7.875,7.375,7.75,7.375,12,4,3,1,0,0
2025-12-05,73.4500,73.4500,13.0,6.0,9.0,41.375,10.0,3.0,7.375,1028.375,56.5,10.0,17.5,9.375,8.375,10.5,8.375,12,5,4,1,0,0
2025-12-06,73.1400,73.1400,18.0,7.0,12.0,44.875,10.0,4.0,5.375,1023.0,201.0,10.0,4.5,12.125,11.625,8.625,11.625,12,6,5,1,1,0
2025-12-07,71.2300,71.2300,19.0,9.0,14.0,48.125,10.0,4.0,4.625,1023.375,160.0,10.0,0.0,13.875,13.875,8.375,13.875,12,7,6,1,1,0
2025-12-08,90.4800,90.4800,16.0,9.0,12.0,56.75,10.0,4.0,10.75,1028.25,125.125,10.0,22.5,12.625,12.0,15.375,12.0,12,8,0,1,0,0
2025-12-09,868.9900,868.9900,17.0,9.0,12.0,62.25,10.0,4.0,11.125,1026.75,76.875,10.0,5.0,12.625,11.875,15.875,11.875,12,9,1,1,0,0
2025-12-10,99.7200,99.7200,21.0,10.0,15.0,59.375,10.0,5.0,5.25,1021.5,161.625,10.0,38.75,15.0,15.0,7.875,15.0,12,10,2,1,0,0
2025-12-11,99.6000,99.6000,20.0,12.0,16.0,52.75,10.0,5.0,9.625,1022.75,176.375,10.0,22.5,15.75,15.75,13.125,15.75,12,11,3,1,0,0
2025-12-12,101.2000,101.2000,14.0,11.0,12.0,63.0,5.0,3.0,16.375,1026.375,72.875,10.0,74.75,12.125,10.375,21.125,10.375,12,12,4,1,0,0
2025-12-13,86.7200,86.7200,12.0,5.0,9.0,69.5,1.0,2.0,13.375,1027.125,291.75,9.0,68.0,9.25,7.125,17.875,7.125,12,13,5,1,1,0
2025-12-14,73.0500,73.0500,11.0,2.0,6.0,39.875,10.0,3.0,7.75,1029.25,277.25,10.0,1.375,6.375,4.625,11.0,4.625,12,14,6,1,1,0
2025-12-15,78.1900,78.1900,15.0,4.0,9.0,32.875,11.0,3.0,5.125,1024.75,159.625,10.0,0.375,8.75,8.625,7.875,8.625,12,15,0,1,0,0
2025-12-16,74.4800,74.4800,18.0,8.0,12.0,32.875,11.0,4.0,4.75,1022.125,170.875,10.0,12.125,12.125,11.875,8.375,11.875,12,16,1,1,0,0
2025-12-17,76.6000,76.6000,16.0,10.0,12.0,39.125,11.0,4.0,8.25,1025.875,172.5,10.0,8.75,12.25,12.0,11.25,12.0,12,17,2,1,0,0
2025-12-18,89.9100,89.9100,17.0,8.0,12.0,63.75,11.0,4.0,6.0,1024.375,113.875,10.0,6.125,11.5,11.375,9.0,11.375,12,18,3,1,0,0
2025-12-19,97.1500,97.1500,23.0,10.0,16.0,55.25,11.0,5.0,6.125,1017.25,186.375,10.0,10.25,15.625,15.125,10.25,15.25,12,19,4,1,0,0
2025-12-20,96.8800,96.8800,21.0,12.0,16.0,58.125,11.0,5.0,11.75,1020.0,298.5,9.0,35.875,16.75,16.125,16.625,16.125,12,20,5,1,1,0
2025-12-21,89.6500,89.6500,11.0,6.0,8.0,65.375,3.0,2.0,13.875,1030.75,102.25,9.0,80.5,8.125,6.0,17.75,6.0,12,21,6,1,1,0
2025-12-22,82.3600,82.3600,14.0,6.0,10.0,59.125,11.0,3.0,9.125,1025.75,98.0,10.0,22.25,9.5,8.625,12.875,8.625,12,22,0,1,0,0
2025-12-23,109.8800,109.8800,16.0,9.0,11.0,69.625,10.0,4.0,10.0,1020.375,266.0,10.0,45.625,11.25,10.25,14.25,10.25,12,23,1,1,0,0
2025-12-24,88.5200,88.5200,10.0,6.0,8.0,77.375,1.0,2.0,12.625,1023.375,261.75,6.875,100.0,8.125,5.75,16.375,5.75,12,24,2,1,0,0
2025-12-25,78.2200,78.2200,9.0,4.0,7.0,51.625,8.0,2.0,16.125,1028.75,296.75,10.0,38.125,6.75,3.75,21.125,3.75,12,25,3,1,0,0
2025-12-26,68.9000,68.9000,7.0,2.0,5.0,48.0,10.0,2.0,7.375,1028.75,63.75,10.0,5.375,4.875,3.0,10.5,3.0,12,26,4,1,0,0
2025-12-27,68.8700,68.8700,11.0,3.0,7.0,46.375,6.0,3.0,4.25,1024.875,182.75,10.0,31.625,6.5,6.0,6.25,6.0,12,27,5,1,1,0
2025-12-28,73.0300,73.0300,14.0,5.0,9.0,48.875,10.0,3.0,4.125,1022.625,185.375,10.0,16.5,9.25,8.875,6.375,8.875,12,28,6,1,1,0
2025-12-29,68.8400,68.8400,16.0,7.0,11.0,47.375,11.0,4.0,5.25,1020.25,130.875,10.0,6.0,11.125,10.875,9.125,10.875,12,29,0,1,0,0
2025-12-30,84.0500,84.0500,15.0,8.0,11.0,59.625,11.0,3.0,8.625,1022.125,83.875,10.0,30.625,11.125,10.5,12.0,10.5,12,30,1,1,0,0
2025-12-31,1880.9700,1880.9700,11.0,8.0,9.0,61.5,5.0,2.0,16.5,1025.0,61.25,10.0,78.75,9.625,7.125,22.125,7.125,12,31,2,1,0,0
2026-01-01,80.1600,80.1600,7.0,3.0,5.0,75.625,1.0,2.0,13.5,1028.25,103.75,7.875,100.0,5.25,2.25,17.375,2.25,1,1,3,1,0,1
2026-01-02,77.3200,77.3200,6.0,1.0,3.0,49.125,11.0,1.0,13.5,1033.75,298.5,10.0,15.25,3.375,0.25,18.0,0.25,1,2,4,1,0,0
2026-01-03,77.2200,77.2200,8.0,0.0,4.0,39.75,11.0,2.0,5.125,1031.125,172.0,10.0,1.25,4.0,2.875,7.625,2.875,1,3,5,1,1,0
2026-01-04,1285.5300,1285.5300,10.0,3.0,6.0,46.25,6.0,3.0,6.25,1026.0,264.5,10.0,50.75,6.25,5.25,8.75,5.25,1,4,6,1,1,0
2026-01-05,3085.5100,3085.5100,8.0,4.0,6.0,74.625,1.0,2.0,9.25,1028.0,320.75,9.0,96.0,5.625,3.625,12.25,3.625,1,5,0,1,0,0
2026-01-06,2949.9700,2949.9700,10.0,3.0,6.0,59.25,9.0,3.0,9.625,1028.375,281.125,10.0,16.625,6.125,4.125,13.875,4.125,1,6,1,1,0,0
2026-01-07,3121.6400,3121.6400,11.0,2.0,6.0,48.875,11.0,3.0,7.875,1028.875,283.375,10.0,1.375,6.25,4.75,11.5,4.75,1,7,2,1,0,0
2026-01-08,1876.7000,1876.7000,10.0,3.0,6.0,47.25,11.0,3.0,6.875,1030.875,245.0,10.0,3.0,6.25,5.25,9.875,5.25,1,8,3,1,0,0
2026-01-09,2162.4700,2162.4700,12.0,2.0,7.0,45.5,11.0,3.0,7.125,1025.75,201.875,10.0,9.25,7.125,5.875,10.75,5.875,1,9,4,1,0,0
2026-01-10,80.9400,80.9400,13.0,5.0,8.0,41.0,11.0,3.0,13.0,1026.25,288.375,10.0,2.0,8.0,6.375,19.5,6.375,1,10,5,1,1,0
2026-01-11,82.3900,82.3900,8.0,3.0,5.0,25.75,11.0,3.0,12.0,1031.625,262.5,10.0,0.875,5.5,2.875,17.125,2.875,1,11,6,1,1,0
2026-01-12,1076.0300,1076.0300,15.0,2.0,8.0,39.125,8.0,3.0,8.875,1022.625,206.0,10.0,35.0,7.75,6.5,13.125,6.5,1,12,0,1,0,0
2026-01-13,80.2600,80.2600,17.0,6.0,11.0,42.875,11.0,4.0,6.5,1020.75,201.5,10.0,0.0,10.875,10.375,11.375,10.375,1,13,1,1,0,0
2026-01-14,78.6900,78.6900,20.0,7.0,13.0,43.125,11.0,4.0,6.625,1018.75,188.75,10.0,1.375,13.125,12.375,11.875,12.375,1,14,2,1,0,0
2026-01-15,78.8800,78.8800,19.0,10.0,14.0,43.5,11.0,4.0,5.0,1017.625,189.125,10.0,1.125,14.125,13.875,9.375,13.875,1,15,3,1,0,0
2026-01-16,87.3400,87.3400,21.0,10.0,15.0,44.75,11.0,4.0,4.125,1016.5,139.375,10.0,3.875,14.625,14.75,7.25,14.75,1,16,4,1,0,0
2026-01-17,102.7100,102.7100,14.0,10.0,12.0,68.875,5.0,4.0,9.0,1018.5,41.0,10.0,37.0,12.125,11.875,12.875,11.875,1,17,5,1,1,0
2026-01-18,103.6500,103.6500,16.0,9.0,12.0,77.125,11.0,4.0,9.75,1019.0,78.25,10.0,45.375,11.625,10.875,12.75,10.875,1,18,6,1,1,0
2026-01-19,102.0500,102.0500,11.0,6.0,9.0,76.25,1.0,2.0,13.125,1023.375,29.25,10.0,100.0,9.375,7.5,16.875,7.5,1,19,0,1,0,0
2026-01-20,2682.3500,2682.3500,6.0,1.0,2.0,82.875,1.0,1.0,15.875,1031.0,97.875,5.75,99.75,2.375,-1.5,20.5,-1.5,1,20,1,1,0,0
2026-01-21,2475.9200,2475.9200,5.0,-1.0,2.0,50.875,11.0,1.0,12.5,1032.75,178.5,10.0,57.125,2.75,-0.625,16.25,-0.625,1,21,2,1,0,0
2026-01-22,2307.1300,2307.1300,5.0,-2.0,2.0,43.75,11.0,2.0,6.25,1033.0,65.0,10.0,11.625,1.625,-0.25,8.875,-0.25,1,22,3,1,0,0
2026-01-23,2479.4400,2479.4400,10.0,1.0,5.0,39.0,11.0,3.0,3.875,1028.625,178.5,10.0,1.625,5.0,4.75,5.625,4.75,1,23,4,1,0,0
2026-01-24,2672.2700,2672.2700,11.0,3.0,7.0,52.125,11.0,2.0,6.25,1027.375,89.0,10.0,15.0,6.875,6.0,9.0,6.0,1,24,5,1,1,0
2026-01-25,86.0800,86.0800,15.0,5.0,9.0,67.75,11.0,3.0,8.125,1024.625,120.0,10.0,22.125,9.25,8.25,11.5,8.25,1,25,6,1,1,0
2026-01-26,968.5900,968.5900,11.0,7.0,9.0,84.25,1.0,2.0,9.25,1024.375,289.5,7.0,93.0,9.5,8.5,12.5,8.5,1,26,0,1,0,0
2026-01-27,0.0000,0.0000,8.0,6.0,7.0,74.375,1.0,2.0,8.375,1029.0,28.125,10.0,100.0,6.75,5.0,10.875,5.0,1,27,1,1,0,0
2026-01-28,0.0000,0.0000,9.0,3.0,6.0,63.875,9.0,3.0,7.625,1028.875,66.5,10.0,52.625,6.375,4.875,10.75,4.875,1,28,2,1,0,0
2026-01-29,0.0000,0.0000,13.0,4.0,8.0,61.875,11.0,3.0,12.125,1027.375,96.75,10.0,16.75,8.0,6.5,16.25,6.5,1,29,3,1,0,0
2026-01-30,0.0000,0.0000,8.0,5.0,7.0,86.0,1.0,2.0,19.875,1028.25,69.25,7.375,100.0,6.875,3.125,26.5,3.125,1,30,4,1,0,0
2026-01-31,0.0000,0.0000,4.0,3.0,3.0,94.625,1.0,1.0,7.25,1031.0,172.25,6.625,99.375,3.25,1.375,9.5,1.375,1,31,5,1,1,0
2026-02-01,0.0000,0.0000,8.0,2.0,6.0,74.125,10.0,3.0,2.75,1030.75,181.25,10.0,53.875,5.5,5.375,3.875,5.375,2,1,6,1,1,0
2026-02-02,0.0000,0.0000,12.0,4.0,8.0,65.875,11.0,3.0,6.0,1030.875,220.875,10.0,9.25,7.625,6.875,8.75,6.875,2,2,0,1,0,0
2026-02-03,0.0000,0.0000,12.0,4.0,8.0,64.25,11.0,3.0,8.0,1029.375,82.75,10.0,5.0,7.875,6.625,11.75,6.625,2,3,1,1,0,0
2026-02-04,0.0000,0.0000,16.0,6.0,11.0,58.875,11.0,4.0,4.875,1020.75,165.75,10.0,34.25,10.625,10.375,8.125,10.375,2,4,2,1,0,0
2026-02-05,0.0000,0.0000,15.0,10.0,12.0,70.5,5.0,4.0,5.625,1019.25,57.375,9.0,66.125,12.0,12.0,8.25,12.0,2,5,3,1,0,0
2026-02-06,0.0000,0.0000,9.0,2.0,5.0,92.25,1.0,2.0,13.125,1024.75,34.25,3.75,100.0,5.625,3.0,17.0,3.0,2,6,4,1,0,0
2026-02-07,0.0000,0.0000,4.0,2.0,3.0,74.25,1.0,1.0,12.125,1031.25,147.375,9.625,95.875,3.0,-0.25,15.75,-0.25,2,7,5,1,1,0
2026-02-08,0.0000,0.0000,6.0,0.0,3.0,52.0,11.0,2.0,11.375,1035.5,260.875,10.0,2.75,2.75,0.125,15.0,0.125,2,8,6,1,1,0
2026-02-09,0.0000,0.0000,10.0,0.0,5.0,39.625,10.0,2.0,5.375,1028.75,126.5,10.0,42.875,4.625,3.5,7.5,3.5,2,9,0,1,0,0
2026-02-10,0.0000,0.0000,13.0,5.0,8.0,59.875,7.0,3.0,4.5,1021.875,307.0,8.0,68.75,8.375,8.125,5.75,8.125,2,10,1,1,0,0
2026-02-11,410.6756,410.6756,15.0,5.0,10.0,61.375,11.0,3.0,7.75,1026.0,217.125,10.0,0.0,9.625,8.625,12.375,8.625,2,11,2,1,0,0
2026-02-12,98.3400,98.3400,16.0,6.0,10.0,57.375,11.0,4.0,5.25,1023.375,130.25,10.0,1.625,10.25,10.0,8.0,10.0,2,12,3,1,0,0
2026-02-13,100.6800,100.6800,18.0,8.0,13.0,66.375,11.0,4.0,3.5,1019.0,179.75,10.0,38.875,12.625,12.625,5.375,12.625,2,13,4,1,0,0
2026-02-14,106.9900,106.9900,20.0,12.0,15.0,78.375,6.0,4.0,4.75,1016.5,206.5,10.0,65.75,15.5,15.5,7.75,15.5,2,14,5,1,1,0
2026-02-15,113.1800,113.1800,17.0,11.0,14.0,83.375,8.0,4.0,10.5,1018.25,70.25,9.0,51.5,13.875,13.5,14.625,13.5,2,15,6,1,1,0
2026-02-16,105.9400,105.9400,12.0,5.0,6.0,80.25,1.0,2.0,15.875,1027.125,61.375,8.5,100.0,6.625,3.875,20.625,3.875,2,16,0,1,0,1
2026-02-17,94.6100,94.6100,7.0,4.0,5.0,71.5,3.0,2.0,5.0,1028.25,127.375,10.0,88.0,5.125,4.0,7.25,4.0,2,17,1,1,0,1
2026-02-18,95.2600,95.2600,14.0,6.0,9.0,58.5,11.0,3.0,4.875,1028.375,141.75,10.0,14.25,9.375,9.125,6.875,9.125,2,18,2,1,0,1
2026-02-19,108.6000,108.6000,15.0,7.0,11.0,55.875,9.0,4.0,3.625,1025.75,133.5,10.0,47.875,10.5,10.375,5.75,10.375,2,19,3,1,0,1
2026-02-20,107.4000,107.4000,19.0,8.0,13.0,62.125,11.0,4.0,8.25,1020.125,211.5,10.0,0.875,13.0,12.5,13.5,12.5,2,20,4,1,0,0
2026-02-21,109.9700,109.9700,23.0,8.0,15.0,57.0,11.0,4.0,9.875,1011.5,203.375,10.0,0.0,14.75,14.125,16.5,14.25,2,21,5,1,1,0
2026-02-22,111.2700,111.2700,22.0,10.0,15.0,50.5,11.0,5.0,11.625,1014.75,183.75,10.0,13.25,15.75,15.0,18.375,15.0,2,22,6,1,1,0
2026-02-23,106.8400,106.8400,17.0,8.0,12.0,58.875,11.0,4.0,14.875,1019.625,83.375,10.0,19.125,11.875,10.375,20.75,10.375,2,23,0,1,0,0
2026-02-24,113.0600,113.0600,14.0,8.0,11.0,82.875,1.0,3.0,10.25,1017.125,220.25,10.0,95.25,11.25,10.125,14.0,10.125,2,24,1,1,0,0
2026-02-25,108.3000,108.3000,13.0,8.0,9.0,81.375,1.0,2.0,8.5,1020.875,68.5,10.0,90.625,9.5,8.375,11.25,8.375,2,25,2,1,0,0
2026-02-26,111.5200,111.5200,11.0,9.0,10.0,91.25,1.0,3.0,4.125,1014.5,158.625,5.0,91.75,10.125,9.75,6.125,9.75,2,26,3,1,0,0
2026-02-27,111.6000,111.6000,11.0,10.0,10.0,93.125,1.0,3.0,7.375,1015.75,256.875,7.625,100.0,10.5,9.625,10.125,9.625,2,27,4,1,0,0
2026-02-28,109.9400,109.9400,15.0,8.0,11.0,80.0,10.0,3.0,9.5,1017.875,76.5,10.0,52.625,10.875,9.75,12.5,9.75,2,28,5,1,1,0
2026-03-01,114.8300,114.8300,15.0,10.0,12.0,92.125,1.0,4.0,2.625,1014.5,135.375,6.75,81.5,11.75,11.625,4.125,11.625,3,1,6,2,1,0
2026-03-02,106.1900,106.1900,13.0,9.0,11.0,86.75,1.0,3.0,14.125,1017.5,326.875,9.0,98.75,11.25,9.625,19.125,9.625,3,2,0,2,0,0
2026-03-03,93.0900,93.0900,12.0,6.0,9.0,73.0,5.0,2.0,11.875,1025.375,148.375,10.0,74.875,9.0,7.125,15.875,7.125,3,3,1,2,0,0
2026-03-04,93.7200,93.7200,13.0,5.0,9.0,76.625,10.0,3.0,9.25,1024.0,71.375,10.0,49.0,8.875,7.375,12.375,7.375,3,4,2,2,0,0
2026-03-05,85.9700,85.9700,17.0,9.0,12.0,76.5,8.0,3.0,5.875,1021.375,195.75,10.0,63.0,11.875,11.625,8.125,11.625,3,5,3,2,0,0
2026-03-06,94.9800,94.9800,14.0,8.0,11.0,69.75,10.0,3.0,11.75,1025.25,25.25,10.0,61.375,10.625,9.375,15.25,9.375,3,6,4,2,0,0
2026-03-07,49.1200,49.1200,11.0,4.0,7.0,63.0,8.0,2.0,12.25,1030.0,70.75,10.0,52.75,7.375,5.0,16.0,5.0,3,7,5,2,1,0
2026-03-08,106.7650,106.7650,13.0,6.0,9.0,65.875,12.0,3.0,10.625,1027.375,75.5,10.0,17.375,8.625,7.0,14.25,7.0,3,8,6,2,1,0
2026-03-09,213.5300,106.7650,14.0,7.0,10.0,67.0,6.0,3.0,10.5,1030.75,33.75,10.0,58.5,9.875,8.375,14.0,8.375,3,9,0,2,0,0
2026-03-10,70.1100,70.1100,13.0,5.0,8.0,58.5,12.0,2.0,8.0,1028.0,75.75,10.0,12.5,8.625,7.375,10.875,7.375,3,10,1,2,0,0
2026-03-11,71.1400,71.1400,18.0,6.0,11.0,58.375,12.0,4.0,7.125,1022.125,123.875,10.0,17.5,10.875,10.375,10.625,10.375,3,11,2,2,0,0
2026-03-12,88.5900,88.5900,14.0,7.0,10.0,64.875,8.0,3.0,12.375,1027.5,24.875,10.0,50.5,10.5,9.0,16.75,9.0,3,12,3,2,0,0
2026-03-13,120.5300,120.5300,14.0,6.0,9.0,60.0,12.0,3.0,8.25,1029.25,66.125,10.0,0.375,9.625,8.375,11.625,8.375,3,13,4,2,0,0
2026-03-14,91.5500,91.5500,18.0,6.0,11.0,63.125,12.0,4.0,6.75,1025.5,104.625,10.0,3.875,11.25,10.875,10.125,10.875,3,14,5,2,1,0
2026-03-15,92.6800,92.6800,17.0,8.0,12.0,76.875,7.0,4.0,10.5,1025.625,114.75,10.0,49.75,11.75,10.625,13.625,10.625,3,15,6,2,1,0
2026-03-16,97.1000,97.1000,11.0,10.0,10.0,88.375,1.0,3.0,9.875,1023.125,58.0,7.0,99.25,10.125,8.875,13.5,8.875,3,16,0,2,0,0
2026-03-17,94.3900,94.3900,14.0,10.0,11.0,92.875,2.0,3.0,5.5,1018.25,83.75,5.0,91.625,11.375,11.125,7.75,11.125,3,17,1,2,0,0
2026-03-18,95.3600,95.3600,13.0,10.0,11.0,91.375,1.0,3.0,8.875,1018.25,217.375,3.0,94.0,11.5,10.875,13.125,10.875,3,18,2,2,0,0
2026-03-19,91.3400,91.3400,12.0,9.0,10.0,83.75,3.0,2.0,6.125,1022.0,89.625,9.0,91.625,10.0,9.0,8.125,9.0,3,19,3,2,0,0
2026-03-20,91.8200,91.8200,12.0,9.0,10.0,80.25,3.0,2.0,8.25,1022.0,75.625,8.75,93.125,9.875,8.875,11.25,8.875,3,20,4,2,0,0
2026-03-21,96.6600,96.6600,15.0,9.0,11.0,84.625,1.0,3.0,6.375,1022.125,84.125,10.0,98.125,11.375,11.125,8.375,11.125,3,21,5,2,1,0
2026-03-22,92.7900,92.7900,18.0,12.0,14.0,85.375,1.0,3.0,3.5,1017.5,141.625,8.0,100.0,13.875,14.25,5.0,14.25,3,22,6,2,1,0
2026-03-23,98.6400,98.6400,15.0,11.0,13.0,91.875,1.0,3.0,9.125,1019.0,71.25,6.75,96.25,12.875,12.125,12.75,12.125,3,23,0,2,0,0
2026-03-24,90.9500,90.9500,12.0,11.0,11.0,94.875,1.0,3.0,6.875,1016.125,43.625,3.875,100.0,11.25,10.875,9.75,10.875,3,24,1,2,0,0
2026-03-25,95.7700,95.7700,18.0,10.0,13.0,81.5,6.0,3.0,4.0,1017.625,79.5,7.0,66.5,13.25,13.25,5.75,13.25,3,25,2,2,0,0
2026-03-26,90.1200,90.1200,18.0,11.0,14.0,77.75,7.0,3.0,5.125,1015.875,69.875,8.875,71.625,13.375,13.625,8.125,13.625,3,26,3,2,0,0
2026-03-27,97.8900,97.8900,13.0,11.0,12.0,91.0,1.0,3.0,5.25,1016.25,93.75,7.0,100.0,11.625,11.625,7.375,11.625,3,27,4,2,0,0
2026-03-28,98.2400,98.2400,20.0,10.0,14.0,78.75,10.0,3.0,5.75,1016.25,108.0,8.375,64.875,14.125,14.25,8.25,14.25,3,28,5,2,1,0
2026-03-29,91.2300,91.2300,23.0,14.0,18.0,76.0,12.0,5.0,5.625,1012.75,171.125,10.0,53.875,18.25,17.75,8.875,18.0,3,29,6,2,1,0
2026-03-30,97.0200,97.0200,22.0,14.0,17.0,89.875,3.0,5.0,10.5,1008.875,197.375,8.75,78.875,17.5,16.875,15.25,17.25,3,30,0,2,0,0
2026-03-31,97.0900,97.0900,17.0,11.0,13.0,84.875,5.0,3.0,7.875,1016.625,106.875,8.5,70.125,13.25,13.125,10.75,13.125,3,31,1,2,0,0
2026-04-01,97.7500,97.7500,20.0,11.0,15.0,80.875,8.0,3.0,3.875,1016.875,116.5,7.0,64.25,14.375,14.5,5.875,14.5,4,1,2,2,0,0
2026-04-02,61.4500,61.4500,22.0,12.0,16.0,74.875,9.0,5.0,7.25,1016.875,158.0,10.0,39.625,16.5,16.125,12.125,16.125,4,2,3,2,0,0
