date,daily_kwh,interpolated_value,maxtempC,mintempC,avgtempC,humidity,sunHour,uvIndex,windspeedKmph,pressure,winddirDegree,visibility,cloudcover,HeatIndexC,WindChillC,WindGustKmph,FeelsLikeC,month,month_day,week_day,season,is_weekend,is_holiday
2019-04-04,159.9100,159.9100,22.0,13.0,17.0,63.875,13.0,4.0,6.625,1020.0,231.0,9.0,51.875,16.0,15.875,11.0,15.875,4,4,3,2,0,0
2019-04-05,155.9500,155.9500,28.0,15.0,20.0,46.25,13.0,6.0,7.375,1016.625,212.625,10.0,13.0,19.25,19.125,15.125,19.125,4,5,4,2,0,1
2019-04-06,156.8800,156.8800,31.0,15.0,23.0,34.875,13.0,6.0,5.625,1011.0,237.0,10.0,13.75,20.875,21.0,9.875,20.5,4,6,5,2,1,0
2019-04-07,1374.6000,1374.6000,32.0,18.0,24.0,37.375,13.0,6.0,7.25,1006.25,165.25,10.0,0.75,23.125,22.75,11.25,22.875,4,7,6,2,1,0
2019-04-08,1840.7500,1840.7500,31.0,19.0,24.0,39.75,13.0,6.0,13.375,998.5,77.25,10.0,8.875,24.25,24.0,23.375,24.25,4,8,0,2,0,0
2019-04-09,1397.6100,1397.6100,30.0,20.0,24.0,42.5,13.0,5.0,8.125,1005.875,165.75,9.875,22.375,23.5,23.5,17.875,23.5,4,9,1,2,0,0
2019-04-10,1801.3700,1801.3700,20.0,16.0,18.0,76.875,6.0,5.0,12.5,1011.0,143.125,8.25,71.875,18.25,18.25,24.5,18.25,4,10,2,2,0,0
2019-04-11,177.7500,177.7500,21.0,15.0,18.0,79.625,6.0,4.0,7.0,1013.25,221.125,10.0,72.75,17.875,17.875,12.0,17.875,4,11,3,2,0,0
2019-04-12,173.1499,173.1499,19.0,16.0,17.0,85.375,7.0,5.0,9.75,1010.5,182.125,7.25,70.375,17.625,17.625,15.625,17.625,4,12,4,2,0,0
2019-04-13,176.3900,176.3900,22.0,15.0,18.0,73.375,13.0,5.0,8.875,1013.375,154.375,10.0,48.5,19.25,18.625,16.875,19.0,4,13,5,2,1,0
2019-04-14,173.3000,173.3000,23.0,17.0,19.0,55.5,13.0,4.0,7.875,1019.875,206.625,9.25,44.25,19.125,18.625,16.25,18.75,4,14,6,2,1,0
2019-04-15,790.0200,790.0200,22.0,16.0,18.0,69.5,5.0,5.0,7.5,1016.375,119.625,8.25,69.125,18.125,17.875,14.875,17.875,4,15,0,2,0,0
2019-04-16,172.5500,172.5500,26.0,15.0,21.0,62.375,13.0,6.0,6.875,1015.375,185.25,10.0,22.0,20.0,19.625,13.75,19.875,4,16,1,2,0,0
2019-04-17,172.2900,172.2900,28.0,17.0,22.0,58.5,10.0,6.0,4.75,1008.625,148.5,10.0,41.375,21.625,20.875,10.0,21.25,4,17,2,2,0,0
2019-04-18,167.9599,167.9599,29.0,18.0,23.0,63.125,13.0,6.0,5.75,1004.0,188.375,10.0,35.125,23.75,22.875,10.875,23.375,4,18,3,2,0,0
2019-04-19,162.5500,162.5500,29.0,20.0,24.0,61.375,10.0,6.0,8.75,1003.75,40.625,9.375,58.75,24.625,23.625,14.375,24.625,4,19,4,2,0,0
2019-04-20,1466.5100,1466.5100,22.0,18.0,19.0,80.625,5.0,4.0,10.625,1007.75,159.0,8.75,69.0,19.5,19.5,23.75,19.5,4,20,5,2,1,0
2019-04-21,185.1900,185.1900,29.0,18.0,23.0,50.875,13.0,6.0,4.0,1009.125,164.875,10.0,21.0,22.0,22.0,9.125,22.0,4,21,6,2,1,0
2019-04-22,2130.1000,2130.1000,30.0,18.0,24.0,45.375,12.0,6.0,6.0,1007.0,184.5,10.0,22.25,23.875,23.625,11.625,23.875,4,22,0,2,0,0
2019-04-23,2031.5000,2031.5000,31.0,21.0,26.0,46.375,13.0,7.0,6.375,1006.75,228.75,10.0,30.0,25.375,24.75,12.0,25.0,4,23,1,2,0,0
2019-04-24,1976.8900,1976.8900,34.0,21.0,27.0,46.375,13.0,7.0,6.375,1006.25,143.75,10.0,11.875,27.5,26.625,12.75,27.5,4,24,2,2,0,0
2019-04-25,2130.0900,2130.0900,37.0,23.0,29.0,40.875,13.0,7.0,6.125,1005.875,183.625,10.0,4.25,28.375,27.625,12.625,28.0,4,25,3,2,0,0
2019-04-26,2243.5900,2243.5900,34.0,25.0,29.0,43.875,12.0,7.0,12.375,1004.375,72.5,9.875,34.125,29.0,27.625,21.5,29.0,4,26,4,2,0,0
2019-04-27,2853.1800,2853.1800,29.0,22.0,24.0,62.625,13.0,6.0,16.75,1004.0,71.875,8.625,47.25,25.625,23.75,30.375,25.375,4,27,5,2,1,0
2019-04-28,2573.9800,2573.9800,23.0,19.0,21.0,64.125,8.0,5.0,12.75,1009.25,113.625,8.25,75.75,21.125,20.625,26.125,21.125,4,28,6,2,1,0
2019-04-29,857.2600,857.2600,28.0,18.0,23.0,53.375,12.0,6.0,7.25,1012.125,159.625,10.0,31.125,22.25,21.875,13.25,22.25,4,29,0,2,0,0
2019-04-30,1316.6900,1316.6900,27.0,19.0,23.0,45.5,9.0,5.0,6.125,1013.625,123.125,8.875,44.5,22.375,21.875,12.375,22.125,4,30,1,2,0,0
2019-05-01,1326.6000,1326.6000,25.0,18.0,21.0,59.875,8.0,6.0,7.125,1011.75,158.75,9.25,49.75,20.75,19.875,11.5,20.375,5,1,2,2,0,1
2019-05-02,994.2299,994.2299,25.0,18.0,21.0,66.125,11.0,5.0,4.25,1014.25,158.0,9.5,64.625,21.5,20.875,9.375,21.5,5,2,3,2,0,0
2019-05-03,1407.4299,1407.4299,24.0,19.0,20.0,73.125,13.0,6.0,8.25,1013.0,169.375,7.625,64.125,21.375,20.375,11.25,20.625,5,3,4,2,0,0
2019-05-04,761.2600,761.2600,24.0,18.0,21.0,70.25,9.0,5.0,7.25,1012.25,95.375,7.875,73.875,21.25,20.625,11.625,21.25,5,4,5,2,1,0
2019-05-05,2062.9700,2062.9700,22.0,18.0,20.0,77.0,1.0,4.0,10.625,1011.75,53.25,7.25,86.0,20.0,19.625,16.0,19.625,5,5,6,2,1,0
2019-05-06,196.3800,196.3800,18.0,16.0,17.0,87.625,1.0,4.0,14.875,1011.75,21.25,7.375,96.375,17.625,17.625,22.75,17.625,5,6,0,2,0,0
2019-05-07,194.5400,194.5400,15.0,13.0,14.0,83.25,1.0,3.0,16.5,1013.375,50.75,7.5,94.0,14.375,13.5,31.0,13.5,5,7,1,2,0,0
2019-05-08,177.4400,177.4400,21.0,12.0,16.0,74.0,11.0,4.0,6.0,1014.625,223.125,8.625,60.125,15.875,15.625,12.0,15.625,5,8,2,2,0,0
2019-05-09,170.8400,170.8400,25.0,16.0,20.0,55.625,13.0,5.0,6.875,1013.125,253.5,9.75,33.875,20.0,19.5,14.25,19.75,5,9,3,2,0,0
2019-05-10,611.2200,611.2200,27.0,17.0,22.0,54.25,11.0,6.0,7.25,1012.125,282.125,10.0,31.75,21.125,20.5,11.375,21.125,5,10,4,2,0,0
2019-05-11,708.3499,708.3499,27.0,19.0,23.0,57.125,13.0,5.0,6.5,1012.0,242.875,9.5,51.375,22.25,21.75,10.75,21.875,5,11,5,2,1,0
2019-05-12,1138.4800,1138.4800,26.0,18.0,21.0,73.375,10.0,5.0,8.625,1011.5,162.25,9.0,72.375,21.75,21.125,13.125,21.75,5,12,6,2,1,0
2019-05-13,1462.7000,1462.7000,25.0,17.0,21.0,60.875,12.0,5.0,9.125,1012.5,66.375,8.875,50.875,21.125,20.375,16.375,20.75,5,13,0,2,0,0
2019-05-14,1356.0600,1356.0600,26.0,19.0,22.0,70.75,6.0,6.0,9.0,1006.875,153.375,8.625,68.0,22.5,21.75,12.75,22.25,5,14,1,2,0,0
2019-05-15,1078.1100,1078.1100,28.0,20.0,24.0,62.375,4.0,5.0,6.0,1008.875,193.125,9.5,61.25,23.5,22.875,11.125,23.5,5,15,2,2,0,0
2019-05-16,1429.3800,1429.3800,30.0,21.0,25.0,48.875,10.0,7.0,8.875,1006.0,160.875,10.0,33.375,25.375,24.0,12.875,25.0,5,16,3,2,0,0
2019-05-17,1600.2300,1600.2300,29.0,21.0,25.0,60.0,13.0,6.0,5.875,1005.25,168.125,9.875,52.875,25.125,24.0,11.375,24.75,5,17,4,2,0,0
2019-05-18,1621.7800,1621.7800,28.0,22.0,25.0,70.625,10.0,5.0,7.75,1003.125,93.25,6.75,69.625,25.875,24.25,12.5,25.375,5,18,5,2,1,0
2019-05-19,2174.2700,2174.2700,23.0,20.0,21.0,78.625,13.0,5.0,10.375,1013.125,153.625,8.375,67.875,22.875,21.0,17.75,21.75,5,19,6,2,1,0
2019-05-20,1049.9099,1049.9099,22.0,17.0,20.0,57.375,12.0,5.0,7.375,1018.25,214.125,9.875,34.375,20.375,19.75,11.25,19.75,5,20,0,2,0,0
2019-05-21,363.3700,363.3700,26.0,15.0,21.0,51.75,13.0,6.0,6.5,1015.25,181.5,10.0,23.125,20.5,20.375,10.0,20.5,5,21,1,2,0,0
2019-05-22,1257.2600,1257.2600,29.0,18.0,23.0,54.5,13.0,6.0,4.125,1013.125,212.5,10.0,32.875,22.875,21.875,8.0,22.5,5,22,2,2,0,0
2019-05-23,1581.2900,1581.2900,30.0,19.0,25.0,47.0,13.0,6.0,3.5,1009.75,176.5,10.0,15.0,23.75,23.25,9.0,23.75,5,23,3,2,0,0
2019-05-24,1988.3600,1988.3600,27.0,21.0,24.0,56.875,5.0,6.0,8.125,1006.375,203.75,9.125,60.125,24.625,23.0,13.25,23.875,5,24,4,2,0,0
2019-05-25,1585.1700,1585.1700,30.0,21.0,26.0,59.125,10.0,7.0,4.0,1003.375,73.125,10.0,49.625,25.75,24.25,7.625,25.75,5,25,5,2,1,0
2019-05-26,2780.6200,2780.6200,33.0,23.0,28.0,51.5,10.0,7.0,3.625,1005.875,165.875,9.875,40.25,28.0,26.125,10.875,27.75,5,26,6,2,1,0
2019-05-27,2220.4100,2220.4100,26.0,20.0,24.0,43.5,13.0,6.0,12.125,1012.0,129.0,10.0,54.25,24.375,23.125,21.625,24.125,5,27,0,2,0,0
2019-05-28,814.9800,814.9800,20.0,17.0,18.0,69.375,3.0,4.0,9.125,1017.0,50.375,6.0,83.125,18.25,18.25,14.625,18.25,5,28,1,2,0,0
2019-05-29,475.7800,475.7800,19.0,16.0,17.0,78.25,4.0,4.0,7.875,1013.875,105.25,8.0,84.875,17.0,17.0,14.125,17.0,5,29,2,2,0,0
2019-05-30,189.1500,189.1500,26.0,16.0,21.0,63.25,13.0,5.0,6.375,1013.875,238.375,10.0,51.375,21.0,20.125,11.375,21.0,5,30,3,2,0,0
2019-05-31,407.5800,407.5800,30.0,20.0,24.0,45.25,13.0,5.0,5.75,1011.625,181.625,10.0,48.625,23.875,23.375,11.375,23.875,5,31,4,2,0,0
2019-06-01,1289.3700,1289.3700,31.0,21.0,26.0,46.125,12.0,6.0,7.625,1010.25,243.0,10.0,32.5,25.0,24.0,14.625,24.625,6,1,5,3,1,0
2019-06-02,2278.2300,2278.2300,33.0,21.0,27.0,38.25,14.0,7.0,6.125,1006.375,205.875,10.0,3.5,25.25,25.0,11.375,24.875,6,2,6,3,1,0
2019-06-03,2817.9200,2817.9200,35.0,23.0,29.0,36.0,14.0,7.0,3.75,1004.5,200.625,10.0,3.125,28.625,26.75,7.5,27.5,6,3,0,3,0,0
2019-06-04,2533.1600,2533.1600,35.0,25.0,29.0,40.25,14.0,7.0,7.0,1001.125,94.75,9.875,17.25,29.25,28.625,10.75,29.25,6,4,1,3,0,0
2019-06-05,3346.5200,3346.5200,33.0,22.0,27.0,57.0,14.0,6.0,11.875,1002.375,192.875,9.375,29.375,27.375,26.0,20.875,27.125,6,5,2,3,0,0
2019-06-06,2727.8900,2727.8900,33.0,24.0,28.0,50.375,14.0,7.0,6.125,1006.625,159.625,10.0,21.25,28.25,27.125,14.0,28.25,6,6,3,3,0,0
2019-06-07,2784.1200,2784.1200,32.0,24.0,28.0,51.0,14.0,7.0,5.375,1006.25,69.0,10.0,28.125,28.625,27.25,11.125,28.625,6,7,4,3,0,1
2019-06-08,3315.1800,3315.1800,30.0,24.0,26.0,61.625,12.0,7.0,6.125,1005.75,187.875,9.125,47.875,27.75,26.125,10.25,27.75,6,8,5,3,1,0
2019-06-09,3301.5500,3301.5500,33.0,24.0,28.0,49.375,8.0,7.0,4.625,1004.875,187.875,10.0,34.25,28.375,27.25,11.875,28.375,6,9,6,3,1,0
2019-06-10,3132.9399,3132.9399,31.0,24.0,27.0,57.5,12.0,7.0,6.25,1004.75,60.5,9.75,53.625,28.0,26.5,10.5,28.0,6,10,0,3,0,0
2019-06-11,2956.3100,2956.3100,26.0,21.0,24.0,73.0,12.0,6.0,13.625,1005.625,35.125,8.375,62.25,26.0,24.375,23.75,26.0,6,11,1,3,0,0
2019-06-12,2103.2600,2103.2600,33.0,20.0,26.0,61.875,14.0,6.0,5.375,1007.25,221.0,10.0,35.125,27.0,25.75,11.375,26.625,6,12,2,3,0,0
2019-06-13,2902.4200,2902.4200,31.0,23.0,27.0,67.125,14.0,7.0,5.5,1005.875,152.25,9.75,30.25,28.875,26.625,13.875,28.625,6,13,3,3,0,0
2019-06-14,3245.8300,3245.8300,26.0,23.0,24.0,79.875,1.0,6.0,7.5,1003.625,62.875,8.875,73.125,26.375,24.625,12.0,26.375,6,14,4,3,0,0
2019-06-15,2133.7500,2133.7500,24.0,21.0,22.0,84.875,5.0,5.0,12.375,1004.375,46.5,7.125,81.0,25.125,22.625,23.625,24.5,6,15,5,3,1,0
2019-06-16,2322.0200,2322.0200,25.0,21.0,23.0,77.875,9.0,6.0,5.375,1006.875,171.625,9.375,47.75,25.125,22.75,8.375,24.5,6,16,6,3,1,0
2019-06-17,2361.0400,2361.0400,25.0,20.0,23.0,82.5,14.0,5.0,5.125,1007.5,143.125,9.0,68.0,25.125,23.25,9.75,24.75,6,17,0,3,0,0
2019-06-18,3066.2300,3066.2300,28.0,21.0,24.0,82.125,13.0,6.0,5.125,1006.625,137.625,9.875,52.125,26.0,23.625,9.25,25.25,6,18,1,3,0,0
2019-06-19,2644.3900,2644.3900,26.0,22.0,24.0,82.375,9.0,5.0,4.625,1003.125,89.625,10.0,67.5,26.625,24.375,11.5,26.625,6,19,2,3,0,0
2019-06-20,3163.8000,3163.8000,32.0,23.0,27.0,75.375,13.0,6.0,5.0,1000.375,130.5,10.0,58.875,29.375,26.625,9.5,29.375,6,20,3,3,0,0
2019-06-21,3517.2000,3517.2000,33.0,24.0,28.0,71.625,14.0,7.0,5.75,1000.75,118.375,9.875,61.0,31.0,28.125,12.875,31.0,6,21,4,3,0,0
2019-06-22,5382.5900,5382.5900,30.0,24.0,27.0,71.5,14.0,6.0,11.875,1003.75,43.0,10.0,58.5,28.875,26.75,20.25,28.875,6,22,5,3,1,0
2019-06-23,4828.6000,4828.6000,26.0,22.0,24.0,70.375,1.0,6.0,6.5,1007.625,108.5,10.0,78.625,26.125,24.5,14.875,26.125,6,23,6,3,1,0
2019-06-24,3140.7200,3140.7200,23.0,21.0,22.0,84.375,1.0,5.0,8.0,1008.125,36.25,7.75,89.375,24.875,22.375,12.5,23.375,6,24,0,3,0,0
2019-06-25,2705.1900,2705.1900,22.0,20.0,21.0,94.5,1.0,5.0,4.875,1009.25,101.5,5.5,92.875,22.5,21.375,8.75,22.0,6,25,1,3,0,0
2019-06-26,2504.9100,2504.9100,27.0,21.0,23.0,90.625,9.0,5.0,6.0,1003.625,103.125,6.625,85.375,25.875,23.25,11.0,24.5,6,26,2,3,0,0
2019-06-27,3262.9500,3262.9500,28.0,22.0,24.0,82.875,14.0,5.0,8.0,998.375,49.375,9.0,64.125,26.875,24.25,14.5,26.875,6,27,3,3,0,0
2019-06-28,3059.6500,3059.6500,29.0,22.0,25.0,76.5,10.0,7.0,8.375,1001.75,223.625,8.375,52.125,27.125,24.875,16.125,27.125,6,28,4,3,0,0
2019-06-29,3509.7200,3509.7200,31.0,23.0,26.0,72.25,12.0,7.0,5.875,1003.875,163.875,10.0,41.875,28.5,26.0,10.0,28.5,6,29,5,3,1,0
2019-06-30,3817.9100,3817.9100,32.0,22.0,27.0,69.5,14.0,7.0,3.375,1005.75,174.875,10.0,32.5,28.5,26.125,7.625,28.25,6,30,6,3,1,0
2019-07-01,4205.4800,4205.4800,34.0,21.0,28.0,58.75,14.0,7.0,5.5,1006.375,123.25,10.0,13.5,29.25,27.375,10.375,28.5,7,1,0,3,0,0
2019-07-02,4930.7300,4930.7300,33.0,24.0,28.0,60.75,13.0,7.0,5.625,1006.5,208.25,9.625,32.5,30.0,28.0,11.0,30.0,7,2,1,3,0,0
2019-07-03,3995.0800,3995.0800,25.0,21.0,23.0,80.875,2.0,5.0,6.875,1008.125,288.125,7.25,78.5,25.75,23.875,12.75,25.5,7,3,2,3,0,0
2019-07-04,3038.3200,3038.3200,24.0,19.0,21.0,88.125,12.0,5.0,6.0,1009.0,204.5,7.25,60.25,22.125,21.25,10.375,22.125,7,4,3,3,0,0
2019-07-05,2977.0700,2977.0700,30.0,18.0,24.0,79.375,14.0,6.0,6.5,1004.375,191.125,8.0,40.625,25.125,23.625,11.875,25.125,7,5,4,3,0,0
2019-07-06,4312.1000,4312.1000,29.0,22.0,25.0,79.75,13.0,7.0,3.875,1003.5,127.875,9.875,62.125,26.75,24.5,8.625,26.75,7,6,5,3,1,0
2019-07-07,4705.9400,4705.9400,24.0,21.0,23.0,75.875,9.0,6.0,6.625,1004.25,126.0,8.875,71.25,25.25,22.875,14.0,25.0,7,7,6,3,1,0
2019-07-08,3323.7400,3323.7400,27.0,20.0,23.0,85.25,8.0,5.0,5.875,1005.625,98.875,9.25,78.125,24.5,23.125,10.875,24.5,7,8,0,3,0,0
2019-07-09,3445.1700,3445.1700,30.0,21.0,25.0,81.375,7.0,5.0,4.25,1005.75,129.125,7.625,74.25,27.5,25.125,10.5,26.875,7,9,1,3,0,0
2019-07-10,3383.8099,3383.8099,30.0,23.0,25.0,76.0,13.0,6.0,4.5,1003.875,175.625,9.25,38.875,27.5,25.5,10.625,27.5,7,10,2,3,0,0
2019-07-11,4164.1900,4164.1900,23.0,20.0,21.0,94.5,2.0,6.0,13.625,1004.875,104.0,7.0,80.625,23.75,21.875,21.5,23.5,7,11,3,3,0,0
2019-07-12,2850.3300,2850.3300,26.0,21.0,23.0,82.125,13.0,5.0,7.125,1006.125,206.75,10.0,46.75,24.875,23.5,13.0,24.375,7,12,4,3,0,0
2019-07-13,3089.1700,3089.1700,31.0,20.0,25.0,72.25,14.0,7.0,5.625,1003.875,184.875,10.0,6.5,27.625,25.125,11.125,26.875,7,13,5,3,1,0
2019-07-14,4862.4600,4862.4600,30.0,22.0,26.0,73.25,11.0,7.0,3.75,1002.375,228.875,9.75,39.0,28.375,25.75,8.25,28.375,7,14,6,3,1,0
2019-07-15,5364.3099,5364.3099,24.0,21.0,22.0,89.375,5.0,5.0,4.25,1003.125,235.875,7.0,78.375,25.125,23.125,9.375,24.625,7,15,0,3,0,0
2019-07-16,3236.1900,3236.1900,26.0,21.0,23.0,94.5,1.0,5.0,9.125,1003.625,52.5,7.375,91.5,25.0,23.0,14.75,24.25,7,16,1,3,0,0
2019-07-17,3150.5299,3150.5299,29.0,22.0,24.0,90.875,7.0,5.0,6.875,1002.625,201.125,6.875,83.125,27.75,24.625,11.875,27.75,7,17,2,3,0,0
2019-07-18,4857.6200,4857.6200,32.0,23.0,27.0,78.25,10.0,7.0,5.75,1002.875,180.125,9.75,52.5,30.0,26.75,11.125,30.0,7,18,3,3,0,0
2019-07-19,5305.1000,5305.1000,30.0,24.0,27.0,80.875,3.0,7.0,9.0,1003.5,147.875,8.0,64.0,29.75,26.5,17.5,29.75,7,19,4,3,0,0
2019-07-20,5658.1700,5658.1700,31.0,24.0,27.0,79.25,5.0,6.0,5.0,1004.625,190.375,9.625,66.625,29.0,25.875,12.25,29.0,7,20,5,3,1,0
2019-07-21,5365.4200,5365.4200,32.0,24.0,27.0,78.25,9.0,7.0,5.75,1001.625,134.75,9.375,59.25,30.75,27.25,9.5,30.75,7,21,6,3,1,0
2019-07-22,6579.7000,6579.7000,26.0,23.0,25.0,89.875,5.0,5.0,11.0,1002.25,87.75,6.75,77.375,27.75,25.25,19.125,27.75,7,22,0,3,0,0
2019-07-23,5036.2500,5036.2500,31.0,23.0,26.0,75.875,13.0,7.0,6.25,1002.5,221.5,10.0,39.25,29.375,26.25,13.5,29.375,7,23,1,3,0,0
2019-07-24,6118.6700,6118.6700,30.0,24.0,26.0,83.5,11.0,6.0,4.5,1004.625,279.5,9.25,60.625,29.625,26.375,12.5,29.625,7,24,2,3,0,0
2019-07-25,5771.2600,5771.2600,31.0,24.0,27.0,75.0,14.0,7.0,6.75,1004.625,202.25,9.75,47.875,29.875,26.875,9.125,29.875,7,25,3,3,0,0
2019-07-26,4599.0300,4599.0300,32.0,24.0,28.0,76.625,14.0,7.0,4.875,1001.125,212.875,9.625,25.5,31.625,27.625,8.625,31.625,7,26,4,3,0,0
2019-07-27,6536.6000,6536.6000,33.0,25.0,29.0,79.5,5.0,7.0,6.375,999.5,104.625,8.375,58.5,33.75,28.625,12.5,33.75,7,27,5,3,1,0
2019-07-28,7663.7900,7663.7900,32.0,26.0,28.0,80.0,10.0,6.0,7.25,1000.0,101.375,7.5,61.875,33.25,28.375,14.375,33.25,7,28,6,3,1,0
2019-07-29,7565.0599,7565.0599,26.0,23.0,24.0,92.0,4.0,5.0,10.125,1003.5,32.25,7.25,89.375,26.875,24.375,21.5,26.875,7,29,0,3,0,0
2019-07-30,4723.4800,4723.4800,29.0,23.0,26.0,81.0,13.0,6.0,5.375,1005.875,142.625,9.75,50.0,28.125,25.375,12.375,28.125,7,30,1,3,0,0
2019-07-31,5283.0900,5283.0900,32.0,23.0,27.0,77.875,10.0,7.0,5.375,1006.5,66.0,9.75,35.875,30.0,26.625,9.0,30.0,7,31,2,3,0,0
2019-08-01,5932.2100,5932.2100,31.0,24.0,27.0,80.875,7.0,6.0,4.375,1005.875,230.75,8.25,76.875,29.625,26.5,9.25,29.625,8,1,3,3,0,0
2019-08-02,6264.8600,6264.8600,29.0,24.0,26.0,82.625,9.0,6.0,6.75,1003.25,117.75,7.625,64.875,28.25,25.375,16.125,28.25,8,2,4,3,0,0
2019-08-03,4174.9000,4174.9000,29.0,22.0,25.0,87.625,7.0,6.0,6.0,1004.625,135.125,7.0,73.625,28.375,25.125,14.75,28.375,8,3,5,3,1,0
2019-08-04,6135.6700,6135.6700,29.0,23.0,26.0,84.625,5.0,6.0,3.625,1005.75,133.875,8.375,66.75,29.125,25.875,8.25,29.125,8,4,6,3,1,0
2019-08-05,5212.8099,5212.8099,27.0,23.0,25.0,86.875,5.0,5.0,8.375,1005.75,205.625,8.875,78.625,27.125,24.375,13.0,27.125,8,5,0,3,0,0
2019-08-06,5714.4699,5714.4699,27.0,21.0,23.0,89.0,6.0,5.0,10.5,1005.625,188.5,7.625,68.125,25.625,23.625,21.875,25.625,8,6,1,3,0,0
2019-08-07,4952.8700,4952.8700,32.0,21.0,26.0,78.625,13.0,7.0,3.375,1003.625,232.5,10.0,8.375,28.0,25.5,6.75,28.0,8,7,2,3,0,0
2019-08-08,6448.6000,6448.6000,31.0,23.0,27.0,77.375,4.0,7.0,6.625,1003.375,191.5,9.5,55.0,29.875,26.5,11.375,29.875,8,8,3,3,0,0
2019-08-09,6448.6000,6448.6000,31.0,24.0,27.0,78.75,12.0,6.0,6.125,1005.125,240.0,9.625,54.625,29.625,26.5,12.875,29.625,8,9,4,3,0,0
2019-08-10,5910.5800,5910.5800,34.0,24.0,28.0,67.375,13.0,7.0,5.75,1003.625,230.625,10.0,11.125,31.0,27.625,10.125,31.0,8,10,5,3,1,0
2019-08-11,6439.2600,6439.2600,36.0,24.0,30.0,61.75,13.0,7.0,6.0,1000.875,210.75,10.0,0.0,32.625,28.875,11.625,32.625,8,11,6,3,1,0
2019-08-12,6404.4300,6404.4300,36.0,26.0,30.0,60.875,13.0,7.0,5.25,1001.125,168.75,10.0,4.375,33.375,29.625,7.25,33.375,8,12,0,3,0,0
2019-08-13,6968.0900,6968.0900,34.0,25.0,29.0,66.0,10.0,7.0,5.875,1002.25,196.0,9.25,31.75,32.5,28.875,10.625,32.5,8,13,1,3,0,0
2019-08-14,7031.3099,7031.3099,34.0,25.0,28.0,61.625,13.0,6.0,12.5,1005.625,232.875,9.625,26.25,30.75,28.25,21.5,30.75,8,14,2,3,0,0
2019-08-15,6649.2000,6649.2000,35.0,24.0,29.0,64.25,13.0,7.0,7.125,1002.875,215.75,10.0,1.875,31.75,28.25,11.625,31.75,8,15,3,3,0,0
2019-08-16,6234.7199,6234.7199,35.0,25.0,29.0,60.375,13.0,7.0,6.0,1001.0,178.375,10.0,3.75,32.25,29.25,8.375,32.25,8,16,4,3,0,0
2019-08-17,6252.1299,6252.1299,35.0,25.0,30.0,56.875,13.0,7.0,4.5,1001.625,220.25,10.0,10.125,32.125,29.375,7.625,32.125,8,17,5,3,1,0
2019-08-18,6738.8500,6738.8500,31.0,26.0,28.0,64.375,13.0,7.0,7.625,1001.875,134.5,10.0,46.5,30.875,28.375,14.875,30.875,8,18,6,3,1,0
2019-08-19,7034.5900,7034.5900,30.0,25.0,27.0,77.625,5.0,6.0,8.125,1003.5,19.125,8.375,80.125,28.625,26.25,17.5,28.625,8,19,0,3,0,0
2019-08-20,5049.4500,5049.4500,30.0,25.0,27.0,86.0,6.0,6.0,10.25,1005.625,39.25,5.375,73.5,29.75,26.375,23.25,29.75,8,20,1,3,0,0
2019-08-21,6141.8400,6141.8400,29.0,24.0,26.0,82.25,7.0,6.0,12.0,1006.625,114.625,8.375,63.125,28.75,25.875,19.875,28.75,8,21,2,3,0,0
2019-08-22,5626.7000,5626.7000,31.0,24.0,27.0,81.125,9.0,6.0,8.75,1007.75,179.75,8.5,51.75,29.875,26.75,15.375,29.875,8,22,3,3,0,0
2019-08-23,6384.7000,6384.7000,32.0,24.0,27.0,72.625,6.0,6.0,5.0,1009.125,208.25,9.0,54.125,30.375,27.375,12.125,30.375,8,23,4,3,0,0
2019-08-24,5885.6399,5885.6399,33.0,24.0,28.0,68.625,12.0,7.0,5.0,1008.125,177.75,9.625,27.375,31.375,28.0,10.0,31.375,8,24,5,3,1,0
2019-08-25,6709.1700,6709.1700,33.0,26.0,29.0,66.75,13.0,7.0,4.75,1006.5,183.75,9.625,24.25,32.0,28.75,10.875,32.0,8,25,6,3,1,0
2019-08-26,6623.0600,6623.0600,34.0,26.0,29.0,67.875,9.0,7.0,5.875,1004.625,170.75,9.75,48.875,32.875,29.0,11.75,32.875,8,26,0,3,0,0
2019-08-27,7263.0300,7263.0300,29.0,25.0,27.0,74.5,13.0,6.0,4.875,1008.5,280.75,9.25,49.625,29.375,26.875,12.0,29.375,8,27,1,3,0,0
2019-08-28,5789.9699,5789.9699,32.0,25.0,28.0,66.0,12.0,7.0,6.75,1011.0,164.25,9.625,38.0,29.75,27.5,13.25,29.75,8,28,2,3,0,0
2019-08-29,5791.5599,5791.5599,31.0,24.0,27.0,66.75,9.0,7.0,4.25,1012.0,244.0,10.0,32.875,28.5,26.75,9.5,28.5,8,29,3,3,0,0
2019-08-30,5834.5300,5834.5300,26.0,22.0,24.0,74.875,11.0,6.0,5.75,1012.375,138.875,9.25,56.625,26.0,24.125,10.125,26.0,8,30,4,3,0,0
2019-08-31,4642.5199,4642.5199,22.0,20.0,21.0,84.5,5.0,6.0,5.875,1014.375,208.875,7.0,78.25,22.75,21.625,9.375,22.5,8,31,5,3,1,0
2019-09-01,3018.9800,3018.9800,27.0,20.0,22.0,81.375,12.0,6.0,4.5,1013.75,153.5,10.0,48.75,23.625,22.25,6.5,23.25,9,1,6,4,1,0
2019-09-02,4436.8700,4436.8700,23.0,21.0,22.0,86.625,9.0,5.0,7.25,1014.5,79.75,9.5,69.5,23.875,21.625,10.5,22.25,9,2,0,4,0,0
2019-09-03,3543.4900,3543.4900,24.0,21.0,22.0,83.5,7.0,5.0,6.625,1011.75,109.5,7.75,74.5,23.5,22.125,8.75,23.0,9,3,1,4,0,0
2019-09-04,2005.6200,2005.6200,22.0,21.0,22.0,91.75,1.0,5.0,8.875,1009.25,56.75,6.625,93.5,24.5,21.75,16.875,22.625,9,4,2,4,0,0
2019-09-05,2250.0200,2250.0200,27.0,21.0,23.0,82.375,8.0,5.0,5.125,1008.25,138.75,10.0,73.625,24.875,23.25,9.5,24.625,9,5,3,4,0,0
2019-09-06,2597.9400,2597.9400,28.0,21.0,24.0,80.625,6.0,5.0,5.5,1006.0,93.625,10.0,65.125,26.125,24.0,7.625,25.125,9,6,4,4,0,0
2019-09-07,3806.6900,3806.6900,27.0,23.0,24.0,81.375,7.0,5.0,5.875,1005.0,106.5,7.375,77.625,26.375,24.25,12.125,26.375,9,7,5,4,1,0
2019-09-08,4004.5299,4004.5299,28.0,23.0,25.0,83.375,5.0,5.0,7.125,1004.5,94.75,9.875,82.25,26.875,24.75,12.625,26.875,9,8,6,4,1,0
2019-09-09,4501.9600,4501.9600,29.0,23.0,25.0,82.75,13.0,6.0,8.875,1004.25,37.25,8.375,72.0,27.625,25.125,14.875,27.625,9,9,0,4,0,0
2019-09-10,4328.9200,4328.9200,26.0,22.0,24.0,78.75,5.0,5.0,12.75,1007.625,31.625,10.0,81.0,26.125,24.125,22.25,26.125,9,10,1,4,0,0
2019-09-11,3105.7100,3105.7100,26.0,22.0,24.0,87.625,1.0,5.0,8.25,1009.25,36.125,9.625,91.125,26.375,24.0,11.875,26.375,9,11,2,4,0,0
2019-09-12,3648.4400,3648.4400,29.0,23.0,25.0,88.0,8.0,6.0,6.375,1007.25,49.75,7.125,78.375,28.375,25.0,13.75,28.375,9,12,3,4,0,0
2019-09-13,4263.9600,4263.9600,23.0,19.0,20.0,90.5,1.0,5.0,15.125,1011.375,49.375,5.5,84.625,20.5,20.25,29.0,20.5,9,13,4,4,0,1
2019-09-14,222.4300,222.4300,20.0,17.0,18.0,90.375,1.0,4.0,2.375,1015.0,136.5,7.375,90.625,19.375,19.125,8.75,19.125,9,14,5,4,1,0
2019-09-15,1694.4500,1694.4500,20.0,17.0,18.0,91.875,6.0,4.0,4.125,1016.0,226.5,6.0,68.75,18.875,18.625,6.5,18.625,9,15,6,4,1,0
2019-09-16,1113.3900,1113.3900,23.0,18.0,20.0,83.375,11.0,6.0,4.625,1014.125,172.25,10.0,55.0,20.75,20.25,8.875,20.75,9,16,0,4,0,0
2019-09-17,1282.2500,1282.2500,23.0,19.0,20.0,79.75,8.0,5.0,5.375,1016.625,154.5,9.375,66.25,21.25,20.375,10.875,21.0,9,17,1,4,0,0
2019-09-18,204.9700,204.9700,23.0,19.0,21.0,75.125,12.0,6.0,6.75,1019.375,156.875,10.0,42.125,22.25,21.125,13.5,21.875,9,18,2,4,0,0
2019-09-19,1546.8700,1546.8700,20.0,18.0,19.0,83.125,8.0,4.0,8.625,1019.25,90.625,6.75,67.5,19.125,19.125,13.875,19.125,9,19,3,4,0,0
2019-09-20,206.5900,206.5900,25.0,18.0,21.0,71.375,13.0,6.0,8.5,1021.0,209.875,10.0,32.5,21.75,20.875,15.125,21.75,9,20,4,4,0,0
2019-09-21,1134.8400,1134.8400,28.0,18.0,23.0,56.5,13.0,6.0,4.75,1020.125,174.5,10.0,27.375,23.25,22.5,8.625,23.0,9,21,5,4,1,0
2019-09-22,1892.4800,1892.4800,28.0,19.0,23.0,59.875,12.0,6.0,6.0,1021.0,133.0,10.0,15.5,23.625,22.75,9.25,23.625,9,22,6,4,1,0
2019-09-23,2482.2500,2482.2500,22.0,20.0,21.0,70.0,9.0,6.0,7.125,1022.5,62.125,9.75,53.25,21.5,20.75,13.75,20.75,9,23,0,4,0,0
2019-09-24,210.8000,210.8000,20.0,17.0,18.0,80.25,8.0,5.0,6.875,1025.375,291.875,7.75,63.75,18.625,18.625,13.5,18.625,9,24,1,4,0,0
2019-09-25,538.2500,538.2500,26.0,15.0,20.0,66.625,12.0,6.0,8.0,1024.125,182.0,10.0,14.625,20.25,19.625,12.375,20.25,9,25,2,4,0,0
2019-09-26,1745.9400,1745.9400,25.0,17.0,21.0,68.375,11.0,6.0,4.125,1022.125,153.875,9.875,42.875,21.125,20.5,7.375,21.125,9,26,3,4,0,0
2019-09-27,993.5899,993.5899,27.0,18.0,22.0,63.625,8.0,6.0,4.125,1020.5,104.75,10.0,54.375,22.0,21.375,7.125,22.0,9,27,4,4,0,0
2019-09-28,1428.5800,1428.5800,28.0,19.0,23.0,60.75,12.0,6.0,4.375,1018.125,148.875,9.875,56.25,23.375,22.5,7.0,23.125,9,28,5,4,1,0
2019-09-29,1996.8100,1996.8100,27.0,20.0,23.0,64.875,9.0,6.0,5.625,1015.375,149.25,10.0,54.75,24.125,22.75,9.125,23.75,9,29,6,4,1,0
2019-09-30,2327.6900,2327.6900,26.0,21.0,23.0,68.375,6.0,6.0,5.25,1012.0,70.625,9.5,59.0,24.25,22.75,9.625,24.25,9,30,0,4,0,0
2019-10-01,1858.7900,1858.7900,26.0,21.0,23.0,72.5,6.0,6.0,9.25,1010.25,56.625,9.875,60.125,25.125,22.875,16.125,24.125,10,1,1,4,0,1
2019-10-02,2267.7600,2267.7600,24.0,20.0,22.0,71.875,3.0,6.0,5.625,1011.375,76.75,9.0,75.75,23.5,21.75,11.5,22.5,10,2,2,4,0,1
2019-10-03,2319.5900,2319.5900,23.0,21.0,22.0,82.625,1.0,6.0,7.875,1010.5,44.375,6.375,79.125,24.0,22.0,11.5,22.625,10,3,3,4,0,1
2019-10-04,2197.1600,2197.1600,23.0,21.0,22.0,80.0,2.0,5.0,7.75,1014.0,91.375,7.625,78.25,23.75,21.75,11.75,21.75,10,4,4,4,0,1
2019-10-05,1955.7599,1955.7599,24.0,19.0,21.0,83.25,10.0,6.0,5.5,1015.625,186.125,9.75,66.875,21.75,21.125,8.625,21.75,10,5,5,4,1,0
2019-10-06,2217.9100,2217.9100,21.0,19.0,20.0,77.875,3.0,4.0,8.625,1015.875,44.25,10.0,85.75,20.375,20.0,16.875,20.0,10,6,6,4,1,0
2019-10-07,1635.7400,1635.7400,22.0,19.0,20.0,72.75,1.0,4.0,5.75,1019.125,68.75,10.0,87.5,20.75,20.0,10.75,20.0,10,7,0,4,0,1
2019-10-08,1321.5800,1321.5800,21.0,17.0,19.0,71.375,4.0,4.0,5.375,1019.0,123.5,10.0,80.25,19.25,18.875,10.625,18.875,10,8,1,4,0,0
2019-10-09,724.5000,724.5000,20.0,17.0,18.0,69.625,2.0,4.0,7.25,1013.25,44.875,10.0,85.25,18.25,18.25,14.375,18.25,10,9,2,4,0,0
2019-10-10,189.9900,189.9900,22.0,18.0,20.0,66.0,11.0,4.0,5.375,1015.0,175.75,10.0,37.75,20.125,19.875,9.625,19.875,10,10,3,4,0,0
2019-10-11,189.2800,189.2800,26.0,18.0,21.0,60.375,11.0,6.0,6.375,1015.5,176.25,10.0,12.25,21.5,21.125,8.5,21.5,10,11,4,4,0,0
2019-10-12,1127.5500,1127.5500,25.0,16.0,20.0,62.875,11.0,6.0,4.875,1017.875,140.875,10.0,22.625,20.75,20.0,9.625,20.375,10,12,5,4,1,0
2019-10-13,876.9500,876.9500,22.0,18.0,20.0,70.25,8.0,5.0,7.25,1020.875,71.625,9.875,57.25,19.625,19.25,9.25,19.25,10,13,6,4,1,0
2019-10-14,195.9100,195.9100,21.0,17.0,19.0,64.375,9.0,5.0,6.875,1025.75,137.5,10.0,71.75,19.375,19.0,10.75,19.0,10,14,0,4,0,0
2019-10-15,188.8600,188.8600,19.0,17.0,18.0,80.75,5.0,4.0,5.625,1022.375,66.125,6.375,81.375,17.625,17.625,8.875,17.625,10,15,1,4,0,0
2019-10-16,189.1500,189.1500,21.0,16.0,18.0,71.75,11.0,4.0,8.0,1024.0,57.0,9.0,66.5,18.25,18.25,13.75,18.25,10,16,2,4,0,0
2019-10-17,169.8800,169.8800,23.0,16.0,19.0,65.25,11.0,5.0,9.375,1023.75,240.25,9.625,48.625,19.375,18.875,14.5,19.125,10,17,3,4,0,0
2019-10-18,166.4700,166.4700,22.0,15.0,19.0,67.0,10.0,5.0,4.625,1021.125,171.375,10.0,45.0,18.75,18.25,8.875,18.25,10,18,4,4,0,0
2019-10-19,161.0300,161.0300,23.0,16.0,19.0,67.25,6.0,5.0,6.25,1019.0,69.5,10.0,70.375,19.75,19.125,10.625,19.75,10,19,5,4,1,0
2019-10-20,696.8300,696.8300,20.0,19.0,19.0,71.625,1.0,4.0,3.25,1019.125,192.375,10.0,87.75,19.5,19.125,8.125,19.125,10,20,6,4,1,0
2019-10-21,552.0999,552.0999,19.0,17.0,18.0,79.25,6.0,4.0,5.25,1015.125,201.125,7.625,77.625,18.0,18.0,11.125,18.0,10,21,0,4,0,0
2019-10-22,192.6300,192.6300,23.0,16.0,19.0,75.0,11.0,4.0,9.25,1012.875,68.375,9.5,61.25,19.375,18.75,12.25,19.125,10,22,1,4,0,0
2019-10-23,185.7700,185.7700,22.0,17.0,19.0,72.625,10.0,5.0,5.625,1015.125,51.25,10.0,58.875,19.0,19.0,10.625,19.0,10,23,2,4,0,0
2019-10-24,187.7600,187.7600,19.0,12.0,15.0,87.875,1.0,4.0,10.875,1018.75,33.25,7.25,95.5,15.375,15.0,20.625,15.0,10,24,3,4,0,0
2019-10-25,187.5300,187.5300,14.0,13.0,14.0,83.75,1.0,3.0,5.5,1023.75,90.625,9.5,96.75,13.375,13.375,7.0,13.375,10,25,4,4,0,0
2019-10-26,160.6500,160.6500,13.0,12.0,13.0,82.625,1.0,3.0,5.0,1024.5,173.125,7.25,90.125,12.625,12.75,7.75,12.75,10,26,5,4,1,0
2019-10-27,158.5300,158.5300,18.0,12.0,15.0,73.5,10.0,3.0,5.25,1021.125,155.0,9.375,51.5,14.375,14.5,9.5,14.5,10,27,6,4,1,0
2019-10-28,155.3200,155.3200,24.0,14.0,18.0,60.75,11.0,5.0,7.875,1023.25,172.875,10.0,4.75,16.875,16.5,10.5,16.625,10,28,0,4,0,0
2019-10-29,152.8900,152.8900,22.0,14.0,17.0,65.5,11.0,5.0,5.0,1020.75,103.375,10.0,20.625,16.875,16.875,8.25,16.875,10,29,1,4,0,0
2019-10-30,161.4100,161.4100,22.0,14.0,18.0,63.25,11.0,4.0,4.25,1021.625,114.125,10.0,53.0,18.25,17.625,7.0,17.875,10,30,2,4,0,0
2019-10-31,163.5100,163.5100,18.0,16.0,17.0,70.875,1.0,4.0,3.5,1019.75,134.875,8.0,92.0,17.0,17.0,10.5,17.0,10,31,3,4,0,0
2019-11-01,183.4400,183.4400,18.0,15.0,16.0,82.0,2.0,4.0,6.5,1019.625,45.625,7.875,86.125,16.0,16.0,13.0,16.0,11,1,4,4,0,0
2019-11-02,173.5000,173.5000,22.0,15.0,18.0,74.125,9.0,4.0,5.75,1021.0,200.75,8.75,41.375,18.125,17.75,8.125,18.125,11,2,5,4,1,0
2019-11-03,174.2900,174.2900,21.0,14.0,17.0,75.125,11.0,5.0,4.0,1021.5,125.5,9.875,49.0,17.0,17.125,6.875,17.125,11,3,6,4,1,0
2019-11-04,174.4100,174.4100,17.0,15.0,16.0,80.0,1.0,5.0,4.75,1022.125,83.375,6.25,82.375,15.75,15.875,9.375,15.875,11,4,0,4,0,0
2019-11-05,182.3500,182.3500,15.0,14.0,14.0,86.5,1.0,3.0,5.875,1017.75,63.625,5.0,100.0,14.625,14.75,11.5,14.75,11,5,1,4,0,0
2019-11-06,169.7100,169.7100,18.0,13.0,15.0,75.0,9.0,4.0,5.625,1017.375,56.875,10.0,51.5,15.25,15.25,11.375,15.25,11,6,2,4,0,0
2019-11-07,157.8200,157.8200,20.0,12.0,16.0,69.625,7.0,5.0,3.875,1020.625,251.125,10.0,53.25,15.5,15.625,7.5,15.625,11,7,3,4,0,0
2019-11-08,154.6700,154.6700,17.0,15.0,16.0,73.5,4.0,4.0,4.125,1021.75,118.5,10.0,90.375,15.75,15.875,6.625,15.875,11,8,4,4,0,0
2019-11-09,164.1200,164.1200,16.0,15.0,15.0,81.375,1.0,4.0,5.625,1021.125,51.25,8.0,88.625,15.125,15.125,9.25,15.125,11,9,5,4,1,0
2019-11-10,165.9500,165.9500,21.0,14.0,17.0,69.5,11.0,4.0,6.125,1020.75,161.625,10.0,51.75,17.0,17.125,9.75,17.125,11,10,6,4,1,0
2019-11-11,161.8800,161.8800,19.0,15.0,17.0,70.5,10.0,5.0,5.625,1012.75,74.375,10.0,50.75,16.0,16.125,8.875,16.125,11,11,0,4,0,0
2019-11-12,167.3800,167.3800,18.0,14.0,16.0,68.375,4.0,4.0,7.5,1015.875,32.375,10.0,79.875,16.25,16.375,12.75,16.375,11,12,1,4,0,0
2019-11-13,160.6099,160.6099,18.0,13.0,16.0,43.625,11.0,4.0,5.5,1030.5,171.125,10.0,21.375,15.0,15.0,10.625,15.0,11,13,2,4,0,0
2019-11-14,114.0300,114.0300,19.0,11.0,14.0,48.625,11.0,4.0,5.625,1023.375,104.75,10.0,11.625,14.125,14.125,8.75,14.125,11,14,3,4,0,0
2019-11-15,115.1000,115.1000,18.0,11.0,14.0,57.875,11.0,4.0,5.875,1015.5,53.75,10.0,34.0,13.25,13.375,9.0,13.375,11,15,4,4,0,0
2019-11-16,136.6400,136.6400,19.0,12.0,15.0,58.75,11.0,5.0,4.375,1011.625,228.375,10.0,30.125,14.25,14.375,9.125,14.375,11,16,5,4,1,0
2019-11-17,145.4900,145.4900,18.0,11.0,15.0,49.75,8.0,4.0,10.0,1017.0,152.0,9.625,50.125,13.875,13.625,17.125,13.625,11,17,6,4,1,0
2019-11-18,124.6200,124.6200,12.0,8.0,11.0,50.875,8.0,3.0,8.375,1028.875,210.875,10.0,77.125,11.25,10.5,12.125,10.5,11,18,0,4,0,0
2019-11-19,59.6500,59.6500,13.0,7.0,10.0,65.875,2.0,3.0,2.625,1024.625,150.375,8.375,88.75,10.625,10.75,5.375,10.75,11,19,1,4,0,0
2019-11-20,128.6400,128.6400,12.0,10.0,11.0,80.125,1.0,3.0,3.5,1023.875,83.75,6.0,100.0,11.0,11.375,5.875,11.375,11,20,2,4,0,0
2019-11-21,143.0000,143.0000,14.0,9.0,11.0,77.75,5.0,3.0,3.25,1021.5,179.875,10.0,68.5,11.0,11.25,8.0,11.25,11,21,3,4,0,0
2019-11-22,137.0000,137.0000,15.0,11.0,12.0,65.25,8.0,4.0,3.625,1017.0,115.5,10.0,70.5,12.25,12.375,7.125,12.375,11,22,4,4,0,0
2019-11-23,148.4800,148.4800,16.0,12.0,14.0,59.625,11.0,3.0,5.375,1017.125,146.375,10.0,45.375,13.125,13.125,10.25,13.125,11,23,5,4,1,0
2019-11-24,146.3800,146.3800,14.0,9.0,10.0,74.125,1.0,3.0,6.375,1025.5,115.0,7.25,93.0,10.75,10.5,13.0,10.5,11,24,6,4,1,0
2019-11-25,141.9100,141.9100,12.0,8.0,10.0,63.25,11.0,3.0,3.875,1028.75,175.625,10.0,52.25,9.375,9.125,8.875,9.125,11,25,0,4,0,0
2019-11-26,123.2100,123.2100,12.0,8.0,9.0,69.125,9.0,2.0,5.875,1024.25,49.75,10.0,67.875,9.375,8.625,13.375,8.625,11,26,1,4,0,0
2019-11-27,132.7000,132.7000,14.0,7.0,10.0,66.0,7.0,3.0,5.0,1027.625,128.125,10.0,59.75,9.875,9.75,7.5,9.75,11,27,2,4,0,0
2019-11-28,135.8500,135.8500,11.0,10.0,10.0,73.0,5.0,4.0,5.625,1026.625,46.5,10.0,68.5,10.375,10.0,8.75,10.0,11,28,3,4,0,0
2019-11-29,140.2200,140.2200,12.0,9.0,10.0,71.625,4.0,3.0,8.0,1022.25,36.5,10.0,81.375,10.125,9.125,12.125,9.125,11,29,4,4,0,0
2019-11-30,143.8000,143.8000,11.0,8.0,9.0,60.625,10.0,2.0,10.125,1025.25,61.625,9.0,66.5,9.0,7.5,14.125,7.5,11,30,5,4,1,0
2019-12-01,128.4400,128.4400,13.0,6.0,9.0,49.875,11.0,3.0,8.25,1030.875,202.375,10.0,33.5,8.75,7.375,12.25,7.375,12,1,6,1,1,0
2019-12-02,110.5200,110.5200,14.0,6.0,9.0,44.625,11.0,3.0,5.5,1031.125,198.0,10.0,18.5,9.0,8.5,8.875,8.5,12,2,0,1,0,0
2019-12-03,109.4700,109.4700,14.0,5.0,9.0,50.25,11.0,3.0,3.625,1029.5,73.0,10.0,22.875,8.625,8.5,7.625,8.5,12,3,1,1,0,0
2019-12-04,119.1200,119.1200,13.0,7.0,10.0,48.375,5.0,4.0,4.375,1032.125,203.875,10.0,72.125,10.0,9.75,7.125,9.75,12,4,2,1,0,0
2019-12-05,122.0400,122.0400,15.0,7.0,11.0,50.5,11.0,4.0,6.25,1033.5,185.625,10.0,38.125,9.625,9.125,9.5,9.125,12,5,3,1,0,0
2019-12-06,127.7500,127.7500,15.0,9.0,11.0,56.75,11.0,4.0,4.75,1031.75,184.125,10.0,42.625,10.625,10.375,8.25,10.375,12,6,4,1,0,0
2019-12-07,125.2400,125.2400,14.0,9.0,11.0,53.0,11.0,4.0,5.125,1028.25,137.375,10.0,48.5,10.125,9.625,11.5,9.625,12,7,5,1,1,0
2019-12-08,132.0700,132.0700,15.0,9.0,12.0,61.5,11.0,4.0,5.25,1028.25,131.625,10.0,27.25,11.375,11.125,8.125,11.125,12,8,6,1,1,0
2019-12-09,131.0300,131.0300,16.0,8.0,12.0,66.75,11.0,4.0,4.875,1024.125,205.0,10.0,5.5,9.875,9.625,7.875,9.625,12,9,0,1,0,0
2019-12-10,131.3400,131.3400,16.0,7.0,11.0,59.125,11.0,4.0,3.875,1021.625,180.125,10.0,7.0,10.875,10.875,8.0,10.875,12,10,1,1,0,0
2019-12-11,131.8800,131.8800,15.0,8.0,12.0,59.875,11.0,4.0,4.125,1021.875,135.5,10.0,18.375,10.125,10.0,8.375,10.0,12,11,2,1,0,0
2019-12-12,133.7500,133.7500,15.0,9.0,12.0,64.5,10.0,3.0,4.625,1020.5,148.0,10.0,70.75,10.875,10.875,6.25,10.875,12,12,3,1,0,0
2019-12-13,143.4100,143.4100,14.0,9.0,11.0,67.375,11.0,4.0,4.625,1022.25,47.625,10.0,51.625,11.25,11.0,8.625,11.0,12,13,4,1,0,0
2019-12-14,141.8400,141.8400,14.0,9.0,12.0,66.0,11.0,3.0,5.375,1018.875,77.5,10.0,58.875,11.25,11.125,6.875,11.125,12,14,5,1,1,0
2019-12-15,141.9400,141.9400,16.0,8.0,11.0,64.875,11.0,4.0,3.125,1013.375,152.5,10.0,41.875,11.25,11.5,7.5,11.5,12,15,6,1,1,0
2019-12-16,138.7800,138.7800,16.0,10.0,13.0,61.0,11.0,4.0,6.125,1015.75,113.5,10.0,49.875,11.875,11.75,12.25,11.75,12,16,0,1,0,0
2019-12-17,141.5300,141.5300,14.0,8.0,12.0,49.875,8.0,4.0,5.5,1021.375,208.625,9.0,62.5,11.375,11.0,10.0,11.0,12,17,1,1,0,0
2019-12-18,105.0000,105.0000,11.0,7.0,9.0,61.375,9.0,2.0,10.0,1026.875,166.0,9.625,66.375,8.375,6.75,13.625,6.75,12,18,2,1,0,0
2019-12-19,92.8500,92.8500,12.0,5.0,8.0,62.75,11.0,3.0,6.0,1026.0,147.5,10.0,34.125,7.75,6.875,11.75,6.875,12,19,3,1,0,0
2019-12-20,115.5000,115.5000,10.0,6.0,8.0,71.0,3.0,3.0,5.125,1023.625,117.125,10.0,71.375,7.875,7.125,8.75,7.125,12,20,4,1,0,0
2019-12-21,127.6500,127.6500,11.0,6.0,8.0,70.25,9.0,2.0,4.75,1022.875,133.625,9.375,60.25,7.5,7.0,7.125,7.0,12,21,5,1,1,0
2019-12-22,114.9700,114.9700,11.0,6.0,8.0,73.75,3.0,3.0,3.375,1018.625,132.375,10.0,62.75,7.625,7.75,7.25,7.75,12,22,6,1,1,0
2019-12-23,130.8200,130.8200,11.0,7.0,9.0,61.25,8.0,2.0,4.25,1018.375,123.625,10.0,67.25,9.0,8.75,9.75,8.75,12,23,0,1,0,0
2019-12-24,133.9600,133.9600,11.0,8.0,9.0,64.375,4.0,2.0,5.0,1018.5,96.75,10.0,67.5,9.5,9.125,7.75,9.125,12,24,1,1,0,0
2019-12-25,137.9100,137.9100,12.0,8.0,10.0,64.125,2.0,2.0,7.875,1018.5,37.0,10.0,82.375,9.875,8.75,13.0,8.75,12,25,2,1,0,0
2019-12-26,131.3500,131.3500,12.0,6.0,8.0,33.5,11.0,3.0,6.5,1030.0,179.125,10.0,34.625,7.875,7.125,11.875,7.125,12,26,3,1,0,0
2019-12-27,63.3100,63.3100,12.0,4.0,7.0,45.25,11.0,3.0,4.375,1026.5,186.0,10.0,18.25,7.0,6.625,7.625,6.625,12,27,4,1,0,0
2019-12-28,75.6799,75.6799,11.0,3.0,7.0,61.125,10.0,3.0,4.625,1020.875,194.0,10.0,7.625,6.5,6.25,6.5,6.25,12,28,5,1,1,0
2019-12-29,87.9400,87.9400,12.0,5.0,8.0,67.375,10.0,3.0,3.5,1020.875,128.0,10.0,14.25,7.25,7.125,7.25,7.125,12,29,6,1,1,0
2019-12-30,122.6600,122.6600,13.0,6.0,9.0,61.875,10.0,2.0,6.0,1027.375,155.625,10.0,39.75,8.875,8.375,11.875,8.375,12,30,0,1,0,0
2019-12-31,121.5900,121.5900,13.0,6.0,9.0,63.125,6.0,3.0,4.25,1027.625,100.125,10.0,51.625,9.0,8.875,7.875,8.875,12,31,1,1,0,0
2020-01-01,128.8200,128.8200,12.0,8.0,10.0,59.125,5.0,3.0,3.5,1022.5,97.75,10.0,79.75,9.375,9.25,9.5,9.25,1,1,2,1,0,1
2020-01-02,137.5600,137.5600,11.0,8.0,10.0,55.125,1.0,3.0,3.125,1025.125,145.375,10.0,73.5,9.625,9.625,11.125,9.625,1,2,3,1,0,0
2020-01-03,136.9600,136.9600,15.0,7.0,10.0,52.25,10.0,4.0,5.125,1025.375,235.125,10.0,30.375,9.875,9.375,7.875,9.375,1,3,4,1,0,0
2020-01-04,124.3700,124.3700,13.0,7.0,10.0,54.75,9.0,3.0,5.125,1020.75,110.25,10.0,38.5,9.375,9.0,10.375,9.0,1,4,5,1,1,0
2020-01-05,129.7200,129.7200,12.0,8.0,10.0,60.5,7.0,3.0,3.875,1015.75,113.75,10.0,61.25,9.5,9.25,12.0,9.25,1,5,6,1,1,0
2020-01-06,136.4500,136.4500,14.0,8.0,10.0,53.75,7.0,3.0,7.25,1017.0,205.875,10.0,67.75,9.5,8.875,10.75,8.875,1,6,0,1,0,0
2020-01-07,69.1200,69.1200,14.0,5.0,9.0,57.125,10.0,2.0,6.75,1021.75,196.5,10.0,25.25,8.375,7.5,11.625,7.5,1,7,1,1,0,0
2020-01-08,140.5100,140.5100,13.0,5.0,9.0,54.875,10.0,3.0,3.25,1019.5,142.75,10.0,40.875,8.625,8.625,9.125,8.625,1,8,2,1,0,0
2020-01-09,140.5100,140.5100,11.0,7.0,9.0,63.375,10.0,2.0,5.75,1019.5,213.75,10.0,61.125,8.5,7.75,13.75,7.75,1,9,3,1,0,0
2020-01-10,125.0000,125.0000,12.0,7.0,9.0,59.625,10.0,2.0,5.625,1020.125,154.625,9.375,65.125,8.5,7.75,12.375,7.75,1,10,4,1,0,0
2020-01-11,107.9600,107.9600,15.0,5.0,9.0,57.5,10.0,3.0,6.5,1022.375,190.875,10.0,14.125,8.75,8.0,11.125,8.0,1,11,5,1,1,0
2020-01-12,100.3500,100.3500,14.0,4.0,9.0,60.5,10.0,3.0,6.0,1018.25,95.5,10.0,33.5,8.625,8.125,12.25,8.125,1,12,6,1,1,0
2020-01-13,119.2599,119.2599,11.0,8.0,9.0,62.375,10.0,2.0,6.125,1017.625,108.125,10.0,58.375,9.125,8.5,12.875,8.5,1,13,0,1,0,0
2020-01-14,125.1200,125.1200,11.0,6.0,8.0,64.375,5.0,3.0,5.375,1019.125,125.0,10.0,56.375,7.875,7.125,10.75,7.125,1,14,1,1,0,0
2020-01-15,124.7500,124.7500,9.0,7.0,8.0,71.125,1.0,2.0,6.0,1018.25,42.125,10.0,98.0,8.0,7.375,11.5,7.375,1,15,2,1,0,0
2020-01-16,129.5900,129.5900,10.0,6.0,8.0,74.0,1.0,2.0,5.25,1023.875,130.0,10.0,84.625,7.875,7.375,8.5,7.375,1,16,3,1,0,0
2020-01-17,126.5000,126.5000,11.0,7.0,8.0,69.75,4.0,2.0,5.125,1023.875,236.875,7.0,77.125,8.625,8.0,11.25,8.0,1,17,4,1,0,0
2020-01-18,129.8800,129.8800,11.0,6.0,8.0,62.5,6.0,3.0,6.125,1023.125,69.0,10.0,69.625,7.625,6.75,13.125,6.75,1,18,5,1,1,0
2020-01-19,129.4000,129.4000,13.0,5.0,9.0,49.125,10.0,2.0,6.375,1024.625,193.875,10.0,22.5,8.125,7.125,10.75,7.125,1,19,6,1,1,0
2020-01-20,110.1600,110.1600,13.0,5.0,8.0,47.75,10.0,3.0,5.5,1021.375,146.125,10.0,35.0,8.125,7.375,11.625,7.375,1,20,0,1,0,0
2020-01-21,116.8100,116.8100,12.0,6.0,9.0,53.25,10.0,3.0,4.875,1018.125,127.25,10.0,32.75,9.0,8.75,9.375,8.75,1,21,1,1,0,0
2020-01-22,123.6600,123.6600,13.0,7.0,10.0,57.875,10.0,3.0,4.125,1017.875,91.5,10.0,48.375,9.75,9.25,9.5,9.25,1,22,2,1,0,0
2020-01-23,125.2200,125.2200,14.0,8.0,10.0,58.375,10.0,3.0,6.125,1018.875,204.5,10.0,52.875,10.375,9.75,9.0,9.75,1,23,3,1,0,0
2020-01-24,134.5600,134.5600,12.0,7.0,10.0,68.625,2.0,2.0,8.625,1024.375,199.625,9.0,83.375,9.5,8.25,17.125,8.25,1,24,4,1,0,1
2020-01-25,123.6300,123.6300,12.0,5.0,8.0,62.25,8.0,2.0,7.0,1025.75,190.875,10.0,71.625,8.0,6.875,11.75,6.875,1,25,5,1,1,1
2020-01-26,88.6200,88.6200,10.0,5.0,7.0,71.0,8.0,3.0,6.125,1023.0,105.0,10.0,64.875,7.25,6.25,11.75,6.25,1,26,6,1,1,1
2020-01-27,106.3400,106.3400,9.0,6.0,7.0,71.625,1.0,2.0,7.375,1020.5,213.625,8.125,83.25,7.125,5.75,14.25,5.75,1,27,0,1,0,1
2020-01-28,121.8500,121.8500,11.0,5.0,8.0,61.5,7.0,2.0,4.5,1022.375,219.875,10.0,61.625,7.125,6.625,9.375,6.625,1,28,1,1,0,1
2020-01-29,122.3400,122.3400,13.0,5.0,9.0,55.375,11.0,3.0,4.25,1025.625,234.625,10.0,12.5,7.625,7.375,7.25,7.375,1,29,2,1,0,1
2020-01-30,118.9700,118.9700,12.0,6.0,9.0,58.875,11.0,3.0,4.125,1023.5,223.25,9.875,39.625,8.375,8.125,7.5,8.125,1,30,3,1,0,1
2020-01-31,121.8400,121.8400,12.0,7.0,9.0,68.75,7.0,2.0,7.125,1020.75,65.25,10.0,64.5,8.875,7.875,11.0,7.875,1,31,4,1,0,1
2020-02-01,124.5000,124.5000,12.0,6.0,9.0,71.125,8.0,2.0,5.25,1020.0,60.25,8.75,62.25,9.375,9.125,12.125,9.125,2,1,5,1,1,1
2020-02-02,124.7300,124.7300,14.0,8.0,10.0,60.25,7.0,3.0,6.25,1024.625,131.375,10.0,69.625,10.125,9.5,12.0,9.5,2,2,6,1,1,1
2020-02-03,123.3900,123.3900,14.0,5.0,10.0,57.0,11.0,2.0,5.375,1024.625,168.875,10.0,31.625,9.375,9.125,10.0,9.125,2,3,0,1,0,0
2020-02-04,125.0399,125.0399,13.0,6.0,10.0,60.5,7.0,3.0,4.75,1022.375,183.5,10.0,48.75,9.125,9.0,8.75,9.0,2,4,1,1,0,0
2020-02-05,128.1300,128.1300,12.0,9.0,10.0,63.625,8.0,3.0,4.5,1019.0,190.0,10.0,70.0,9.625,9.5,10.25,9.5,2,5,2,1,0,0
2020-02-06,132.6500,132.6500,15.0,7.0,11.0,63.75,11.0,3.0,7.375,1020.5,198.875,9.0,49.625,10.375,9.375,12.25,9.375,2,6,3,1,0,0
2020-02-07,127.8700,127.8700,12.0,8.0,10.0,68.625,7.0,3.0,5.375,1024.875,68.5,9.875,54.875,9.5,8.875,11.75,8.875,2,7,4,1,0,0
2020-02-08,133.0000,133.0000,14.0,8.0,10.0,64.75,7.0,3.0,4.875,1028.75,104.0,9.875,68.0,9.5,9.0,9.5,9.0,2,8,5,1,1,0
2020-02-09,131.1600,131.1600,17.0,6.0,11.0,56.0,11.0,3.0,5.625,1029.0,224.0,10.0,26.25,10.25,10.375,9.375,10.375,2,9,6,1,1,0
2020-02-10,124.1000,124.1000,16.0,7.0,12.0,55.625,10.0,4.0,3.75,1020.375,174.375,10.0,48.125,11.125,11.125,8.25,11.125,2,10,0,1,0,0
2020-02-11,123.4900,123.4900,17.0,7.0,12.0,60.875,11.0,4.0,5.0,1017.5,198.25,10.0,33.625,11.875,11.875,7.875,11.875,2,11,1,1,0,0
2020-02-12,127.1600,127.1600,18.0,8.0,13.0,62.75,10.0,4.0,4.25,1016.125,132.875,10.0,50.5,12.375,12.625,9.25,12.625,2,12,2,1,0,0
2020-02-13,129.1600,129.1600,19.0,9.0,14.0,63.5,8.0,4.0,4.5,1010.875,166.0,10.0,49.75,13.25,13.25,9.875,13.25,2,13,3,1,0,0
2020-02-14,128.7200,128.7200,14.0,11.0,13.0,56.875,9.0,4.0,8.375,1011.625,133.625,10.0,60.875,12.875,12.625,18.25,12.625,2,14,4,1,0,0
2020-02-15,116.1200,116.1200,11.0,5.0,7.0,54.125,9.0,3.0,9.5,1029.125,171.75,10.0,63.25,7.375,5.625,16.375,5.625,2,15,5,1,1,0
2020-02-16,72.4700,72.4700,13.0,3.0,7.0,54.5,11.0,2.0,8.375,1031.375,182.25,10.0,23.625,7.0,5.25,12.0,5.25,2,16,6,1,1,0
2020-02-17,73.6500,73.6500,15.0,4.0,9.0,42.75,11.0,3.0,5.5,1031.25,225.625,10.0,8.125,8.125,7.625,10.375,7.625,2,17,0,1,0,0
2020-02-18,78.0700,78.0700,13.0,5.0,9.0,44.625,10.0,3.0,5.0,1026.625,175.25,10.0,33.5,7.5,7.375,10.25,7.375,2,18,1,1,0,0
2020-02-19,84.7500,84.7500,14.0,5.0,10.0,54.375,11.0,2.0,5.625,1023.375,189.875,10.0,25.0,8.875,8.5,11.5,8.5,2,19,2,1,0,0
2020-02-20,98.7200,98.7200,12.0,8.0,10.0,69.5,4.0,4.0,7.625,1024.75,114.5,10.0,55.625,10.375,9.5,12.875,9.5,2,20,3,1,0,0
2020-02-21,117.4900,117.4900,17.0,7.0,11.0,48.375,11.0,3.0,6.25,1029.875,191.5,10.0,29.875,10.5,10.125,11.0,10.125,2,21,4,1,0,0
2020-02-22,119.9799,119.9799,15.0,9.0,12.0,63.375,9.0,4.0,4.125,1028.25,197.625,10.0,57.25,11.625,11.625,9.75,11.625,2,22,5,1,1,0
2020-02-23,123.1800,123.1800,16.0,9.0,12.0,56.875,11.0,4.0,4.375,1021.75,177.625,10.0,46.375,12.125,12.125,8.25,12.125,2,23,6,1,1,0
2020-02-24,125.5700,125.5700,17.0,9.0,12.0,65.25,9.0,4.0,5.0,1014.625,130.5,10.0,56.875,12.0,11.75,10.75,11.75,2,24,0,1,0,0
2020-02-25,124.7800,124.7800,21.0,9.0,15.0,60.75,11.0,4.0,6.0,1015.75,174.25,10.0,29.5,13.625,13.75,9.875,13.75,2,25,1,1,0,0
2020-02-26,124.1200,124.1200,17.0,12.0,15.0,71.75,5.0,4.0,4.625,1016.375,121.625,10.0,65.0,14.625,14.875,9.875,14.875,2,26,2,1,0,0
2020-02-27,126.2500,126.2500,16.0,13.0,15.0,75.25,8.0,3.0,7.0,1014.5,103.375,10.0,74.5,14.625,14.5,15.25,14.5,2,27,3,1,0,0
2020-02-28,133.4700,133.4700,18.0,11.0,14.0,72.625,9.0,3.0,9.5,1015.875,173.125,9.125,64.75,14.125,13.625,18.375,13.625,2,28,4,1,0,0
2020-02-29,132.6900,132.6900,21.0,10.0,16.0,52.375,12.0,5.0,4.125,1013.875,172.875,10.0,15.25,14.75,14.875,10.625,14.875,2,29,5,1,1,0
2020-03-01,125.9700,125.9700,19.0,15.0,17.0,48.75,10.0,5.0,8.0,1017.375,124.625,10.0,57.75,16.0,16.0,15.625,16.0,3,1,6,2,1,0
2020-03-02,120.5600,120.5600,15.0,11.0,13.0,68.0,3.0,3.0,7.625,1017.75,103.625,9.0,87.625,12.125,11.625,17.625,11.625,3,2,0,2,0,0
2020-03-03,127.1600,127.1600,17.0,10.0,13.0,67.25,12.0,3.0,5.75,1021.5,240.25,8.75,61.5,12.875,12.25,13.125,12.25,3,3,1,2,0,0
2020-03-04,127.9100,127.9100,19.0,10.0,14.0,56.125,12.0,3.0,6.375,1021.875,176.875,10.0,48.5,13.75,13.5,10.5,13.5,3,4,2,2,0,0
2020-03-05,126.6500,126.6500,17.0,11.0,14.0,61.625,10.0,4.0,5.0,1016.625,157.0,10.0,55.625,13.25,13.375,8.875,13.375,3,5,3,2,0,0
2020-03-06,133.3400,133.3400,17.0,11.0,15.0,57.75,12.0,3.0,6.0,1012.75,92.25,10.0,59.625,14.0,14.125,13.375,14.125,3,6,4,2,0,0
2020-03-07,134.0000,134.0000,20.0,13.0,16.0,55.25,12.0,4.0,6.0,1010.375,149.375,10.0,53.875,15.125,15.125,10.625,15.125,3,7,5,2,1,0
2020-03-08,131.3800,131.3800,19.0,14.0,16.0,56.625,9.0,5.0,7.5,1005.5,56.875,10.0,53.75,15.75,15.875,16.0,15.875,3,8,6,2,1,0
2020-03-09,131.3400,131.3400,15.0,12.0,14.0,36.75,12.0,3.0,9.125,1016.375,174.0,10.0,62.75,13.75,13.625,15.25,13.625,3,9,0,2,0,0
2020-03-10,114.0000,114.0000,20.0,10.0,14.0,44.625,12.0,3.0,10.75,1021.875,204.0,9.875,23.75,14.375,13.5,17.625,13.5,3,10,1,2,0,0
2020-03-11,116.3400,116.3400,18.0,10.0,14.0,49.875,9.0,3.0,5.5,1014.875,168.625,10.0,62.375,13.375,13.375,8.25,13.375,3,11,2,2,0,0
2020-03-12,126.1999,126.1999,19.0,11.0,15.0,55.125,12.0,5.0,4.75,1014.0,209.375,10.0,42.125,15.0,15.25,8.125,15.25,3,12,3,2,0,0
2020-03-13,127.8000,127.8000,20.0,13.0,16.0,44.875,8.0,4.0,8.875,1021.25,171.75,10.0,52.0,15.0,15.0,16.375,15.0,3,13,4,2,0,0
2020-03-14,110.3500,110.3500,19.0,12.0,15.0,40.0,12.0,5.0,6.375,1023.125,139.25,10.0,32.125,15.125,15.25,10.875,15.25,3,14,5,2,1,0
2020-03-15,104.0600,104.0600,17.0,12.0,14.0,48.375,6.0,4.0,4.875,1018.25,123.25,10.0,65.0,14.0,14.0,11.125,14.0,3,15,6,2,1,0
2020-03-16,125.7599,125.7599,13.0,12.0,13.0,71.375,2.0,3.0,8.875,1019.5,77.75,7.375,77.625,12.75,11.75,14.125,11.75,3,16,0,2,0,0
2020-03-17,135.0199,135.0199,23.0,11.0,16.0,44.25,12.0,5.0,8.125,1022.5,210.125,10.0,30.75,16.375,16.125,15.0,16.125,3,17,1,2,0,0
2020-03-18,117.9400,117.9400,23.0,11.0,17.0,40.375,12.0,5.0,5.125,1017.5,196.375,10.0,20.25,16.25,16.25,8.125,16.375,3,18,2,2,0,0
2020-03-19,131.5000,131.5000,26.0,13.0,19.0,35.125,12.0,5.0,8.375,1016.0,201.125,10.0,8.25,18.125,18.25,14.875,18.0,3,19,3,2,0,0
2020-03-20,110.3400,110.3400,26.0,13.0,19.0,37.875,12.0,5.0,6.875,1010.0,124.625,10.0,15.875,18.875,19.0,11.25,18.875,3,20,4,2,0,0
2020-03-21,115.3500,115.3500,28.0,15.0,21.0,40.625,11.0,6.0,9.0,1007.625,120.5,10.0,44.0,21.25,21.125,18.25,20.875,3,21,5,2,1,0
2020-03-22,126.5000,126.5000,26.0,17.0,21.0,46.25,12.0,6.0,7.875,1013.125,241.5,10.0,43.75,20.625,20.375,15.875,20.625,3,22,6,2,1,0
2020-03-23,144.5300,144.5300,27.0,15.0,21.0,47.625,12.0,6.0,7.0,1013.125,115.75,10.0,33.375,21.0,20.75,12.875,20.875,3,23,0,2,0,0
2020-03-24,138.8100,138.8100,25.0,17.0,20.0,57.875,8.0,6.0,7.125,1009.125,152.375,10.0,58.25,20.5,20.25,15.5,20.5,3,24,1,2,0,0
2020-03-25,147.9100,147.9100,29.0,16.0,22.0,52.125,12.0,6.0,6.625,1004.875,109.75,10.0,29.125,22.0,21.625,12.875,22.0,3,25,2,2,0,0
2020-03-26,149.4600,149.4600,21.0,17.0,19.0,70.0,3.0,4.0,12.75,1006.625,148.25,9.25,85.125,19.25,19.25,24.0,19.25,3,26,3,2,0,0
2020-03-27,143.4800,143.4800,20.0,14.0,16.0,61.5,4.0,4.0,7.125,1016.75,133.25,10.0,84.5,15.875,16.0,14.5,16.0,3,27,4,2,0,0
2020-03-28,131.9000,131.9000,15.0,10.0,12.0,69.75,1.0,3.0,8.25,1016.75,66.5,10.0,93.875,12.75,11.875,16.625,11.875,3,28,5,2,1,0
2020-03-29,128.3800,128.3800,17.0,10.0,13.0,76.5,4.0,3.0,9.0,1015.75,58.875,8.25,85.125,12.875,12.125,15.375,12.125,3,29,6,2,1,0
2020-03-30,126.0900,126.0900,14.0,11.0,13.0,77.375,2.0,3.0,6.625,1014.5,105.25,8.625,80.5,12.5,12.25,12.75,12.25,3,30,0,2,0,0
2020-03-31,126.8699,126.8699,22.0,10.0,16.0,61.625,13.0,4.0,7.5,1015.125,169.875,10.0,35.125,16.0,15.125,11.875,15.125,3,31,1,2,0,0
2020-04-01,129.9700,129.9700,21.0,14.0,17.0,59.75,12.0,4.0,7.5,1014.75,65.5,9.875,50.75,16.25,16.25,11.25,16.25,4,1,2,2,0,0
2020-04-02,131.2800,131.2800,16.0,13.0,14.0,80.5,3.0,3.0,11.75,1016.25,24.625,9.25,90.375,14.125,13.0,19.75,13.0,4,2,3,2,0,0
2020-04-03,141.8800,141.8800,14.0,12.0,13.0,80.625,1.0,3.0,10.75,1021.375,39.25,8.5,92.25,12.375,11.5,19.0,11.5,4,3,4,2,0,0
2020-04-04,135.9000,135.9000,18.0,11.0,14.0,66.375,12.0,3.0,5.125,1024.25,108.75,9.0,68.625,13.75,13.625,11.625,13.625,4,4,5,2,1,1
2020-04-05,130.1900,130.1900,18.0,12.0,14.0,71.25,7.0,3.0,7.625,1023.125,63.25,8.875,81.125,14.0,13.875,11.5,13.875,4,5,6,2,1,0
2020-04-06,133.0300,133.0300,17.0,13.0,15.0,77.0,1.0,3.0,5.875,1019.375,157.25,5.875,82.625,14.5,14.5,10.125,14.5,4,6,0,2,0,1
2020-04-07,134.8500,134.8500,22.0,12.0,17.0,60.375,11.0,5.0,5.625,1017.125,194.625,10.0,37.875,15.875,15.75,10.5,15.75,4,7,1,2,0,0
2020-04-08,132.9300,132.9300,25.0,13.0,19.0,56.25,13.0,5.0,7.5,1017.375,211.625,10.0,17.75,18.375,18.0,13.0,18.25,4,8,2,2,0,0
2020-04-09,128.9800,128.9800,25.0,14.0,19.0,51.125,13.0,5.0,6.0,1014.5,172.25,10.0,24.0,19.5,19.25,11.75,19.625,4,9,3,2,0,0
2020-04-10,135.4000,135.4000,26.0,17.0,21.0,52.125,13.0,6.0,7.875,1013.625,123.25,10.0,40.5,20.875,20.625,17.25,20.875,4,10,4,2,0,0
2020-04-11,135.4700,135.4700,24.0,16.0,19.0,48.875,12.0,4.0,6.75,1022.0,252.25,9.875,48.75,19.375,19.0,18.5,19.375,4,11,5,2,1,0
2020-04-12,134.7800,134.7800,23.0,13.0,18.0,45.375,13.0,5.0,6.875,1022.875,202.75,10.0,45.125,18.375,18.0,13.625,18.125,4,12,6,2,1,0
2020-04-13,128.5900,128.5900,18.0,15.0,16.0,63.625,6.0,4.0,7.875,1019.5,139.0,8.75,81.5,16.375,16.25,12.875,16.25,4,13,0,2,0,0
2020-04-14,144.2800,144.2800,22.0,12.0,17.0,65.375,13.0,5.0,4.125,1015.625,205.0,10.0,43.0,17.125,17.0,8.75,17.0,4,14,1,2,0,0
2020-04-15,140.5000,140.5000,26.0,15.0,21.0,55.875,13.0,6.0,5.375,1010.0,223.75,10.0,26.125,20.5,19.75,9.875,20.125,4,15,2,2,0,0
2020-04-16,137.4500,137.4500,29.0,17.0,23.0,52.625,13.0,6.0,6.5,1007.75,148.75,10.0,25.875,22.75,22.25,14.125,22.375,4,16,3,2,0,0
2020-04-17,263.4900,263.4900,24.0,19.0,21.0,62.375,11.0,6.0,11.0,1009.75,98.0,8.375,61.875,23.5,22.0,23.375,22.75,4,17,4,2,0,0
2020-04-18,132.5700,132.5700,23.0,17.0,19.0,59.5,11.0,4.0,10.0,1009.875,76.125,10.0,72.5,19.875,19.375,17.375,19.875,4,18,5,2,1,0
2020-04-19,132.3700,132.3700,22.0,17.0,19.0,69.0,5.0,5.0,6.25,1012.375,146.75,9.75,62.25,19.75,19.125,13.125,19.125,4,19,6,2,1,0
2020-04-20,138.3100,138.3100,22.0,17.0,19.0,66.125,12.0,4.0,7.375,1013.375,197.0,8.5,62.75,19.625,19.125,14.25,19.125,4,20,0,2,0,0
2020-04-21,143.8800,143.8800,18.0,15.0,16.0,55.25,9.0,4.0,8.5,1017.0,114.0,10.0,73.5,16.5,16.5,20.0,16.5,4,21,1,2,0,0
2020-04-22,129.5700,129.5700,18.0,12.0,15.0,56.625,13.0,4.0,8.75,1021.25,168.125,10.0,39.5,14.5,14.5,14.75,14.5,4,22,2,2,0,0
2020-04-23,103.8100,103.8100,18.0,11.0,14.0,60.375,10.0,3.0,7.25,1024.875,163.0,9.0,60.875,13.875,13.375,14.375,13.375,4,23,3,2,0,0
2020-04-24,107.1900,107.1900,23.0,11.0,17.0,52.375,13.0,4.0,5.875,1023.625,145.875,10.0,39.5,17.25,16.875,12.0,17.25,4,24,4,2,0,0
2020-04-25,105.4300,105.4300,24.0,14.0,19.0,49.5,13.0,5.0,6.375,1020.875,146.875,10.0,24.5,19.125,18.75,12.125,19.125,4,25,5,2,1,0
2020-04-26,107.4400,107.4400,28.0,15.0,21.0,36.375,13.0,6.0,6.75,1021.5,217.625,10.0,26.625,20.75,20.875,12.625,20.75,4,26,6,2,1,0
2020-04-27,97.8400,97.8400,31.0,17.0,24.0,28.125,13.0,6.0,8.5,1019.75,204.875,10.0,9.75,22.75,23.5,16.0,22.75,4,27,0,2,0,0
2020-04-28,90.4100,90.4100,31.0,17.0,24.0,25.0,13.0,6.0,7.0,1015.375,170.375,10.0,2.875,23.125,23.875,11.5,23.125,4,28,1,2,0,0
2020-04-29,1078.8600,1078.8600,29.0,19.0,24.0,30.875,10.0,6.0,8.375,1011.75,132.125,10.0,32.5,23.75,24.0,14.5,23.75,4,29,2,2,0,0
2020-04-30,427.8500,427.8500,31.0,20.0,26.0,37.125,13.0,7.0,8.75,1011.75,204.375,10.0,31.875,26.0,25.5,16.375,25.625,4,30,3,2,0,0
2020-05-01,1864.0600,1864.0600,33.0,20.0,26.0,37.375,12.0,7.0,8.25,1009.625,192.625,10.0,24.75,25.75,26.0,14.5,25.75,5,1,4,2,0,1
2020-05-02,2575.5299,2575.5299,35.0,20.0,28.0,29.375,13.0,7.0,8.25,1006.25,170.375,10.0,7.375,26.625,27.5,13.0,26.625,5,2,5,2,1,0
2020-05-03,3301.5300,3301.5300,37.0,23.0,30.0,28.625,13.0,7.0,7.125,1004.375,179.75,10.0,4.0,29.125,29.625,13.375,28.75,5,3,6,2,1,0
2020-05-04,4123.8300,4123.8300,34.0,24.0,29.0,39.875,13.0,7.0,9.0,1002.75,144.75,10.0,30.875,29.375,29.25,17.75,29.375,5,4,0,2,0,1
2020-05-05,3204.2400,3204.2400,33.0,24.0,28.0,43.75,13.0,7.0,6.75,1004.0,214.375,9.875,29.75,28.375,27.875,15.375,28.375,5,5,1,2,0,1
2020-05-06,2449.1600,2449.1600,34.0,25.0,29.0,48.125,12.0,7.0,7.875,1000.75,101.5,9.875,48.0,29.625,28.875,15.75,29.625,5,6,2,2,0,0
2020-05-07,3090.2400,3090.2400,25.0,23.0,24.0,68.75,1.0,5.0,16.375,1000.875,90.375,9.375,84.0,25.5,23.75,30.375,25.5,5,7,3,2,0,0
2020-05-08,1473.0000,1473.0000,27.0,21.0,24.0,61.875,13.0,5.0,8.5,1005.375,171.75,9.0,64.0,25.0,23.375,16.875,24.625,5,8,4,2,0,0
2020-05-09,1733.2900,1733.2900,23.0,17.0,21.0,46.875,7.0,5.0,9.875,1011.875,182.125,10.0,69.0,22.75,21.75,20.75,22.375,5,9,5,2,1,0
2020-05-10,124.1200,124.1200,29.0,16.0,23.0,46.0,13.0,6.0,10.0,1013.375,183.25,10.0,20.375,22.875,23.0,17.5,22.625,5,10,6,2,1,0
2020-05-11,2106.2100,2106.2100,24.0,19.0,22.0,38.125,8.0,5.0,7.375,1019.125,157.75,9.0,64.5,22.5,21.875,13.125,22.0,5,11,0,2,0,0
2020-05-12,97.0600,97.0600,25.0,18.0,21.0,42.75,11.0,6.0,8.0,1016.0,204.75,10.0,31.375,21.375,20.875,11.875,20.875,5,12,1,2,0,0
2020-05-13,113.6300,113.6300,28.0,19.0,23.0,43.625,13.0,6.0,6.25,1010.0,154.125,9.75,34.25,23.25,22.75,10.75,22.875,5,13,2,2,0,0
2020-05-14,1369.9700,1369.9700,30.0,19.0,25.0,53.0,12.0,5.0,7.625,1007.625,130.625,10.0,42.875,24.375,24.0,13.375,24.125,5,14,3,2,0,0
2020-05-15,1986.9500,1986.9500,31.0,20.0,26.0,49.875,13.0,7.0,6.125,1004.75,146.25,10.0,30.875,25.75,25.125,11.5,25.75,5,15,4,2,0,0
2020-05-16,2075.0800,2075.0800,33.0,23.0,28.0,39.375,13.0,6.0,8.5,1008.0,154.625,9.875,45.5,26.75,26.75,17.375,26.375,5,16,5,2,1,0
2020-05-17,2533.1000,2533.1000,36.0,24.0,30.0,28.75,13.0,7.0,12.625,1004.75,224.125,10.0,26.25,29.375,30.125,22.375,29.375,5,17,6,2,1,0
2020-05-18,3275.1500,3275.1500,37.0,23.0,30.0,30.875,13.0,7.0,7.375,1003.625,156.0,10.0,11.125,29.25,29.75,13.625,29.0,5,18,0,2,0,0
2020-05-19,3394.1400,3394.1400,36.0,24.0,30.0,34.625,13.0,8.0,10.25,999.5,114.75,10.0,17.125,30.375,30.5,18.75,30.375,5,19,1,2,0,0
2020-05-20,3732.0200,3732.0200,30.0,23.0,26.0,56.75,13.0,6.0,15.0,1003.875,60.5,10.0,52.0,26.625,25.625,26.125,26.625,5,20,2,2,0,0
2020-05-21,2126.4400,2126.4400,27.0,22.0,24.0,66.875,13.0,5.0,11.125,1008.25,175.75,7.625,64.875,25.625,23.625,17.875,25.625,5,21,3,2,0,0
2020-05-22,1986.6400,1986.6400,32.0,22.0,27.0,41.625,13.0,7.0,8.5,1008.875,162.875,10.0,38.125,27.125,26.625,13.25,27.125,5,22,4,2,0,0
2020-05-23,2646.6500,2646.6500,34.0,23.0,29.0,40.0,13.0,7.0,6.5,1008.25,139.625,10.0,12.0,27.75,27.375,11.75,27.75,5,23,5,2,1,0
2020-05-24,3567.3100,3567.3100,27.0,15.0,20.0,61.75,8.0,6.0,11.375,1011.875,140.625,8.5,70.0,20.625,20.5,21.125,20.625,5,24,6,2,1,0
2020-05-25,648.3000,648.3000,27.0,14.0,22.0,60.375,13.0,5.0,8.0,1014.5,191.75,9.5,33.0,22.125,21.375,16.125,21.375,5,25,0,2,0,0
2020-05-26,1149.2200,1149.2200,27.0,19.0,23.0,47.625,13.0,6.0,5.75,1014.125,193.0,10.0,45.0,23.125,22.25,10.625,22.75,5,26,1,2,0,0
2020-05-27,1242.5900,1242.5900,26.0,19.0,23.0,49.5,12.0,6.0,8.5,1017.0,171.0,10.0,50.0,22.75,21.875,17.375,22.375,5,27,2,2,0,0
2020-05-28,1408.1399,1408.1399,28.0,19.0,23.0,54.75,13.0,6.0,9.875,1012.75,175.25,10.0,28.5,23.125,22.75,14.875,22.75,5,28,3,2,0,0
2020-05-29,1908.3100,1908.3100,30.0,19.0,25.0,52.875,13.0,6.0,8.0,1008.625,170.5,10.0,14.25,25.25,24.5,12.75,24.875,5,29,4,2,0,0
2020-05-30,2312.5800,2312.5800,31.0,22.0,27.0,48.625,14.0,7.0,5.75,1008.375,154.75,10.0,19.375,27.875,26.625,11.625,27.125,5,30,5,2,1,0
2020-05-31,2365.9100,2365.9100,33.0,24.0,28.0,44.5,9.0,7.0,6.875,1009.0,146.125,10.0,51.0,28.5,27.25,14.375,28.5,5,31,6,2,1,0
2020-06-01,2751.6900,2751.6900,28.0,23.0,25.0,58.25,12.0,7.0,9.375,1008.875,201.875,10.0,58.625,26.625,25.25,17.125,26.625,6,1,0,3,0,0
2020-06-02,1860.2500,1860.2500,26.0,21.0,23.0,64.75,14.0,5.0,8.25,1010.375,195.5,9.375,43.375,23.5,22.5,19.625,23.125,6,2,1,3,0,0
2020-06-03,1738.4200,1738.4200,30.0,19.0,25.0,47.625,14.0,6.0,6.875,1008.25,170.625,10.0,34.625,24.375,24.0,10.5,24.375,6,3,2,3,0,0
2020-06-04,2228.2800,2228.2800,33.0,21.0,26.0,45.0,14.0,7.0,7.0,1005.75,199.0,10.0,21.375,26.75,26.25,11.5,26.375,6,4,3,3,0,0
2020-06-05,2519.5800,2519.5800,37.0,22.0,29.0,40.5,14.0,7.0,8.625,1004.5,194.5,10.0,8.25,29.75,29.125,14.25,29.5,6,5,4,3,0,0
2020-06-06,3498.2800,3498.2800,34.0,24.0,29.0,41.875,14.0,7.0,7.75,1003.375,167.375,10.0,35.375,29.125,28.75,14.25,29.125,6,6,5,3,1,0
2020-06-07,3210.7900,3210.7900,31.0,25.0,28.0,49.25,8.0,7.0,8.75,1003.375,129.5,9.875,51.75,28.25,27.625,15.5,28.25,6,7,6,3,1,0
2020-06-08,4069.8100,4069.8100,25.0,21.0,24.0,69.0,10.0,5.0,9.0,1005.875,205.125,8.875,64.5,26.25,24.625,14.5,26.25,6,8,0,3,0,0
2020-06-09,4035.6200,4035.6200,33.0,23.0,28.0,50.5,14.0,7.0,7.625,1008.25,215.875,10.0,27.625,28.375,27.75,13.0,28.375,6,9,1,3,0,0
2020-06-10,3444.9100,3444.9100,34.0,23.0,28.0,45.125,9.0,7.0,5.625,1006.375,158.5,10.0,48.875,28.75,28.0,12.5,28.75,6,10,2,3,0,0
2020-06-11,2933.6800,2933.6800,33.0,25.0,28.0,49.875,10.0,6.0,5.25,1001.0,177.0,10.0,62.125,29.0,27.875,13.625,29.0,6,11,3,3,0,0
2020-06-12,3669.8800,3669.8800,33.0,25.0,29.0,49.75,14.0,6.0,4.375,1000.625,217.5,10.0,48.75,29.5,28.625,10.625,29.5,6,12,4,3,0,0
2020-06-13,3624.3200,3624.3200,33.0,26.0,29.0,47.375,12.0,7.0,6.375,1003.5,240.625,10.0,35.25,29.375,28.25,15.875,29.375,6,13,5,3,1,0
2020-06-14,4281.7400,4281.7400,35.0,26.0,31.0,43.375,14.0,8.0,4.375,1007.125,178.5,10.0,44.375,30.625,29.75,11.375,30.625,6,14,6,3,1,0
2020-06-15,3897.5700,3897.5700,34.0,27.0,30.0,49.375,14.0,8.0,6.5,1004.0,101.625,9.75,54.375,31.875,30.125,11.5,31.875,6,15,0,3,0,0
2020-06-16,3932.3400,3932.3400,32.0,26.0,28.0,58.875,6.0,7.0,12.875,998.75,50.5,9.625,74.5,29.625,27.75,24.125,29.625,6,16,1,3,0,0
2020-06-17,4200.7100,4200.7100,26.0,23.0,24.0,68.125,10.0,5.0,9.625,1001.75,180.75,9.875,67.875,26.125,24.375,21.5,26.125,6,17,2,3,0,0
2020-06-18,2689.9500,2689.9500,29.0,23.0,26.0,58.0,14.0,6.0,10.75,1006.125,218.5,10.0,45.375,26.75,25.375,21.0,26.75,6,18,3,3,0,0
2020-06-19,3108.3800,3108.3800,32.0,22.0,27.0,55.375,12.0,7.0,5.75,1004.875,134.125,10.0,24.75,28.25,27.125,11.375,28.0,6,19,4,3,0,0
2020-06-20,3644.0800,3644.0800,29.0,25.0,27.0,52.25,8.0,7.0,7.125,1002.75,143.0,10.0,43.5,27.5,26.25,14.5,27.5,6,20,5,3,1,0
2020-06-21,2962.5100,2962.5100,27.0,23.0,25.0,77.0,9.0,5.0,5.5,1001.0,93.75,9.0,72.0,26.625,24.75,9.125,26.625,6,21,6,3,1,0
2020-06-22,3032.8000,3032.8000,26.0,24.0,25.0,74.875,7.0,5.0,5.125,1003.125,221.875,9.0,74.25,27.125,25.125,9.75,27.125,6,22,0,3,0,0
2020-06-23,3126.6600,3126.6600,31.0,24.0,26.0,64.5,13.0,6.0,7.5,1005.875,196.375,10.0,61.625,28.125,26.5,12.0,28.125,6,23,1,3,0,0
2020-06-24,3963.5400,3963.5400,35.0,24.0,29.0,58.25,14.0,7.0,8.875,1004.125,174.25,10.0,12.375,31.0,28.75,13.875,31.0,6,24,2,3,0,0
2020-06-25,4456.3400,4456.3400,36.0,26.0,30.0,56.25,14.0,8.0,6.875,1002.125,152.875,10.0,19.75,32.375,30.25,12.375,32.375,6,25,3,3,0,1
2020-06-26,5971.3700,5971.3700,31.0,22.0,26.0,67.25,14.0,7.0,13.875,999.75,125.375,9.25,60.5,28.75,26.625,27.0,28.75,6,26,4,3,0,1
2020-06-27,4534.9100,4534.9100,31.0,21.0,25.0,72.75,14.0,6.0,7.375,1001.125,224.0,9.375,60.875,27.5,25.25,16.75,27.25,6,27,5,3,1,0
2020-06-28,4569.1500,4569.1500,29.0,24.0,26.0,68.5,12.0,7.0,4.625,1002.25,129.375,10.0,54.875,28.375,26.5,10.0,28.375,6,28,6,3,1,0
2020-06-29,4149.0100,4149.0100,34.0,23.0,29.0,58.75,10.0,7.0,6.0,1002.375,171.625,10.0,48.5,30.375,28.375,9.125,30.375,6,29,0,3,0,0
2020-06-30,4255.7500,4255.7500,35.0,26.0,31.0,53.625,14.0,8.0,6.375,1003.25,230.625,9.875,25.0,32.5,30.125,10.75,32.5,6,30,1,3,0,0
2020-07-01,5386.7800,5386.7800,28.0,21.0,26.0,70.375,12.0,6.0,9.625,1004.5,126.0,10.0,64.375,28.125,25.875,18.875,28.125,7,1,2,3,0,0
2020-07-02,3322.8700,3322.8700,33.0,20.0,27.0,63.875,14.0,7.0,7.375,1005.375,199.625,10.0,15.875,28.625,26.375,10.875,28.25,7,2,3,3,0,0
2020-07-03,3963.9700,3963.9700,31.0,24.0,28.0,64.75,5.0,7.0,6.5,1005.125,160.875,9.75,56.75,29.5,27.375,9.25,29.5,7,3,4,3,0,0
2020-07-04,4234.5400,4234.5400,29.0,25.0,27.0,61.125,9.0,6.0,7.125,1004.75,242.5,9.75,73.875,28.0,26.625,11.875,28.0,7,4,5,3,1,0
2020-07-05,4433.0300,4433.0300,30.0,25.0,27.0,70.5,13.0,7.0,7.0,1002.875,196.25,10.0,60.125,28.5,26.125,10.5,28.5,7,5,6,3,1,0
2020-07-06,4116.8700,4116.8700,32.0,23.0,27.0,64.375,14.0,6.0,5.5,1000.875,154.125,10.0,51.625,29.25,27.25,10.375,29.25,7,6,0,3,0,0
2020-07-07,3982.6600,3982.6600,32.0,25.0,28.0,64.625,9.0,7.0,5.625,1002.75,148.5,10.0,48.0,30.0,27.25,7.875,30.0,7,7,1,3,0,0
2020-07-08,4085.5000,4085.5000,33.0,24.0,29.0,64.625,10.0,6.0,6.875,1002.75,156.75,9.75,45.25,31.0,28.25,10.875,31.0,7,8,2,3,0,0
2020-07-09,4347.5900,4347.5900,33.0,26.0,29.0,62.75,12.0,6.0,4.75,999.375,227.5,9.75,49.125,31.625,28.75,8.625,31.625,7,9,3,3,0,0
2020-07-10,4533.6900,4533.6900,29.0,24.0,27.0,74.0,14.0,6.0,5.75,997.875,156.625,10.0,60.875,28.75,26.375,11.25,28.75,7,10,4,3,0,0
2020-07-11,4070.8199,4070.8199,30.0,21.0,25.0,79.0,11.0,5.0,11.125,997.25,57.0,10.0,73.875,27.25,25.0,18.625,26.625,7,11,5,3,1,0
2020-07-12,3517.6500,3517.6500,28.0,24.0,26.0,74.375,12.0,6.0,6.625,1003.125,201.125,9.375,67.25,27.5,25.25,12.625,27.5,7,12,6,3,1,0
2020-07-13,3835.8700,3835.8700,29.0,24.0,26.0,73.5,8.0,7.0,5.25,1005.125,153.125,10.0,67.25,27.625,25.75,10.625,27.625,7,13,0,3,0,0
2020-07-14,3589.1499,3589.1499,29.0,24.0,27.0,79.625,13.0,6.0,7.625,1002.625,55.875,9.625,68.5,29.875,26.75,12.5,29.875,7,14,1,3,0,0
2020-07-15,4023.8200,4023.8200,29.0,24.0,26.0,72.75,13.0,6.0,7.25,1002.375,62.125,9.75,64.375,28.5,26.375,14.75,28.5,7,15,2,3,0,0
2020-07-16,3636.5600,3636.5600,28.0,25.0,26.0,83.5,6.0,6.0,10.25,1000.125,98.625,8.625,79.5,28.75,25.875,16.125,28.75,7,16,3,3,0,0
2020-07-17,3194.1900,3194.1900,32.0,24.0,28.0,76.0,11.0,6.0,7.0,1001.375,76.0,9.25,67.125,30.25,27.0,14.875,30.25,7,17,4,3,0,0
2020-07-18,4470.6000,4470.6000,30.0,22.0,26.0,80.0,1.0,7.0,7.75,1001.875,99.375,8.625,69.75,28.625,25.875,15.625,28.625,7,18,5,3,1,0
2020-07-19,3982.4000,3982.4000,33.0,21.0,27.0,60.125,14.0,7.0,6.5,1005.75,196.875,10.0,11.125,28.125,27.0,12.125,27.875,7,19,6,3,1,0
2020-07-20,3694.8900,3694.8900,27.0,23.0,25.0,63.125,13.0,7.0,9.375,1006.5,162.125,9.375,45.0,27.0,25.625,13.75,27.0,7,20,0,3,0,0
2020-07-21,2756.0199,2756.0199,27.0,22.0,24.0,67.625,10.0,5.0,8.0,1003.75,95.375,10.0,67.75,26.25,24.375,13.25,26.25,7,21,1,3,0,0
2020-07-22,2095.8700,2095.8700,28.0,21.0,24.0,79.0,10.0,5.0,5.625,1003.25,33.125,7.125,62.25,26.625,24.125,9.25,25.625,7,22,2,3,0,0
2020-07-23,3813.7999,3813.7999,29.0,23.0,26.0,82.25,8.0,6.0,6.125,1003.5,51.625,9.25,78.5,28.375,25.75,11.0,28.375,7,23,3,3,0,0
2020-07-24,3813.7999,3813.7999,29.0,24.0,26.0,83.0,1.0,6.0,9.875,1003.25,34.625,9.25,79.25,29.125,26.125,14.625,29.125,7,24,4,3,0,0
2020-07-25,4661.2199,4661.2199,26.0,24.0,25.0,85.625,1.0,6.0,12.125,1005.125,67.25,8.0,80.125,27.625,25.125,23.0,27.625,7,25,5,3,1,0
2020-07-26,4062.2700,4062.2700,34.0,22.0,28.0,68.25,14.0,6.0,7.25,1005.625,207.75,9.375,32.125,31.0,27.75,13.75,31.0,7,26,6,3,1,0
2020-07-27,4311.4699,4311.4699,35.0,23.0,29.0,67.875,14.0,7.0,4.875,1004.625,146.375,10.0,6.625,32.125,28.25,8.375,32.125,7,27,0,3,0,0
2020-07-28,3990.3799,3990.3799,33.0,24.0,29.0,71.75,8.0,7.0,5.125,1005.25,113.75,9.75,45.125,32.375,28.75,11.625,32.375,7,28,1,3,0,0
2020-07-29,4474.8700,4474.8700,28.0,24.0,26.0,74.5,13.0,6.0,10.375,1007.0,243.5,9.625,67.625,27.5,25.5,22.25,27.5,7,29,2,3,0,0
2020-07-30,2541.4200,2541.4200,26.0,22.0,24.0,80.375,1.0,5.0,8.375,1007.125,317.5,8.375,83.125,26.0,23.75,15.625,26.0,7,30,3,3,0,0
2020-07-31,2379.5300,2379.5300,30.0,22.0,26.0,77.5,8.0,7.0,5.75,1008.375,98.75,10.0,56.75,27.25,24.875,12.375,27.25,7,31,4,3,0,0
2020-08-01,2762.6200,2762.6200,30.0,24.0,27.0,81.75,6.0,6.0,4.75,1006.875,112.625,8.125,77.0,30.0,26.625,8.875,30.0,8,1,5,3,1,0
2020-08-02,4551.9400,4551.9400,31.0,24.0,28.0,76.75,2.0,6.0,4.125,1005.0,198.0,8.25,80.125,30.75,27.5,7.5,30.75,8,2,6,3,1,0
2020-08-03,4813.5100,4813.5100,33.0,25.0,29.0,73.625,1.0,6.0,4.125,1002.125,181.625,8.25,80.75,32.625,28.5,10.875,32.625,8,3,0,3,0,0
2020-08-04,4817.5800,4817.5800,33.0,25.0,29.0,76.5,1.0,6.0,7.5,1000.625,46.375,6.875,81.375,32.0,28.125,17.625,32.0,8,4,1,3,0,0
2020-08-05,5440.0700,5440.0700,32.0,26.0,29.0,80.125,4.0,6.0,8.0,1001.5,56.0,6.0,79.0,34.125,28.75,17.0,34.125,8,5,2,3,0,0
2020-08-06,5669.3600,5669.3600,33.0,26.0,29.0,80.875,5.0,6.0,8.25,1001.875,53.5,7.875,73.625,34.0,28.5,18.625,34.0,8,6,3,3,0,0
2020-08-07,5928.4800,5928.4800,29.0,25.0,27.0,86.0,2.0,6.0,11.125,1001.875,75.625,6.0,83.875,31.5,27.25,23.75,31.5,8,7,4,3,0,0
2020-08-08,5861.7100,5861.7100,32.0,25.0,28.0,78.125,10.0,6.0,3.5,1001.75,185.625,10.0,66.25,32.0,28.0,10.0,32.0,8,8,5,3,1,0
2020-08-09,6309.1000,6309.1000,34.0,26.0,30.0,72.125,10.0,8.0,3.75,999.625,202.75,9.75,28.0,35.5,30.125,6.75,35.5,8,9,6,3,1,0
2020-08-10,5513.6900,5513.6900,34.0,27.0,30.0,70.375,5.0,7.0,4.375,999.375,147.75,8.125,70.75,34.625,29.75,9.125,34.625,8,10,0,3,0,0
2020-08-11,5615.1500,5615.1500,29.0,26.0,27.0,76.375,8.0,6.0,13.25,999.125,114.625,8.0,68.5,29.25,26.375,26.125,29.25,8,11,1,3,0,0
2020-08-12,4421.6000,4421.6000,26.0,21.0,24.0,90.375,1.0,5.0,19.125,1000.75,21.75,8.125,94.25,26.875,24.625,35.0,26.875,8,12,2,3,0,0
2020-08-13,4034.6200,4034.6200,28.0,21.0,25.0,84.875,7.0,5.0,6.125,1004.75,133.0,9.375,77.75,26.75,24.375,13.75,26.125,8,13,3,3,0,0
2020-08-14,3074.3500,3074.3500,31.0,23.0,27.0,77.875,1.0,7.0,6.125,1001.75,123.375,8.75,79.125,29.625,26.5,11.125,29.625,8,14,4,3,0,0
2020-08-15,4980.5200,4980.5200,27.0,24.0,25.0,90.25,1.0,5.0,12.0,1000.375,30.625,7.125,96.125,27.75,25.0,19.875,27.75,8,15,5,3,1,0
2020-08-16,4833.7700,4833.7700,24.0,22.0,23.0,96.0,1.0,5.0,17.75,1000.25,29.5,5.125,100.0,25.875,23.75,34.0,25.875,8,16,6,3,1,0
2020-08-17,3016.2000,3016.2000,25.0,21.0,23.0,90.125,5.0,5.0,17.625,1005.375,47.125,6.0,90.5,25.625,23.125,31.5,25.25,8,17,0,3,0,0
2020-08-18,3826.9100,3826.9100,21.0,19.0,20.0,88.5,1.0,5.0,11.125,1011.75,236.125,5.5,89.5,20.875,20.5,18.875,20.875,8,18,1,3,0,0
2020-08-19,2489.5299,2489.5299,26.0,21.0,23.0,75.375,8.0,6.0,3.625,1010.625,132.25,10.0,57.375,23.625,22.375,9.125,23.375,8,19,2,3,0,0
2020-08-20,2422.9100,2422.9100,29.0,20.0,25.0,67.75,12.0,6.0,3.5,1010.375,135.125,10.0,27.0,24.75,23.75,6.375,24.75,8,20,3,3,0,0
2020-08-21,3180.8100,3180.8100,29.0,22.0,26.0,69.125,10.0,7.0,4.625,1008.75,188.375,10.0,41.5,27.75,25.5,7.25,27.125,8,21,4,3,0,0
2020-08-22,3960.7900,3960.7900,28.0,24.0,26.0,76.125,10.0,6.0,5.625,1006.625,106.0,9.875,67.875,27.875,25.625,14.125,27.875,8,22,5,3,1,0
2020-08-23,4676.6800,4676.6800,28.0,24.0,25.0,83.0,11.0,6.0,9.75,1003.125,57.875,9.125,70.0,28.0,25.5,14.625,28.0,8,23,6,3,1,0
2020-08-24,4731.0000,4731.0000,30.0,22.0,25.0,70.125,12.0,5.0,11.625,1006.375,236.875,9.875,52.875,26.375,24.5,25.75,26.0,8,24,0,3,0,0
2020-08-25,3280.4600,3280.4600,33.0,22.0,27.0,64.25,13.0,7.0,5.25,1007.125,188.75,10.0,3.0,26.75,25.375,8.875,26.75,8,25,1,3,0,0
2020-08-26,3577.7100,3577.7100,33.0,24.0,28.0,66.375,13.0,7.0,5.125,1005.375,212.5,10.0,6.0,29.25,26.875,9.5,29.25,8,26,2,3,0,0
2020-08-27,3957.6400,3957.6400,32.0,24.0,28.0,65.625,13.0,7.0,4.5,1001.875,169.5,10.0,34.25,30.5,27.5,7.5,30.5,8,27,3,3,0,0
2020-08-28,4662.0100,4662.0100,32.0,25.0,28.0,70.5,8.0,6.0,6.0,1002.125,186.75,8.125,74.75,31.25,28.125,11.75,31.25,8,28,4,3,0,0
2020-08-29,5352.1900,5352.1900,31.0,25.0,27.0,75.0,1.0,6.0,7.25,1004.125,33.875,6.875,83.5,30.125,27.25,12.375,30.125,8,29,5,3,1,0
2020-08-30,4859.4600,4859.4600,27.0,23.0,25.0,81.5,13.0,5.0,17.5,1006.875,189.25,6.25,70.0,26.625,24.375,30.5,26.625,8,30,6,3,1,0
2020-08-31,4248.1200,4248.1200,24.0,21.0,23.0,85.5,3.0,5.0,7.5,1012.25,186.125,7.25,88.0,23.0,22.0,15.5,23.0,8,31,0,3,0,0
2020-09-01,2397.3800,2397.3800,28.0,21.0,24.0,76.375,13.0,6.0,5.375,1011.75,138.375,9.875,50.25,24.875,23.375,11.0,24.5,9,1,1,4,0,0
2020-09-02,2638.4600,2638.4600,32.0,23.0,26.0,68.25,9.0,7.0,5.5,1011.125,183.875,9.75,39.375,28.125,26.0,9.875,27.875,9,2,2,4,0,0
2020-09-03,2311.7600,2311.7600,31.0,23.0,26.0,62.375,13.0,7.0,4.75,1011.625,158.875,10.0,10.875,27.625,25.875,8.0,27.125,9,3,3,4,0,0
2020-09-04,2311.7600,2311.7600,30.0,23.0,26.0,62.125,13.0,7.0,4.625,1009.625,177.75,10.0,26.375,27.5,25.75,8.375,27.125,9,4,4,4,0,0
2020-09-05,2557.0300,2557.0300,25.0,23.0,24.0,78.25,9.0,6.0,6.375,1008.125,114.875,10.0,55.75,25.625,23.875,9.75,25.625,9,5,5,4,1,0
2020-09-06,2744.7799,2744.7799,30.0,22.0,25.0,69.625,13.0,6.0,8.5,1010.125,220.25,9.375,23.5,27.375,25.25,13.125,27.375,9,6,6,4,1,0
2020-09-07,2758.9400,2758.9400,32.0,21.0,27.0,61.125,13.0,7.0,5.0,1009.375,203.0,10.0,16.75,27.0,25.875,9.5,27.0,9,7,0,4,0,0
2020-09-08,2523.4300,2523.4300,29.0,23.0,26.0,64.375,12.0,7.0,4.375,1010.625,172.375,9.75,50.375,27.875,26.125,8.5,27.875,9,8,1,4,0,0
2020-09-09,2756.6900,2756.6900,26.0,23.0,25.0,76.625,2.0,6.0,4.375,1010.375,151.25,9.5,79.25,26.5,24.75,9.5,26.5,9,9,2,4,0,0
2020-09-10,2258.5600,2258.5600,31.0,23.0,26.0,66.5,13.0,6.0,6.0,1008.5,35.625,10.0,27.0,27.625,26.125,10.125,27.375,9,10,3,4,0,0
2020-09-11,2396.2200,2396.2200,25.0,23.0,24.0,71.875,6.0,6.0,6.0,1009.75,172.5,9.75,62.375,25.5,23.5,11.75,25.5,9,11,4,4,0,0
2020-09-12,2406.9400,2406.9400,23.0,19.0,22.0,80.25,7.0,5.0,8.125,1014.375,63.0,9.75,77.125,24.5,22.125,14.0,23.375,9,12,5,4,1,0
2020-09-13,610.7200,610.7200,21.0,18.0,20.0,85.25,1.0,5.0,5.75,1015.75,47.25,10.0,87.75,20.125,20.125,13.125,20.125,9,13,6,4,1,0
2020-09-14,1635.0300,1635.0300,23.0,20.0,21.0,85.25,4.0,5.0,4.875,1013.0,97.625,9.375,82.875,21.875,21.125,9.0,21.625,9,14,0,4,0,0
2020-09-15,1722.5100,1722.5100,25.0,19.0,22.0,80.625,4.0,5.0,3.75,1011.5,176.125,10.0,75.75,22.5,21.625,8.125,22.5,9,15,1,4,0,0
2020-09-16,1722.5100,1722.5100,21.0,19.0,20.0,87.375,1.0,5.0,4.375,1011.25,121.25,7.125,94.125,20.375,20.375,9.5,20.375,9,16,2,4,0,0
2020-09-17,965.8800,965.8800,25.0,18.0,20.0,71.125,12.0,5.0,8.375,1015.75,167.0,8.375,43.875,21.25,20.625,16.125,20.875,9,17,3,4,0,0
2020-09-18,1050.7100,1050.7100,27.0,17.0,22.0,62.5,13.0,6.0,6.0,1017.0,144.5,10.0,18.375,22.0,21.375,11.0,21.625,9,18,4,4,0,0
2020-09-19,942.7400,942.7400,23.0,19.0,21.0,72.375,5.0,6.0,4.75,1014.75,169.75,10.0,61.75,22.0,20.875,8.125,21.375,9,19,5,4,1,0
2020-09-20,1560.8500,1560.8500,21.0,19.0,20.0,87.875,1.0,4.0,8.625,1011.625,34.5,4.875,96.625,20.625,20.375,15.25,20.375,9,20,6,4,1,0
2020-09-21,162.8400,162.8400,20.0,17.0,18.0,88.875,2.0,4.0,8.5,1010.75,93.125,6.875,93.5,18.625,18.625,15.125,18.625,9,21,0,4,0,0
2020-09-22,156.3800,156.3800,24.0,16.0,21.0,76.625,9.0,5.0,6.5,1014.375,189.125,9.375,51.625,21.125,20.625,9.875,21.125,9,22,1,4,0,0
2020-09-23,1512.1799,1512.1799,26.0,19.0,22.0,71.0,8.0,6.0,4.625,1015.875,137.75,10.0,37.5,23.375,22.375,8.625,23.0,9,23,2,4,0,0
2020-09-24,1687.2600,1687.2600,23.0,17.0,21.0,73.875,9.0,6.0,7.625,1014.625,158.125,9.75,69.625,21.625,20.75,12.875,21.25,9,24,3,4,0,0
2020-09-25,604.1500,604.1500,20.0,15.0,18.0,85.0,1.0,4.0,10.25,1012.5,23.25,7.625,87.375,18.25,18.25,15.625,18.25,9,25,4,4,0,0
2020-09-26,163.3800,163.3800,21.0,17.0,19.0,79.0,5.0,4.0,6.125,1014.625,157.375,10.0,78.0,19.0,19.0,11.75,19.0,9,26,5,4,1,0
2020-09-27,161.0700,161.0700,19.0,18.0,18.0,91.75,1.0,4.0,5.5,1013.5,53.375,5.25,100.0,18.25,18.25,11.625,18.25,9,27,6,4,1,0
2020-09-28,161.0700,161.0700,19.0,18.0,18.0,86.625,1.0,4.0,5.5,1012.125,67.5,9.375,96.875,18.625,18.625,11.875,18.625,9,28,0,4,0,0
2020-09-29,174.4400,174.4400,26.0,18.0,21.0,72.375,11.0,5.0,4.125,1012.625,139.875,10.0,54.25,22.25,21.375,9.25,21.875,9,29,1,4,0,0
2020-09-30,1534.6200,1534.6200,25.0,19.0,22.0,73.25,7.0,6.0,5.875,1010.5,146.75,10.0,70.25,22.625,21.5,10.375,22.0,9,30,2,4,0,0
2020-10-01,1062.3500,1062.3500,23.0,21.0,22.0,78.375,5.0,5.0,6.625,1010.0,54.625,10.0,74.125,23.25,21.875,13.125,22.625,10,1,3,4,0,1
2020-10-02,727.6600,727.6600,22.0,20.0,21.0,84.625,1.0,5.0,6.625,1010.125,39.0,8.625,96.625,22.0,20.875,16.25,21.625,10,2,4,4,0,1
2020-10-03,696.9400,696.9400,22.0,19.0,20.0,72.5,9.0,5.0,6.125,1013.5,134.625,9.75,74.25,21.0,20.25,10.875,20.625,10,3,5,4,1,1
2020-10-04,1275.9700,1275.9700,21.0,18.0,20.0,74.75,3.0,4.0,6.0,1016.75,189.5,9.25,81.0,19.75,19.375,11.25,19.375,10,4,6,4,1,0
2020-10-05,1223.4600,1223.4600,18.0,15.0,16.0,73.875,1.0,4.0,9.625,1018.25,35.75,9.625,90.5,16.625,16.625,18.375,16.625,10,5,0,4,0,1
2020-10-06,136.7200,136.7200,17.0,13.0,15.0,81.125,1.0,3.0,9.125,1019.375,41.875,8.125,99.5,15.125,14.875,16.125,14.875,10,6,1,4,0,1
2020-10-07,140.0000,140.0000,20.0,12.0,16.0,78.25,1.0,4.0,5.375,1020.75,152.625,7.375,82.5,16.5,16.625,8.75,16.625,10,7,2,4,0,1
2020-10-08,682.4500,682.4500,18.0,16.0,17.0,78.125,1.0,4.0,5.625,1020.5,68.75,10.0,83.625,17.375,17.375,12.125,17.375,10,8,3,4,0,1
2020-10-09,143.8400,143.8400,19.0,16.0,17.0,81.875,2.0,4.0,2.375,1021.0,132.125,7.125,90.625,17.5,17.5,6.375,17.5,10,9,4,4,0,0
2020-10-10,145.9600,145.9600,19.0,16.0,18.0,79.125,1.0,4.0,4.0,1017.5,104.25,9.0,87.375,17.625,17.625,5.75,17.625,10,10,5,4,1,0
2020-10-11,143.9400,143.9400,18.0,16.0,17.0,80.25,5.0,4.0,1.625,1016.875,146.625,9.375,77.0,17.5,17.5,6.875,17.5,10,11,6,4,1,0
2020-10-12,146.0600,146.0600,18.0,15.0,17.0,77.125,1.0,5.0,5.375,1017.375,112.875,10.0,82.375,17.25,17.25,10.125,17.25,10,12,0,4,0,0
2020-10-13,140.2800,140.2800,16.0,15.0,15.0,85.5,1.0,4.0,9.875,1017.125,31.5,4.625,100.0,15.625,15.25,14.125,15.25,10,13,1,4,0,0
2020-10-14,91.3800,91.3800,15.0,14.0,15.0,88.0,1.0,4.0,7.75,1021.25,43.75,7.0,99.625,15.0,15.0,10.375,15.0,10,14,2,4,0,0
2020-10-15,91.3800,91.3800,15.0,14.0,15.0,85.5,1.0,3.0,4.625,1021.5,138.0,8.125,97.75,15.0,15.25,9.625,15.25,10,15,3,4,0,0
2020-10-16,125.1600,125.1600,20.0,14.0,16.0,67.625,11.0,4.0,7.125,1026.0,191.375,9.375,61.75,16.875,16.75,11.75,16.75,10,16,4,4,0,0
2020-10-17,123.2100,123.2100,18.0,14.0,16.0,69.375,8.0,5.0,7.375,1024.125,87.0,10.0,47.75,16.0,16.0,11.25,16.0,10,17,5,4,1,0
2020-10-18,121.4700,121.4700,17.0,14.0,15.0,79.875,1.0,4.0,4.75,1024.25,127.25,8.375,81.125,15.25,15.125,10.375,15.125,10,18,6,4,1,0
2020-10-19,134.7099,134.7099,17.0,14.0,16.0,76.875,1.0,4.0,4.625,1024.0,162.875,10.0,85.0,16.125,16.125,6.125,16.125,10,19,0,4,0,0
2020-10-20,141.2600,141.2600,18.0,15.0,16.0,77.625,5.0,4.0,7.875,1025.5,127.0,7.125,68.5,15.5,15.5,12.625,15.5,10,20,1,4,0,0
2020-10-21,138.6500,138.6500,22.0,13.0,17.0,53.875,11.0,5.0,8.5,1023.75,193.875,10.0,39.75,16.5,16.0,13.25,16.25,10,21,2,4,0,0
2020-10-22,124.9400,124.9400,22.0,13.0,17.0,59.0,11.0,5.0,5.125,1021.875,177.875,10.0,23.0,16.625,16.625,8.25,16.625,10,22,3,4,0,0
2020-10-23,134.4700,134.4700,22.0,14.0,18.0,52.0,11.0,5.0,5.375,1018.625,147.375,10.0,10.375,16.25,16.25,7.5,16.25,10,23,4,4,0,0
2020-10-24,140.7800,140.7800,20.0,17.0,18.0,54.375,11.0,4.0,6.5,1015.625,69.5,10.0,58.25,17.875,17.875,9.875,17.875,10,24,5,4,1,0
2020-10-25,136.8200,136.8200,20.0,16.0,18.0,63.5,3.0,4.0,5.25,1016.5,92.875,10.0,90.25,18.125,18.125,8.5,18.125,10,25,6,4,1,0
2020-10-26,136.3700,136.3700,21.0,17.0,19.0,58.75,11.0,5.0,5.375,1019.375,193.125,10.0,45.25,19.25,18.875,8.0,18.875,10,26,0,4,0,0
2020-10-27,135.0000,135.0000,18.0,15.0,16.0,70.125,1.0,5.0,7.75,1019.0,72.625,10.0,86.75,16.5,16.5,14.375,16.5,10,27,1,4,0,0
2020-10-28,127.4600,127.4600,18.0,14.0,16.0,64.375,10.0,4.0,5.5,1023.5,125.0,9.0,72.5,15.625,15.5,10.375,15.5,10,28,2,4,0,0
2020-10-29,111.4200,111.4200,20.0,14.0,16.0,67.5,10.0,4.0,4.625,1023.125,97.0,10.0,57.875,15.875,16.25,8.5,16.25,10,29,3,4,0,0
2020-10-30,132.6500,132.6500,20.0,15.0,17.0,69.375,1.0,4.0,5.875,1019.5,73.0,9.0,86.625,16.5,16.625,10.25,16.625,10,30,4,4,0,0
2020-10-31,136.0600,136.0600,20.0,16.0,17.0,61.5,11.0,4.0,6.875,1020.75,181.375,10.0,64.875,17.25,17.25,10.75,17.25,10,31,5,4,1,0
2020-11-01,132.8500,132.8500,18.0,15.0,16.0,47.875,5.0,4.0,6.25,1022.25,171.625,10.0,63.875,16.5,16.5,11.125,16.5,11,1,6,4,1,0
2020-11-02,127.6200,127.6200,21.0,15.0,17.0,47.25,11.0,5.0,6.375,1025.125,152.625,10.0,14.875,17.0,16.875,9.75,16.875,11,2,0,4,0,0
2020-11-03,130.5900,130.5900,17.0,14.0,15.0,66.0,1.0,5.0,7.5,1024.5,75.875,9.75,56.125,15.25,15.125,11.125,15.125,11,3,1,4,0,0
2020-11-04,125.8800,125.8800,16.0,13.0,14.0,68.5,1.0,3.0,7.75,1020.75,76.375,10.0,93.0,14.125,13.75,11.75,13.75,11,4,2,4,0,0
2020-11-05,134.1600,134.1600,15.0,13.0,14.0,57.5,1.0,3.0,6.5,1019.75,39.125,10.0,87.625,14.0,13.875,10.625,13.875,11,5,3,4,0,0
2020-11-06,135.3400,135.3400,21.0,13.0,16.0,54.75,9.0,5.0,7.625,1025.125,205.375,10.0,50.625,16.75,16.25,11.5,16.25,11,6,4,4,0,0
2020-11-07,135.6000,135.6000,23.0,14.0,18.0,51.625,11.0,5.0,4.25,1026.25,117.875,10.0,17.625,17.125,17.0,7.375,17.125,11,7,5,4,1,0
2020-11-08,133.3100,133.3100,21.0,15.0,17.0,55.5,11.0,5.0,4.375,1026.75,170.875,9.875,51.375,16.75,16.75,7.0,16.75,11,8,6,4,1,0
2020-11-09,132.1600,132.1600,23.0,15.0,18.0,55.375,11.0,4.0,7.0,1023.75,186.25,10.0,36.5,18.125,18.0,9.625,18.0,11,9,0,4,0,0
2020-11-10,133.9600,133.9600,22.0,16.0,19.0,58.75,11.0,5.0,4.375,1021.75,123.375,10.0,45.375,18.25,18.0,7.5,18.0,11,10,1,4,0,0
2020-11-11,137.7200,137.7200,20.0,16.0,18.0,63.875,4.0,5.0,5.875,1022.0,40.375,10.0,75.625,17.625,17.625,8.875,17.625,11,11,2,4,0,0
2020-11-12,136.7800,136.7800,20.0,17.0,18.0,62.875,1.0,5.0,5.125,1023.0,32.75,10.0,78.625,17.75,17.75,10.875,17.75,11,12,3,4,0,0
2020-11-13,145.0000,145.0000,20.0,16.0,18.0,52.875,1.0,5.0,4.375,1021.625,38.625,10.0,78.875,16.875,17.0,8.0,17.0,11,13,4,4,0,0
2020-11-14,133.5000,133.5000,22.0,16.0,19.0,53.25,10.0,4.0,3.125,1019.25,51.625,10.0,62.0,18.375,18.125,7.375,18.375,11,14,5,4,1,0
2020-11-15,130.5300,130.5300,22.0,16.0,19.0,51.875,11.0,5.0,5.5,1018.0,74.25,10.0,44.75,18.25,18.0,11.625,18.0,11,15,6,4,1,0
2020-11-16,131.4800,131.4800,21.0,16.0,18.0,49.875,11.0,5.0,4.625,1013.875,79.5,10.0,42.25,17.625,17.625,8.125,17.625,11,16,0,4,0,0
2020-11-17,133.5200,133.5200,21.0,16.0,18.0,55.5,6.0,5.0,7.125,1004.375,47.5,10.0,60.0,17.625,17.25,13.75,17.25,11,17,1,4,0,0
2020-11-18,123.8800,123.8800,20.0,15.0,17.0,55.625,11.0,5.0,5.0,1008.375,158.75,10.0,60.75,16.625,16.625,8.625,16.625,11,18,2,4,0,0
2020-11-19,121.5399,121.5399,20.0,14.0,17.0,44.5,4.0,4.0,5.125,1012.125,152.625,10.0,75.25,16.25,16.25,9.625,16.25,11,19,3,4,0,0
2020-11-20,121.5399,121.5399,20.0,14.0,16.0,46.125,7.0,5.0,6.25,1010.75,40.5,10.0,55.0,15.75,15.875,13.25,15.875,11,20,4,4,0,0
2020-11-21,143.9600,143.9600,14.0,7.0,11.0,70.625,1.0,3.0,10.875,1017.25,50.375,9.375,87.5,11.5,10.375,20.125,10.375,11,21,5,4,1,0
2020-11-22,116.0300,116.0300,10.0,6.0,8.0,60.25,4.0,3.0,5.25,1027.0,168.0,10.0,68.25,8.625,8.125,11.875,8.125,11,22,6,4,1,0
2020-11-23,76.0700,76.0700,11.0,6.0,8.0,59.75,2.0,2.0,5.875,1027.875,54.375,10.0,83.0,8.0,7.25,11.0,7.25,11,23,0,4,0,0
2020-11-24,89.1800,89.1800,10.0,7.0,9.0,61.125,9.0,2.0,5.25,1023.875,62.5,10.0,65.0,8.375,8.125,10.5,8.125,11,24,1,4,0,0
2020-11-25,100.0000,100.0000,12.0,8.0,10.0,53.0,10.0,3.0,4.125,1024.0,164.875,10.0,63.625,9.5,9.375,9.875,9.375,11,25,2,4,0,0
2020-11-26,99.4400,99.4400,14.0,9.0,11.0,48.75,11.0,4.0,4.25,1026.875,141.125,10.0,41.25,10.875,11.0,9.875,11.0,11,26,3,4,0,0
2020-11-27,102.0600,102.0600,13.0,10.0,11.0,52.375,9.0,4.0,4.75,1029.5,69.25,10.0,50.5,10.625,10.625,11.125,10.625,11,27,4,4,0,0
2020-11-28,130.3200,130.3200,14.0,9.0,11.0,60.0,11.0,4.0,7.0,1030.0,147.375,10.0,44.0,10.25,9.5,13.125,9.5,11,28,5,4,1,0
2020-11-29,118.6500,118.6500,11.0,7.0,9.0,74.25,11.0,3.0,6.625,1028.125,64.0,10.0,45.5,8.5,7.75,12.125,7.75,11,29,6,4,1,0
2020-11-30,128.7900,128.7900,11.0,6.0,9.0,65.875,1.0,3.0,5.75,1027.875,117.375,10.0,85.5,8.625,8.0,9.375,8.0,11,30,0,4,0,0
2020-12-01,108.0900,108.0900,11.0,7.0,9.0,81.75,1.0,2.0,7.625,1027.25,51.0,4.625,100.0,9.125,8.25,10.875,8.25,12,1,1,1,0,0
2020-12-02,90.0900,90.0900,12.0,9.0,10.0,66.125,1.0,3.0,11.125,1028.5,45.0,7.75,86.625,10.0,8.125,16.25,8.125,12,2,2,1,0,0
2020-12-03,93.2500,93.2500,10.0,7.0,8.0,55.0,3.0,2.0,9.75,1030.5,49.875,8.0,78.875,7.75,6.125,20.5,6.125,12,3,3,1,0,0
2020-12-04,87.3100,87.3100,9.0,6.0,7.0,68.75,7.0,3.0,7.0,1029.125,44.625,10.0,65.375,7.0,6.0,16.375,6.0,12,4,4,1,0,0
2020-12-05,91.3400,91.3400,9.0,5.0,7.0,72.125,3.0,2.0,6.125,1025.625,46.875,8.625,76.25,7.0,5.875,9.625,5.875,12,5,5,1,1,0
2020-12-06,91.2800,91.2800,10.0,7.0,8.0,70.75,2.0,2.0,6.875,1025.125,79.0,9.0,93.25,7.875,6.875,9.875,6.875,12,6,6,1,1,0
2020-12-07,91.6000,91.6000,12.0,6.0,9.0,58.875,11.0,2.0,8.375,1028.875,162.875,8.375,54.375,8.375,7.0,12.375,7.0,12,7,0,1,0,0
2020-12-08,86.8200,86.8200,10.0,5.0,8.0,65.75,9.0,3.0,5.75,1024.375,112.75,10.0,38.125,6.75,6.125,9.25,6.125,12,8,1,1,0,0
2020-12-09,84.1800,84.1800,10.0,7.0,8.0,63.0,8.0,2.0,6.375,1022.375,107.625,10.0,51.25,8.25,7.375,11.375,7.375,12,9,2,1,0,0
2020-12-10,90.3400,90.3400,12.0,6.0,9.0,60.25,10.0,3.0,6.875,1022.125,176.375,10.0,48.75,8.5,7.625,11.75,7.625,12,10,3,1,0,0
2020-12-11,104.6300,104.6300,11.0,7.0,9.0,61.25,8.0,3.0,6.875,1020.75,65.375,10.0,53.5,8.75,8.0,9.75,8.0,12,11,4,1,0,0
2020-12-12,107.4700,107.4700,12.0,7.0,9.0,57.0,5.0,3.0,4.125,1019.125,156.875,10.0,64.875,8.0,7.625,9.0,7.625,12,12,5,1,1,0
2020-12-13,104.9100,104.9100,11.0,5.0,8.0,56.125,11.0,3.0,10.0,1020.125,111.25,10.0,60.75,8.625,7.375,17.875,7.375,12,13,6,1,1,0
2020-12-14,99.2400,99.2400,7.0,4.0,5.0,52.875,11.0,1.0,10.125,1028.0,40.875,10.0,58.375,5.0,2.75,21.0,2.75,12,14,0,1,0,0
2020-12-15,95.9100,95.9100,7.0,3.0,5.0,78.0,3.0,1.0,9.125,1029.75,49.75,10.0,74.25,5.125,3.125,13.25,3.125,12,15,1,1,0,0
2020-12-16,96.0300,96.0300,7.0,5.0,5.0,77.125,1.0,2.0,4.875,1030.125,160.375,9.875,86.75,5.5,4.875,11.75,4.875,12,16,2,1,0,0
2020-12-17,95.9700,95.9700,7.0,4.0,5.0,72.375,6.0,2.0,8.25,1028.5,49.75,10.0,78.75,5.25,3.5,14.25,3.5,12,17,3,1,0,0
2020-12-18,91.3100,91.3100,10.0,4.0,6.0,59.625,10.0,3.0,6.875,1031.0,180.375,10.0,52.5,6.0,5.0,12.75,5.0,12,18,4,1,0,0
2020-12-19,92.9700,92.9700,10.0,2.0,6.0,47.75,11.0,2.0,5.875,1034.0,95.5,10.0,27.75,5.75,4.5,10.875,4.5,12,19,5,1,1,0
2020-12-20,88.7500,88.7500,10.0,3.0,6.0,53.75,11.0,3.0,3.75,1033.875,181.0,10.0,23.875,5.625,5.25,8.125,5.25,12,20,6,1,1,0
2020-12-21,91.3500,91.3500,9.0,3.0,6.0,56.375,11.0,3.0,5.0,1029.5,180.125,10.0,24.25,5.25,4.5,8.0,4.5,12,21,0,1,0,0
2020-12-22,90.0600,90.0600,9.0,3.0,6.0,55.625,6.0,3.0,3.375,1023.875,145.375,10.0,61.75,6.125,5.875,6.875,5.875,12,22,1,1,0,0
2020-12-23,90.9600,90.9600,14.0,5.0,8.0,53.25,11.0,3.0,6.125,1023.5,179.75,10.0,13.125,7.75,6.75,11.875,6.75,12,23,2,1,0,0
2020-12-24,92.9100,92.9100,12.0,4.0,8.0,56.125,11.0,3.0,4.375,1023.625,113.125,10.0,22.25,6.75,6.5,7.0,6.5,12,24,3,1,0,0
2020-12-25,93.1900,93.1900,10.0,6.0,8.0,60.25,7.0,3.0,4.5,1021.0,134.0,10.0,60.375,7.375,6.875,7.25,6.875,12,25,4,1,0,0
2020-12-26,98.3500,98.3500,11.0,5.0,8.0,64.0,11.0,2.0,5.0,1020.5,69.5,10.0,56.5,7.625,7.0,8.375,7.0,12,26,5,1,1,0
2020-12-27,95.6200,95.6200,11.0,5.0,8.0,64.125,7.0,3.0,4.25,1019.25,123.75,10.0,51.875,6.375,5.875,7.625,5.875,12,27,6,1,1,0
2020-12-28,96.1000,96.1000,11.0,7.0,9.0,58.75,8.0,2.0,6.375,1018.375,61.375,9.625,67.875,7.875,7.125,10.375,7.125,12,28,0,1,0,0
2020-12-29,99.4000,99.4000,9.0,4.0,7.0,60.0,10.0,2.0,8.75,1028.875,195.25,9.875,65.375,6.625,4.875,11.625,4.875,12,29,1,1,0,0
2020-12-30,74.8400,74.8400,8.0,2.0,5.0,51.25,4.0,2.0,6.125,1034.875,142.75,10.0,56.125,4.375,3.0,14.25,3.0,12,30,2,1,0,0
2020-12-31,62.0600,62.0600,9.0,3.0,6.0,42.25,10.0,3.0,4.5,1031.625,238.875,10.0,36.125,5.125,4.625,9.75,4.625,12,31,3,1,0,0
2021-01-01,81.6000,81.6000,10.0,3.0,6.0,54.25,10.0,3.0,4.375,1028.875,192.125,10.0,21.625,5.0,4.375,7.25,4.375,1,1,4,1,0,1
2021-01-02,87.1300,87.1300,7.0,5.0,6.0,59.875,5.0,2.0,3.875,1025.625,130.125,10.0,76.25,5.875,5.375,8.875,5.375,1,2,5,1,1,0
2021-01-03,89.3300,89.3300,12.0,3.0,7.0,56.5,10.0,3.0,6.375,1027.375,207.375,10.0,25.75,6.75,5.75,11.375,5.75,1,3,6,1,1,0
2021-01-04,90.0399,90.0399,9.0,4.0,6.0,63.875,10.0,3.0,5.375,1025.5,95.0,10.0,41.25,6.25,5.25,8.75,5.25,1,4,0,1,0,0
2021-01-05,90.4100,90.4100,9.0,4.0,7.0,62.75,4.0,2.0,7.5,1027.75,172.25,10.0,67.5,6.875,5.625,11.75,5.625,1,5,1,1,0,0
2021-01-06,90.9900,90.9900,9.0,5.0,6.0,56.5,9.0,2.0,10.75,1025.625,38.625,10.0,61.375,6.5,4.375,16.5,4.375,1,6,2,1,0,0
2021-01-07,91.2300,91.2300,5.0,1.0,3.0,46.5,2.0,1.0,12.5,1030.875,57.375,9.625,73.125,2.875,-0.625,25.25,-0.625,1,7,3,1,0,0
2021-01-08,85.9000,85.9000,6.0,-0.0,3.0,49.25,10.0,1.0,4.25,1033.5,130.0,10.0,45.75,2.375,1.5,8.875,1.5,1,8,4,1,0,0
2021-01-09,81.3100,81.3100,6.0,1.0,3.0,51.25,10.0,2.0,4.125,1029.875,162.75,10.0,47.625,2.25,1.375,8.375,1.375,1,9,5,1,1,0
2021-01-10,82.7200,82.7200,7.0,1.0,4.0,43.875,4.0,2.0,6.375,1030.375,167.125,10.0,53.375,3.125,1.75,9.625,1.75,1,10,6,1,1,0
2021-01-11,81.6600,81.6600,9.0,0.0,4.0,29.125,10.0,2.0,7.375,1037.0,178.0,10.0,3.75,2.75,0.75,10.75,0.75,1,11,0,1,0,0
2021-01-12,67.3400,67.3400,9.0,1.0,5.0,40.0,10.0,2.0,4.25,1027.375,188.375,10.0,1.75,2.625,1.875,7.375,1.875,1,12,1,1,0,0
2021-01-13,32.5600,32.5600,11.0,0.0,5.0,47.75,10.0,2.0,3.875,1021.0,115.0,10.0,8.375,3.875,3.5,7.125,3.5,1,13,2,1,0,0
2021-01-14,51.4100,51.4100,13.0,4.0,7.0,55.5,10.0,3.0,4.375,1018.375,197.625,10.0,0.75,5.0,4.25,8.125,4.25,1,14,3,1,0,0
2021-01-15,80.0300,80.0300,15.0,3.0,8.0,53.125,10.0,3.0,5.125,1018.5,171.5,10.0,6.25,7.0,6.25,11.0,6.25,1,15,4,1,0,0
2021-01-16,72.1200,72.1200,12.0,4.0,7.0,50.625,9.0,3.0,11.875,1024.0,140.625,10.0,40.125,7.0,4.875,19.25,4.875,1,16,5,1,1,0
2021-01-17,71.1000,71.1000,10.0,3.0,6.0,45.0,10.0,2.0,11.25,1036.625,190.125,9.125,25.875,6.25,4.125,17.125,4.125,1,17,6,1,1,0
2021-01-18,59.7800,59.7800,11.0,3.0,6.0,48.375,10.0,3.0,4.875,1026.875,109.5,10.0,2.5,4.25,3.625,7.75,3.625,1,18,0,1,0,0
2021-01-19,68.0300,68.0300,9.0,2.0,6.0,55.75,10.0,3.0,5.0,1017.875,69.5,10.0,28.5,4.625,3.75,8.75,3.75,1,19,1,1,0,0
2021-01-20,66.7200,66.7200,12.0,4.0,8.0,56.625,10.0,3.0,5.375,1017.875,210.125,10.0,43.625,7.0,6.625,8.375,6.625,1,20,2,1,0,0
2021-01-21,73.9000,73.9000,15.0,6.0,10.0,65.25,10.0,4.0,4.875,1020.625,161.875,10.0,49.625,9.625,9.375,7.25,9.375,1,21,3,1,0,0
2021-01-22,74.2600,74.2600,17.0,6.0,11.0,64.75,10.0,3.0,8.75,1019.25,180.875,10.0,29.25,9.625,8.5,12.875,8.5,1,22,4,1,0,0
2021-01-23,73.5000,73.5000,13.0,7.0,10.0,66.25,10.0,3.0,6.0,1014.0,63.875,10.0,38.875,9.375,8.875,12.0,8.875,1,23,5,1,1,0
2021-01-24,73.6500,73.6500,13.0,9.0,10.0,57.5,11.0,4.0,5.75,1013.375,60.125,10.0,69.5,10.0,9.5,13.125,9.5,1,24,6,1,1,0
2021-01-25,76.5399,76.5399,14.0,8.0,11.0,63.0,11.0,3.0,8.375,1022.75,173.875,10.0,45.25,9.75,8.5,14.0,8.5,1,25,0,1,0,0
2021-01-26,78.3700,78.3700,13.0,7.0,10.0,54.375,11.0,3.0,5.125,1021.375,139.0,10.0,38.875,9.625,9.125,7.75,9.125,1,26,1,1,0,0
2021-01-27,76.0000,76.0000,14.0,7.0,10.0,61.625,11.0,2.0,5.125,1022.375,163.125,10.0,53.0,9.375,8.75,11.0,8.75,1,27,2,1,0,0
2021-01-28,74.6000,74.6000,14.0,7.0,10.0,59.25,9.0,3.0,6.625,1028.75,146.5,10.0,41.125,9.25,8.625,10.625,8.625,1,28,3,1,0,0
2021-01-29,78.6200,78.6200,10.0,7.0,8.0,77.0,1.0,2.0,9.375,1023.625,99.125,8.5,86.375,8.375,7.0,13.875,7.0,1,29,4,1,0,0
2021-01-30,76.9700,76.9700,15.0,8.0,10.0,61.125,9.0,3.0,6.5,1024.375,212.25,10.0,66.0,10.5,9.625,12.375,9.625,1,30,5,1,1,0
2021-01-31,81.0600,81.0600,15.0,7.0,11.0,51.125,11.0,4.0,6.0,1023.0,229.25,10.0,39.5,10.75,10.375,11.125,10.375,1,31,6,1,1,0
2021-02-01,77.3400,77.3400,16.0,7.0,11.0,57.25,11.0,4.0,6.625,1022.125,205.25,10.0,14.625,10.375,10.0,10.375,10.0,2,1,0,1,0,0
2021-02-02,73.6300,73.6300,15.0,10.0,12.0,55.25,11.0,4.0,4.0,1022.75,206.5,10.0,50.875,11.5,11.625,7.375,11.625,2,2,1,1,0,0
2021-02-03,75.3700,75.3700,14.0,7.0,11.0,60.5,11.0,4.0,5.125,1022.875,197.625,10.0,40.625,10.25,10.125,10.625,10.125,2,3,2,1,0,0
2021-02-04,77.1300,77.1300,14.0,8.0,11.0,63.875,3.0,4.0,6.625,1021.75,167.125,10.0,71.125,10.25,9.75,12.75,9.75,2,4,3,1,0,0
2021-02-05,80.2800,80.2800,18.0,7.0,12.0,58.625,11.0,4.0,7.125,1022.5,157.25,10.0,13.25,11.375,10.875,10.875,10.875,2,5,4,1,0,0
2021-02-06,72.0000,72.0000,16.0,8.0,12.0,55.0,11.0,4.0,5.75,1018.25,114.875,10.0,24.375,10.75,10.375,10.875,10.375,2,6,5,1,1,0
2021-02-07,71.4400,71.4400,20.0,8.0,14.0,49.625,11.0,4.0,6.625,1019.5,212.75,10.0,8.0,12.375,12.0,11.375,12.0,2,7,6,1,1,0
2021-02-08,70.5300,70.5300,19.0,9.0,14.0,52.125,11.0,4.0,5.375,1023.5,157.25,10.0,11.375,12.375,12.25,10.125,12.25,2,8,0,1,0,0
2021-02-09,69.9700,69.9700,17.0,9.0,13.0,54.75,11.0,4.0,5.125,1020.5,101.125,10.0,14.25,12.375,12.125,9.625,12.125,2,9,1,1,0,0
2021-02-10,72.6800,72.6800,18.0,10.0,14.0,50.375,11.0,4.0,4.875,1017.75,153.875,10.0,29.375,13.0,12.875,8.25,12.875,2,10,2,1,0,0
2021-02-11,74.1000,74.1000,17.0,12.0,14.0,52.5,11.0,3.0,5.875,1017.75,97.5,10.0,48.125,14.0,13.875,9.625,13.875,2,11,3,1,0,1
2021-02-12,74.1200,74.1200,20.0,10.0,14.0,57.625,11.0,4.0,6.25,1016.625,169.375,10.0,26.375,13.25,13.25,9.75,13.25,2,12,4,1,0,1
2021-02-13,75.0100,75.0100,18.0,12.0,15.0,61.0,5.0,4.0,8.125,1017.625,167.125,10.0,57.375,14.5,14.125,15.0,14.125,2,13,5,1,1,1
2021-02-14,74.9000,74.9000,19.0,9.0,14.0,65.375,11.0,4.0,6.75,1016.125,157.75,10.0,19.75,12.875,12.75,9.75,12.75,2,14,6,1,1,1
2021-02-15,74.7200,74.7200,17.0,10.0,14.0,52.875,11.0,3.0,9.5,1017.75,163.75,8.75,52.25,14.0,13.75,18.625,13.75,2,15,0,1,0,1
2021-02-16,76.9600,76.9600,20.0,9.0,14.0,52.125,11.0,3.0,8.125,1021.875,151.625,10.0,41.25,13.375,12.875,11.875,12.875,2,16,1,1,0,1
2021-02-17,73.1100,73.1100,19.0,10.0,14.0,46.5,11.0,3.0,6.875,1025.0,196.375,9.625,63.125,13.875,13.5,11.625,13.5,2,17,2,1,0,1
2021-02-18,73.9600,73.9600,17.0,10.0,13.0,57.375,10.0,3.0,5.625,1027.5,158.625,10.0,65.75,13.5,13.5,9.5,13.5,2,18,3,1,0,0
2021-02-19,74.7800,74.7800,20.0,11.0,15.0,57.375,10.0,3.0,5.25,1024.75,198.625,10.0,43.5,14.5,14.5,8.625,14.5,2,19,4,1,0,0
2021-02-20,74.5900,74.5900,21.0,11.0,16.0,54.875,11.0,4.0,5.5,1019.0,189.875,10.0,26.0,15.25,14.875,9.75,14.875,2,20,5,1,1,0
2021-02-21,73.3800,73.3800,23.0,10.0,16.0,56.0,11.0,5.0,5.75,1014.625,152.25,10.0,13.125,16.375,16.0,10.625,16.0,2,21,6,1,1,0
2021-02-22,75.0000,75.0000,20.0,13.0,17.0,60.375,11.0,5.0,4.625,1014.5,107.375,10.0,45.0,16.125,16.125,9.875,16.125,2,22,0,1,0,0
2021-02-23,75.0399,75.0399,23.0,14.0,18.0,55.125,11.0,5.0,5.75,1012.75,208.375,10.0,52.5,18.375,18.0,10.75,18.375,2,23,1,1,0,0
2021-02-24,75.4000,75.4000,19.0,16.0,17.0,70.5,4.0,5.0,10.75,1005.125,41.75,10.0,76.5,17.625,17.625,18.75,17.625,2,24,2,1,0,0
2021-02-25,95.7500,95.7500,17.0,13.0,15.0,66.125,2.0,3.0,8.5,1009.25,184.625,10.0,80.5,14.75,14.5,17.375,14.5,2,25,3,1,0,0
2021-02-26,117.1200,117.1200,16.0,10.0,13.0,67.75,1.0,3.0,8.375,1015.25,107.375,10.0,84.625,12.75,12.125,13.25,12.125,2,26,4,1,0,0
2021-02-27,107.8200,107.8200,11.0,9.0,10.0,70.375,2.0,2.0,9.75,1014.0,38.875,10.0,78.625,9.875,8.625,12.5,8.625,2,27,5,1,1,0
2021-02-28,104.6900,104.6900,11.0,9.0,10.0,81.25,1.0,2.0,9.25,1013.875,108.875,6.625,92.0,9.875,8.5,16.75,8.5,2,28,6,1,1,0
2021-03-01,105.5500,105.5500,17.0,8.0,12.0,61.0,12.0,3.0,9.0,1024.75,210.5,7.75,61.625,11.75,10.875,14.875,10.875,3,1,0,2,0,0
2021-03-02,95.8500,95.8500,16.0,8.0,12.0,49.0,11.0,4.0,6.75,1022.875,127.5,10.0,34.125,11.875,11.375,11.625,11.375,3,2,1,2,0,0
2021-03-03,93.2800,93.2800,16.0,8.0,12.0,61.125,11.0,3.0,4.375,1021.125,181.625,10.0,60.625,12.125,12.125,9.375,12.125,3,3,2,2,0,0
2021-03-04,96.4400,96.4400,15.0,10.0,12.0,60.0,12.0,4.0,6.375,1016.625,186.25,10.0,59.625,12.25,12.0,8.5,12.0,3,4,3,2,0,0
2021-03-05,99.7500,99.7500,20.0,9.0,14.0,57.0,12.0,4.0,5.75,1015.25,199.75,10.0,34.875,13.875,13.875,11.5,13.875,3,5,4,2,0,0
2021-03-06,102.0900,102.0900,19.0,12.0,15.0,59.5,10.0,3.0,7.375,1020.75,238.75,8.375,67.25,14.75,14.625,13.0,14.625,3,6,5,2,1,0
2021-03-07,109.8800,109.8800,16.0,11.0,13.0,74.5,6.0,3.0,8.375,1020.375,36.875,9.125,76.875,13.125,12.75,12.375,12.75,3,7,6,2,1,0
2021-03-08,109.7800,109.7800,16.0,11.0,14.0,72.625,6.0,3.0,6.0,1019.125,120.875,10.0,76.625,13.0,12.75,11.375,12.75,3,8,0,2,0,0
2021-03-09,102.9400,102.9400,14.0,12.0,13.0,77.0,1.0,3.0,5.75,1020.125,131.875,9.0,88.625,12.25,12.375,7.75,12.375,3,9,1,2,0,0
2021-03-10,102.8100,102.8100,17.0,12.0,14.0,66.25,4.0,3.0,5.125,1018.5,175.75,10.0,87.375,13.625,13.375,11.375,13.375,3,10,2,2,0,0
2021-03-11,102.9900,102.9900,20.0,12.0,15.0,67.875,7.0,5.0,3.875,1019.875,202.625,10.0,69.875,14.625,14.75,8.25,14.75,3,11,3,2,0,0
2021-03-12,126.0700,126.0700,20.0,13.0,17.0,60.25,12.0,5.0,5.375,1019.25,148.75,10.0,55.75,15.875,16.0,10.5,16.0,3,12,4,2,0,0
2021-03-13,125.7800,125.7800,24.0,13.0,18.0,56.25,12.0,5.0,5.875,1018.5,198.375,10.0,15.125,17.5,17.0,11.0,17.25,3,13,5,2,1,0
2021-03-14,104.5000,104.5000,21.0,15.0,18.0,62.125,8.0,5.0,9.0,1010.25,60.75,10.0,61.125,17.375,17.375,16.375,17.375,3,14,6,2,1,0
2021-03-15,103.0000,103.0000,25.0,14.0,19.0,60.375,12.0,4.0,4.5,1010.0,144.875,10.0,22.5,19.125,19.0,9.5,19.25,3,15,0,2,0,0
2021-03-16,103.5300,103.5300,26.0,16.0,21.0,51.625,10.0,6.0,4.75,1008.75,112.375,10.0,33.25,21.0,20.5,9.75,20.625,3,16,1,2,0,0
2021-03-17,105.8500,105.8500,22.0,17.0,19.0,74.875,3.0,4.0,11.125,1006.875,40.5,10.0,75.25,19.5,19.125,18.375,19.5,3,17,2,2,0,0
2021-03-18,116.1500,116.1500,23.0,17.0,19.0,73.375,12.0,4.0,9.75,1007.375,59.375,9.0,70.375,19.625,19.125,20.125,19.375,3,18,3,2,0,0
2021-03-19,129.8100,129.8100,18.0,14.0,17.0,64.875,1.0,4.0,12.5,1009.875,49.375,10.0,84.375,16.0,16.0,22.75,16.0,3,19,4,2,0,0
2021-03-20,146.9400,146.9400,15.0,10.0,13.0,56.25,12.0,3.0,9.0,1020.25,206.75,9.75,71.75,13.0,12.625,16.75,12.625,3,20,5,2,1,0
2021-03-21,117.0000,117.0000,15.0,9.0,12.0,54.875,12.0,3.0,9.375,1028.75,219.0,9.875,53.375,11.125,9.875,17.5,9.875,3,21,6,2,1,0
2021-03-22,113.5600,113.5600,17.0,7.0,12.0,58.125,12.0,4.0,7.375,1029.0,165.375,10.0,23.375,11.0,10.125,11.375,10.125,3,22,0,2,0,0
2021-03-23,101.5600,101.5600,19.0,9.0,14.0,54.375,12.0,4.0,5.75,1021.0,166.875,10.0,12.625,12.75,12.875,10.0,12.875,3,23,1,2,0,0
2021-03-24,107.2900,107.2900,19.0,10.0,14.0,55.5,12.0,4.0,7.625,1014.75,55.0,10.0,33.625,13.625,13.375,12.125,13.375,3,24,2,2,0,0
2021-03-25,109.7500,109.7500,20.0,14.0,16.0,53.25,10.0,4.0,7.0,1012.625,154.75,10.0,69.25,15.375,15.375,10.0,15.375,3,25,3,2,0,0
2021-03-26,130.4700,130.4700,19.0,14.0,16.0,67.5,5.0,4.0,6.25,1012.375,122.0,10.0,77.875,15.75,15.625,12.875,15.625,3,26,4,2,0,0
2021-03-27,131.9000,131.9000,25.0,14.0,19.0,48.0,13.0,4.0,7.375,1011.75,187.125,10.0,19.875,18.375,18.25,14.0,18.375,3,27,5,2,1,0
2021-03-28,110.2899,110.2899,26.0,15.0,20.0,44.0,13.0,6.0,6.375,1007.75,154.625,10.0,7.375,19.5,19.875,9.75,19.75,3,28,6,2,1,0
2021-03-29,107.9000,107.9000,28.0,15.0,22.0,44.25,13.0,6.0,5.5,1000.625,80.625,10.0,9.625,21.375,21.25,15.0,21.375,3,29,0,2,0,0
2021-03-30,120.9100,120.9100,27.0,17.0,21.0,51.25,7.0,6.0,9.0,998.75,50.75,10.0,60.125,22.5,21.625,18.0,21.75,3,30,1,2,0,0
2021-03-31,102.8100,102.8100,20.0,17.0,19.0,71.75,11.0,4.0,12.125,1000.375,31.25,10.0,68.625,18.625,18.625,21.75,18.625,3,31,2,2,0,0
2021-04-01,124.9100,124.9100,17.0,12.0,14.0,85.0,1.0,3.0,7.875,1007.75,188.5,8.5,84.125,14.75,14.5,11.875,14.5,4,1,3,2,0,0
2021-04-02,121.6200,121.6200,15.0,11.0,13.0,90.625,1.0,3.0,4.625,1013.875,190.75,7.75,92.875,13.25,13.625,10.375,13.625,4,2,4,2,0,0
2021-04-03,117.2200,117.2200,17.0,12.0,14.0,78.875,6.0,4.0,5.75,1017.875,204.875,10.0,76.125,14.125,14.375,11.625,14.375,4,3,5,2,1,0
2021-04-04,113.4700,113.4700,15.0,12.0,13.0,76.5,7.0,3.0,7.75,1019.25,24.5,9.125,78.75,13.25,12.625,14.375,12.625,4,4,6,2,1,1
2021-04-05,131.2500,131.2500,17.0,12.0,14.0,76.375,1.0,3.0,8.875,1017.875,68.75,10.0,88.375,14.125,13.625,13.75,13.625,4,5,0,2,0,1
2021-04-06,133.3800,133.3800,15.0,12.0,14.0,85.5,3.0,3.0,5.75,1018.0,126.5,8.75,88.75,14.0,14.375,12.5,14.375,4,6,1,2,0,0
2021-04-07,139.3000,139.3000,20.0,13.0,16.0,73.0,10.0,4.0,8.25,1017.875,187.125,9.75,70.5,16.5,16.25,13.125,16.25,4,7,2,2,0,0
2021-04-08,104.7599,104.7599,22.0,14.0,17.0,68.875,7.0,4.0,4.0,1017.0,141.0,9.625,77.0,17.125,17.25,11.0,17.25,4,8,3,2,0,0
2021-04-09,139.3400,139.3400,16.0,13.0,14.0,87.0,1.0,3.0,8.625,1016.25,59.625,7.875,98.625,14.5,14.125,14.25,14.125,4,9,4,2,0,0
2021-04-10,147.1200,147.1200,15.0,13.0,14.0,93.0,1.0,3.0,4.75,1017.75,67.25,6.625,100.0,13.75,13.625,11.125,13.625,4,10,5,2,1,0
2021-04-11,165.7500,165.7500,17.0,13.0,14.0,86.875,1.0,3.0,5.875,1017.875,74.125,8.0,99.5,14.5,14.25,11.125,14.25,4,11,6,2,1,0
2021-04-12,158.6000,158.6000,22.0,13.0,17.0,70.25,13.0,4.0,5.375,1017.5,166.125,10.0,52.0,17.375,17.25,9.625,17.25,4,12,0,2,0,0
2021-04-13,148.7500,148.7500,21.0,15.0,18.0,70.75,13.0,4.0,4.75,1016.75,153.75,9.5,67.0,17.625,17.625,11.0,17.625,4,13,1,2,0,0
2021-04-14,162.7500,162.7500,17.0,13.0,15.0,81.875,7.0,4.0,8.25,1017.25,61.75,9.0,74.75,15.75,15.5,15.625,15.5,4,14,2,2,0,0
2021-04-15,149.5300,149.5300,16.0,12.0,14.0,78.625,13.0,4.0,7.5,1017.5,161.25,10.0,49.75,14.25,14.0,15.75,14.0,4,15,3,2,0,0
2021-04-16,107.0000,107.0000,19.0,13.0,15.0,79.875,6.0,4.0,6.875,1019.5,176.375,9.25,70.5,16.25,16.125,11.875,16.125,4,16,4,2,0,0
2021-04-17,0.0000,0.0000,19.0,15.0,17.0,69.5,9.0,5.0,4.75,1020.125,149.25,10.0,58.125,16.75,16.75,8.25,16.75,4,17,5,2,1,0
2021-04-18,0.0000,0.0000,17.0,14.0,15.0,85.375,1.0,4.0,7.25,1017.625,58.125,7.0,93.875,15.5,15.625,10.125,15.625,4,18,6,2,1,0
2021-04-19,0.0000,0.0000,16.0,14.0,15.0,91.0,1.0,4.0,4.375,1012.75,84.375,10.0,91.5,15.5,15.5,9.25,15.5,4,19,0,2,0,0
2021-04-20,0.0000,0.0000,21.0,14.0,16.0,83.625,3.0,4.0,5.5,1009.875,144.0,7.25,87.25,16.625,16.625,9.25,16.625,4,20,1,2,0,0
2021-04-21,0.0000,0.0000,22.0,15.0,18.0,76.0,13.0,5.0,5.625,1011.0,125.375,9.875,54.125,18.75,18.0,12.625,18.375,4,21,2,2,0,0
2021-04-22,0.0000,0.0000,24.0,16.0,20.0,72.5,11.0,5.0,4.125,1008.25,156.875,10.0,62.625,20.25,19.375,7.5,19.875,4,22,3,2,0,0
2021-04-23,0.0000,0.0000,26.0,18.0,22.0,68.0,12.0,6.0,8.125,1003.875,125.25,10.0,57.0,21.75,21.25,14.125,21.75,4,23,4,2,0,0
2021-04-24,0.0000,0.0000,22.0,18.0,20.0,72.125,1.0,4.0,10.625,1009.75,70.25,9.625,88.0,20.875,20.375,21.75,20.875,4,24,5,2,1,0
2021-04-25,0.0000,0.0000,20.0,15.0,17.0,69.125,5.0,4.0,9.875,1016.25,142.0,9.25,79.875,17.625,17.625,20.0,17.625,4,25,6,2,1,0
2021-04-26,0.0000,0.0000,24.0,14.0,19.0,65.875,13.0,4.0,8.875,1016.25,167.125,9.0,50.25,19.375,18.75,14.125,19.375,4,26,0,2,0,0
2021-04-27,99.7200,99.7200,25.0,16.0,20.0,65.25,10.0,5.0,9.375,1015.75,150.875,10.0,64.625,21.0,20.375,14.625,21.0,4,27,1,2,0,0
2021-04-28,414.2500,414.2500,23.0,16.0,19.0,72.125,13.0,4.0,10.0,1020.5,151.375,8.375,52.5,19.5,19.0,17.625,19.5,4,28,2,2,0,0
2021-04-29,391.1900,391.1900,28.0,14.0,21.0,60.0,13.0,6.0,6.5,1015.25,196.125,10.0,5.375,20.625,20.0,13.0,20.375,4,29,3,2,0,0
2021-04-30,1607.3800,1607.3800,29.0,17.0,24.0,52.5,13.0,6.0,5.25,1010.25,58.625,10.0,14.0,23.625,23.25,12.625,23.625,4,30,4,2,0,0
2021-05-01,1808.9100,1808.9100,32.0,19.0,26.0,46.375,13.0,7.0,5.25,1008.375,223.0,10.0,28.875,25.625,25.5,10.0,25.625,5,1,5,2,1,1
2021-05-02,2135.9200,2135.9200,29.0,21.0,25.0,63.125,1.0,5.0,8.25,1004.875,70.625,8.375,78.0,25.875,24.375,16.0,25.5,5,2,6,2,1,0
2021-05-03,2537.0700,2537.0700,29.0,21.0,24.0,66.0,13.0,5.0,9.125,1006.0,172.75,9.25,57.125,26.125,24.0,17.625,25.375,5,3,0,2,0,1
2021-05-04,2290.1800,2290.1800,23.0,18.0,20.0,62.625,13.0,4.0,9.75,1013.875,206.25,9.875,58.75,21.625,20.625,18.625,20.875,5,4,1,2,0,1
2021-05-05,1626.6300,1626.6300,20.0,15.0,17.0,64.25,13.0,4.0,8.5,1018.5,178.5,9.375,63.375,17.875,17.875,15.5,17.875,5,5,2,2,0,1
2021-05-06,1822.1499,1822.1499,23.0,15.0,19.0,67.625,11.0,4.0,7.5,1016.875,168.625,10.0,57.75,19.25,18.75,9.75,19.25,5,6,3,2,0,0
2021-05-07,1206.6600,1206.6600,28.0,17.0,22.0,62.5,13.0,6.0,8.25,1014.125,172.5,10.0,36.0,22.0,21.375,13.375,22.0,5,7,4,2,0,0
2021-05-08,1555.0000,1555.0000,29.0,18.0,23.0,56.875,13.0,6.0,7.375,1010.75,176.25,10.0,12.875,23.75,23.5,12.625,23.75,5,8,5,2,1,0
2021-05-09,1851.0000,1851.0000,31.0,20.0,25.0,50.375,13.0,6.0,6.125,1004.5,176.125,10.0,10.375,24.75,24.375,9.125,24.375,5,9,6,2,1,0
2021-05-10,2697.2500,2697.2500,28.0,22.0,25.0,53.25,11.0,5.0,8.875,1001.0,93.5,10.0,73.625,25.625,24.125,16.125,25.0,5,10,0,2,0,0
2021-05-11,2044.6200,2044.6200,26.0,19.0,23.0,61.5,10.0,6.0,7.375,1005.375,218.25,9.375,58.125,24.0,22.625,13.875,23.25,5,11,1,2,0,0
2021-05-12,2335.6700,2335.6700,27.0,20.0,23.0,58.625,8.0,6.0,6.25,1005.0,181.0,10.0,49.625,24.0,22.375,10.5,22.875,5,12,2,2,0,0
2021-05-13,2423.9600,2423.9600,27.0,21.0,24.0,57.625,12.0,6.0,5.25,1001.625,172.0,10.0,49.625,25.25,23.375,8.375,23.75,5,13,3,2,0,0
2021-05-14,2146.7400,2146.7400,27.0,21.0,23.0,72.375,5.0,6.0,4.875,998.625,70.125,10.0,71.0,24.625,23.25,13.5,23.875,5,14,4,2,0,0
2021-05-15,2448.1400,2448.1400,22.0,18.0,21.0,77.0,1.0,5.0,6.625,1002.75,159.75,6.75,89.25,22.375,21.25,14.5,21.75,5,15,5,2,1,0
2021-05-16,1528.9299,1528.9299,25.0,17.0,20.0,67.5,13.0,5.0,6.5,1011.0,194.25,10.0,41.375,21.25,20.25,12.75,20.5,5,16,6,2,1,0
2021-05-17,1930.0400,1930.0400,25.0,19.0,22.0,54.5,13.0,5.0,9.5,1012.625,189.875,10.0,31.75,22.875,21.75,16.25,22.125,5,17,0,2,0,0
2021-05-18,1344.1500,1344.1500,25.0,17.0,21.0,61.125,8.0,5.0,7.25,1010.25,174.5,9.5,58.125,22.0,21.25,11.625,21.625,5,18,1,2,0,0
2021-05-19,1963.9400,1963.9400,24.0,18.0,21.0,67.875,11.0,5.0,9.0,1008.375,225.25,10.0,51.0,22.25,21.375,12.75,21.875,5,19,2,2,0,0
2021-05-20,1729.6800,1729.6800,27.0,20.0,23.0,58.625,12.0,6.0,9.0,1006.5,196.75,10.0,46.0,23.625,22.875,12.125,23.25,5,20,3,2,0,0
2021-05-21,1774.9900,1774.9900,26.0,20.0,23.0,63.5,11.0,6.0,5.375,1005.5,192.375,10.0,58.875,23.375,22.125,11.125,23.0,5,21,4,2,0,0
2021-05-22,1219.4499,1219.4499,24.0,20.0,22.0,68.125,12.0,5.0,3.75,1006.125,160.375,10.0,66.0,22.5,21.5,12.0,22.125,5,22,5,2,1,0
2021-05-23,1590.9400,1590.9400,21.0,19.0,20.0,69.5,1.0,5.0,4.875,1013.0,228.625,10.0,81.125,21.375,20.25,12.375,20.25,5,23,6,2,1,0
2021-05-24,899.5300,899.5300,26.0,17.0,21.0,54.5,13.0,5.0,7.75,1016.0,183.125,10.0,37.75,21.625,21.0,12.125,21.25,5,24,0,2,0,0
2021-05-25,1732.4500,1732.4500,21.0,18.0,19.0,68.25,7.0,5.0,5.75,1012.375,106.125,10.0,68.0,19.75,19.375,11.375,19.375,5,25,1,2,0,0
2021-05-26,668.7100,668.7100,24.0,17.0,20.0,69.25,11.0,5.0,8.5,1011.5,192.375,10.0,63.875,20.5,19.875,13.75,20.25,5,26,2,2,0,0
2021-05-27,350.9700,350.9700,29.0,19.0,24.0,63.0,13.0,6.0,6.875,1010.5,158.875,10.0,48.0,23.875,23.25,13.0,23.5,5,27,3,2,0,0
2021-05-28,1921.8100,1921.8100,29.0,20.0,24.0,56.625,12.0,6.0,6.375,1008.5,175.75,10.0,28.0,25.375,24.125,11.25,24.625,5,28,4,2,0,0
2021-05-29,1848.4500,1848.4500,26.0,21.0,23.0,63.0,13.0,6.0,7.625,1007.625,179.375,10.0,55.0,24.875,23.25,14.25,24.5,5,29,5,2,1,0
2021-05-30,2117.3300,2117.3300,30.0,20.0,25.0,62.25,14.0,6.0,5.75,1005.375,177.375,10.0,51.5,25.375,24.25,10.75,25.125,5,30,6,2,1,0
2021-05-31,2434.7300,2434.7300,33.0,23.0,27.0,51.375,12.0,6.0,6.375,1002.375,155.5,10.0,31.5,28.125,26.875,10.5,27.75,5,31,0,2,0,0
2021-06-01,2594.6200,2594.6200,30.0,23.0,26.0,54.875,13.0,7.0,10.0,1005.0,172.375,9.75,42.125,26.875,25.625,16.875,26.875,6,1,1,3,0,0
2021-06-02,2068.9000,2068.9000,31.0,23.0,27.0,48.5,11.0,7.0,5.625,1003.375,179.125,10.0,62.625,27.5,26.625,12.375,27.5,6,2,2,3,0,0
2021-06-03,1657.8800,1657.8800,25.0,20.0,22.0,67.5,13.0,5.0,12.25,1012.25,257.875,9.0,63.0,24.375,22.5,23.5,23.375,6,3,3,3,0,0
2021-06-04,129.6500,129.6500,30.0,19.0,24.0,43.125,14.0,6.0,8.75,1010.375,192.875,10.0,24.125,24.0,23.875,13.5,24.0,6,4,4,3,0,0
2021-06-05,2584.9100,2584.9100,32.0,20.0,26.0,47.75,14.0,7.0,6.875,1006.5,213.5,10.0,20.0,25.75,25.375,12.0,25.375,6,5,5,3,1,0
2021-06-06,2824.6600,2824.6600,32.0,21.0,26.0,38.0,14.0,6.0,5.75,1003.75,119.875,10.0,47.125,25.125,25.25,10.75,25.125,6,6,6,3,1,0
2021-06-07,2618.4600,2618.4600,30.0,23.0,27.0,49.375,13.0,7.0,5.875,1006.125,254.25,10.0,15.75,26.5,25.75,12.0,26.5,6,7,0,3,0,0
2021-06-08,2072.4800,2072.4800,28.0,22.0,25.0,55.125,10.0,6.0,8.75,1008.0,189.25,10.0,41.375,25.5,23.75,14.875,25.5,6,8,1,3,0,0
2021-06-09,769.0000,769.0000,25.0,20.0,22.0,76.5,1.0,5.0,5.75,1008.875,150.5,6.875,80.125,22.875,22.125,8.875,22.875,6,9,2,3,0,0
2021-06-10,769.0000,769.0000,32.0,20.0,26.0,65.5,14.0,7.0,8.375,1006.5,181.0,10.0,31.0,25.875,25.0,13.625,25.875,6,10,3,3,0,0
2021-06-11,4205.7100,4205.7100,30.0,22.0,26.0,64.375,13.0,7.0,5.75,1005.875,190.0,9.875,47.125,26.625,25.625,10.25,26.375,6,11,4,3,0,0
2021-06-12,3595.4300,3595.4300,31.0,24.0,27.0,58.0,14.0,7.0,4.0,1004.375,182.625,9.75,47.25,28.5,27.0,7.625,28.5,6,12,5,3,1,0
2021-06-13,3438.1700,3438.1700,31.0,24.0,28.0,59.375,13.0,7.0,2.75,1001.75,101.25,10.0,46.625,29.125,27.625,8.125,29.125,6,13,6,3,1,0
2021-06-14,2869.9900,4070.8599,31.0,24.0,27.0,65.125,9.0,7.0,5.625,997.875,109.5,9.875,65.25,28.625,26.625,12.75,28.625,6,14,0,3,0,1
2021-06-15,3958.3500,3958.3500,29.0,24.0,26.0,72.125,8.0,6.0,9.625,996.5,34.75,9.875,70.5,28.125,25.875,15.875,28.125,6,15,1,3,0,0
2021-06-16,4545.3099,4545.3099,26.0,22.0,25.0,77.75,1.0,5.0,11.875,999.375,29.0,10.0,95.375,27.0,25.0,20.125,27.0,6,16,2,3,0,0
2021-06-17,3547.2100,3547.2100,23.0,21.0,22.0,89.5,1.0,5.0,4.625,1004.25,187.75,8.25,96.125,24.625,22.375,13.25,23.125,6,17,3,3,0,0
2021-06-18,2490.2200,2490.2200,22.0,20.0,21.0,80.5,1.0,5.0,5.375,1007.125,229.625,9.375,91.125,22.375,21.125,9.875,21.625,6,18,4,3,0,0
2021-06-19,2368.7600,2368.7600,25.0,19.0,22.0,75.5,14.0,5.0,4.125,1005.375,227.75,10.0,53.625,23.625,22.5,9.25,23.375,6,19,5,3,1,0
2021-06-20,2945.3500,2945.3500,27.0,20.0,23.0,76.625,14.0,5.0,4.25,1004.5,211.375,10.0,42.125,24.5,23.375,8.75,24.5,6,20,6,3,1,0
2021-06-21,3873.0499,3873.0499,27.0,21.0,24.0,81.625,13.0,6.0,4.25,1005.625,196.5,10.0,46.875,26.625,24.375,7.75,26.0,6,21,0,3,0,0
2021-06-22,3790.3400,3790.3400,33.0,23.0,27.0,57.875,14.0,6.0,5.0,1006.0,172.875,10.0,47.75,28.875,27.25,8.625,28.625,6,22,1,3,0,0
2021-06-23,4384.1600,4384.1600,33.0,23.0,28.0,60.75,13.0,7.0,4.75,1004.375,183.625,10.0,41.75,29.75,27.875,10.375,29.75,6,23,2,3,0,0
2021-06-24,3454.9100,3454.9100,27.0,23.0,25.0,78.625,11.0,7.0,4.375,1003.875,132.875,10.0,65.25,27.625,25.5,10.625,27.625,6,24,3,3,0,0
2021-06-25,4049.3700,4049.3700,27.0,21.0,23.0,82.375,13.0,5.0,8.625,1004.0,143.0,9.125,69.125,25.5,23.375,15.625,24.5,6,25,4,3,0,0
2021-06-26,3085.3800,3085.3800,30.0,23.0,26.0,74.625,6.0,7.0,3.75,1002.875,134.25,10.0,62.0,28.25,25.875,7.625,27.875,6,26,5,3,1,0
2021-06-27,4511.1500,4511.1500,31.0,23.0,27.0,73.625,14.0,7.0,3.0,1002.0,154.875,10.0,39.875,29.375,26.625,8.5,29.375,6,27,6,3,1,0
2021-06-28,3718.9400,3718.9400,32.0,25.0,28.0,73.625,11.0,7.0,4.75,1000.875,111.625,10.0,63.375,31.125,28.0,12.25,31.125,6,28,0,3,0,0
2021-06-29,5326.8099,5326.8099,34.0,26.0,29.0,64.25,11.0,6.0,5.375,1000.625,162.375,10.0,51.375,31.5,28.875,14.625,31.5,6,29,1,3,0,0
2021-06-30,5416.3200,5416.3200,32.0,24.0,28.0,65.625,7.0,7.0,5.375,1001.0,246.375,9.875,70.375,30.5,28.0,9.625,30.5,6,30,2,3,0,0
2021-07-01,4685.1900,4685.1900,31.0,23.0,27.0,71.0,10.0,7.0,5.25,1001.0,182.875,10.0,29.625,29.375,27.125,11.75,29.375,7,1,3,3,0,0
2021-07-02,4877.3800,4877.3800,29.0,23.0,26.0,76.375,9.0,7.0,6.375,1001.625,164.75,9.0,44.875,28.125,25.75,13.625,28.125,7,2,4,3,0,0
2021-07-03,4322.9900,4322.9900,32.0,22.0,27.0,62.0,14.0,7.0,8.5,1002.875,199.25,10.0,33.5,28.625,26.5,11.75,28.625,7,3,5,3,1,0
2021-07-04,4569.7500,4569.7500,33.0,23.0,28.0,65.5,14.0,7.0,6.5,1003.125,188.75,10.0,31.875,30.0,28.0,11.125,30.0,7,4,6,3,1,0
2021-07-05,4568.5300,4568.5300,32.0,24.0,28.0,73.5,12.0,6.0,5.625,1003.0,159.875,9.5,58.125,29.625,26.5,10.625,29.625,7,5,0,3,0,0
2021-07-06,4886.4700,4886.4700,30.0,24.0,26.0,76.375,12.0,6.0,5.75,1003.375,255.5,10.0,68.625,28.75,26.375,9.75,28.75,7,6,1,3,0,0
2021-07-07,4860.0000,4860.0000,29.0,25.0,26.0,81.125,9.0,6.0,3.0,1004.75,163.0,9.875,74.5,29.25,26.375,9.75,29.25,7,7,2,3,0,0
2021-07-08,5655.8500,5655.8500,28.0,24.0,26.0,91.0,9.0,6.0,5.25,1005.75,79.0,7.0,74.75,29.0,25.75,12.875,29.0,7,8,3,3,0,0
2021-07-09,5137.2200,5137.2200,25.0,23.0,24.0,97.125,1.0,5.0,6.5,1004.5,43.25,6.375,99.75,26.5,23.5,10.75,26.5,7,9,4,3,0,0
2021-07-10,4933.2500,4933.2500,26.0,22.0,24.0,94.25,10.0,5.0,6.625,1002.625,177.375,7.625,82.25,27.0,24.125,11.375,27.0,7,10,5,3,1,0
2021-07-11,4222.5199,4222.5199,28.0,23.0,25.0,85.625,8.0,5.0,6.875,1003.125,168.125,10.0,65.0,28.375,25.375,12.625,28.375,7,11,6,3,1,0
2021-07-12,5560.3800,5560.3800,31.0,24.0,27.0,82.875,7.0,6.0,4.5,1002.375,133.125,9.5,83.375,30.125,26.875,9.625,30.125,7,12,0,3,0,0
2021-07-13,4269.4400,5284.6300,32.0,25.0,28.0,76.25,3.0,7.0,4.375,1000.0,216.25,9.875,61.875,32.5,28.375,9.125,32.5,7,13,1,3,0,0
2021-07-14,5829.7500,5829.7500,31.0,26.0,28.0,82.375,14.0,6.0,5.75,999.375,165.75,8.375,69.0,32.625,28.125,13.75,32.625,7,14,2,3,0,0
2021-07-15,6205.5300,6205.5300,26.0,24.0,25.0,94.125,6.0,6.0,12.125,1001.375,34.25,6.875,80.125,28.125,24.875,24.125,28.125,7,15,3,3,0,0
2021-07-16,4414.3099,4414.3099,26.0,23.0,24.0,93.875,5.0,5.0,9.375,1005.5,75.0,8.125,86.125,26.875,24.125,21.0,26.875,7,16,4,3,0,0
2021-07-17,4458.8400,4458.8400,31.0,23.0,27.0,82.625,9.0,6.0,7.0,1004.375,51.625,7.75,76.875,30.25,26.75,11.125,30.25,7,17,5,3,1,0
2021-07-18,5696.1900,5696.1900,33.0,24.0,28.0,76.25,11.0,7.0,3.25,1002.25,160.125,9.75,52.375,32.0,28.0,8.75,32.0,7,18,6,3,1,0
2021-07-19,5663.3500,5663.3500,32.0,25.0,27.0,78.375,6.0,6.0,5.375,1002.5,195.375,9.625,59.5,30.125,26.875,12.375,30.125,7,19,0,3,0,0
2021-07-20,5849.4300,5849.4300,31.0,24.0,27.0,82.875,2.0,6.0,5.5,1002.625,94.75,8.875,73.875,30.125,26.625,12.5,30.125,7,20,1,3,0,0
2021-07-21,5181.0000,5181.0000,31.0,24.0,27.0,79.5,5.0,6.0,4.75,1001.625,176.125,9.5,74.625,30.375,27.125,11.75,30.375,7,21,2,3,0,0
2021-07-22,5551.6500,5551.6500,31.0,24.0,27.0,82.625,8.0,6.0,5.25,1001.25,221.25,9.625,71.625,29.875,26.5,12.0,29.875,7,22,3,3,0,0
2021-07-23,5725.2900,5725.2900,31.0,25.0,27.0,84.625,7.0,6.0,5.625,1000.5,155.25,8.375,72.25,31.375,27.25,13.625,31.375,7,23,4,3,0,0
2021-07-24,6692.9700,6692.9700,30.0,24.0,26.0,86.0,10.0,6.0,7.625,1001.625,36.375,7.5,71.625,30.0,26.5,18.0,30.0,7,24,5,3,1,0
2021-07-25,5654.6800,5654.6800,31.0,24.0,27.0,81.625,2.0,6.0,5.75,1001.5,76.5,9.0,73.75,31.0,27.0,11.75,31.0,7,25,6,3,1,0
2021-07-26,6215.0400,6215.0400,31.0,24.0,27.0,81.0,3.0,6.0,6.25,1000.0,186.5,8.625,77.0,30.25,26.625,15.375,30.25,7,26,0,3,0,0
2021-07-27,5638.2400,5638.2400,29.0,24.0,26.0,80.875,11.0,6.0,6.75,1000.375,215.625,9.375,60.75,29.125,26.375,14.375,29.125,7,27,1,3,0,0
2021-07-28,5081.6300,5081.6300,33.0,22.0,27.0,67.0,14.0,7.0,4.0,1000.125,260.625,10.0,17.25,30.0,27.125,10.125,30.0,7,28,2,3,0,0
2021-07-29,5103.8700,5103.8700,35.0,23.0,29.0,67.875,14.0,7.0,6.125,998.625,233.0,10.0,16.75,33.0,29.0,11.625,33.0,7,29,3,3,0,0
2021-07-30,5345.2300,5345.2300,34.0,25.0,29.0,68.375,13.0,7.0,6.375,999.0,228.875,10.0,35.625,33.375,29.5,12.125,33.375,7,30,4,3,0,0
2021-07-31,5329.5599,5329.5599,36.0,24.0,30.0,67.25,13.0,6.0,4.375,999.375,191.25,10.0,25.625,33.0,29.0,9.0,33.0,7,31,5,3,1,0
2021-08-01,5309.1200,5309.1200,37.0,24.0,30.0,64.625,13.0,8.0,5.625,999.375,250.375,10.0,6.0,33.25,29.0,8.375,33.25,8,1,6,3,1,0
2021-08-02,5524.9000,5524.9000,36.0,25.0,31.0,61.125,13.0,8.0,5.875,999.75,241.5,10.0,3.375,33.875,30.125,9.5,33.875,8,2,0,3,0,0
2021-08-03,6057.3900,6057.3900,36.0,26.0,30.0,57.375,13.0,8.0,5.75,1001.375,220.125,10.0,10.625,33.625,30.375,10.375,33.625,8,3,1,3,0,0
2021-08-04,6012.1500,6012.1500,34.0,26.0,30.0,65.0,12.0,6.0,7.875,1003.0,266.375,9.75,47.5,33.0,29.5,16.25,33.0,8,4,2,3,0,0
2021-08-05,6298.8400,6298.8400,30.0,25.0,27.0,74.5,8.0,6.0,9.25,1001.75,235.125,9.375,74.625,28.875,26.125,19.0,28.875,8,5,3,3,0,0
2021-08-06,4658.9400,4658.9400,32.0,24.0,28.0,73.0,13.0,6.0,6.5,1001.125,245.625,10.0,45.875,29.5,26.75,16.0,29.5,8,6,4,3,0,0
2021-08-07,4809.8099,4809.8099,31.0,25.0,28.0,72.75,9.0,6.0,6.5,1000.5,143.75,9.625,56.5,30.375,27.5,14.75,30.375,8,7,5,3,1,0
2021-08-08,5056.6000,5056.6000,29.0,24.0,26.0,83.75,6.0,6.0,9.75,1003.125,52.375,9.75,67.375,28.5,25.625,14.0,28.5,8,8,6,3,1,0
2021-08-09,5089.0499,5089.0499,31.0,23.0,27.0,75.625,13.0,7.0,5.75,1004.625,190.25,10.0,38.0,29.875,26.875,9.375,29.875,8,9,0,3,0,0
2021-08-10,6036.9200,6036.9200,32.0,24.0,27.0,64.75,9.0,7.0,4.75,1003.75,164.375,10.0,52.25,29.625,27.375,12.5,29.625,8,10,1,3,0,0
2021-08-11,6155.8400,6155.8400,29.0,23.0,26.0,78.25,4.0,6.0,7.125,1006.5,221.875,10.0,70.875,28.875,26.375,12.125,28.875,8,11,2,3,0,0
2021-08-12,5811.4000,5811.4000,26.0,21.0,25.0,76.125,10.0,6.0,4.625,1006.875,122.375,9.875,71.0,27.5,25.25,13.125,27.5,8,12,3,3,0,0
2021-08-13,4117.6600,4117.6600,31.0,20.0,26.0,72.75,13.0,6.0,5.625,1004.5,237.625,10.0,23.75,28.0,25.875,12.0,27.625,8,13,4,3,0,0
2021-08-14,4403.6600,4403.6600,30.0,21.0,25.0,77.25,11.0,7.0,5.375,1004.875,184.0,9.75,60.0,27.25,25.125,11.375,26.875,8,14,5,3,1,0
2021-08-15,4816.0199,4816.0199,27.0,23.0,25.0,86.5,12.0,5.0,6.0,1005.625,119.75,9.75,68.25,27.25,24.75,11.25,27.25,8,15,6,3,1,0
2021-08-16,5371.3300,5371.3300,24.0,23.0,23.0,92.875,2.0,5.0,7.875,1007.375,42.25,8.625,81.0,26.0,23.625,13.75,26.0,8,16,0,3,0,0
2021-08-17,4700.7800,4700.7800,25.0,23.0,24.0,89.125,1.0,5.0,9.5,1006.875,37.5,9.0,89.75,26.0,23.75,20.125,26.0,8,17,1,3,0,0
2021-08-18,5128.1500,5128.1500,26.0,23.0,24.0,91.5,1.0,5.0,7.0,1006.125,76.75,8.0,90.0,26.625,24.25,15.75,26.625,8,18,2,3,0,0
2021-08-19,4415.4600,4415.4600,30.0,23.0,26.0,87.375,5.0,6.0,6.25,1003.875,103.625,7.375,70.375,29.125,25.875,12.625,29.125,8,19,3,3,0,0
2021-08-20,6262.5300,6262.5300,32.0,24.0,27.0,83.125,8.0,6.0,7.375,1004.0,49.75,9.0,73.875,31.5,27.375,13.75,31.5,8,20,4,3,0,0
2021-08-21,5897.4500,5897.4500,32.0,25.0,28.0,82.5,11.0,7.0,5.125,1001.875,120.0,8.5,72.375,32.0,27.625,9.5,32.0,8,21,5,3,1,0
2021-08-22,5946.6600,5946.6600,26.0,22.0,24.0,93.0,4.0,5.0,11.625,1001.875,82.375,6.625,76.875,26.25,23.875,27.125,26.25,8,22,6,3,1,0
2021-08-23,3704.2799,3704.2799,29.0,21.0,25.0,81.125,13.0,5.0,7.0,1003.0,190.875,10.0,43.5,27.5,24.875,10.875,26.75,8,23,0,3,0,0
2021-08-24,4610.3400,4610.3400,30.0,23.0,26.0,73.5,13.0,7.0,6.5,1005.375,214.0,10.0,32.25,27.75,25.5,11.375,27.75,8,24,1,3,0,0
2021-08-25,4621.7100,4621.7100,25.0,21.0,24.0,80.5,10.0,5.0,7.625,1006.75,115.5,9.625,63.875,24.875,22.875,14.625,24.5,8,25,2,3,0,0
2021-08-26,2495.3500,2495.3500,22.0,18.0,20.0,91.375,8.0,4.0,6.875,1011.875,269.25,6.25,82.5,20.5,20.125,12.125,20.5,8,26,3,3,0,0
2021-08-27,1642.7500,1642.7500,25.0,18.0,21.0,80.75,13.0,5.0,7.875,1012.625,170.0,9.875,55.375,21.75,21.125,12.125,21.75,8,27,4,3,0,0
2021-08-28,2442.0900,2442.0900,21.0,19.0,20.0,91.875,1.0,5.0,4.625,1010.375,174.375,9.0,87.625,20.75,20.375,8.125,20.375,8,28,5,3,1,0
2021-08-29,2352.2800,2352.2800,26.0,19.0,21.0,88.0,7.0,5.0,5.625,1010.375,181.25,6.75,78.125,22.75,21.75,8.75,22.75,8,29,6,3,1,0
2021-08-30,2437.1600,2437.1600,25.0,19.0,22.0,86.125,3.0,5.0,5.5,1009.375,149.25,7.0,86.5,24.0,22.25,9.0,23.375,8,30,0,3,0,0
2021-08-31,3268.1499,3268.1499,28.0,21.0,23.0,84.0,12.0,6.0,5.25,1010.0,113.125,10.0,53.625,25.0,23.625,10.5,24.75,8,31,1,3,0,0
2021-09-01,3740.7900,3740.7900,29.0,22.0,25.0,80.5,9.0,6.0,4.0,1009.875,233.875,10.0,67.625,27.0,24.875,10.125,27.0,9,1,2,4,0,0
2021-09-02,3284.6200,3284.6200,30.0,22.0,26.0,78.375,10.0,6.0,3.875,1006.625,135.75,10.0,78.25,28.125,25.625,7.75,28.125,9,2,3,4,0,0
2021-09-03,4344.2400,4344.2400,28.0,22.0,24.0,88.125,7.0,5.0,8.125,1003.0,69.75,8.875,74.0,27.25,24.625,13.375,27.25,9,3,4,4,0,0
2021-09-04,4344.2400,4344.2400,25.0,18.0,22.0,89.625,5.0,5.0,14.625,1005.875,213.875,10.0,75.25,24.625,22.875,27.625,24.125,9,4,5,4,1,0
2021-09-05,3690.3400,3690.3400,26.0,20.0,23.0,81.75,9.0,5.0,6.5,1009.375,179.125,10.0,59.25,25.875,23.625,14.0,25.0,9,5,6,4,1,0
2021-09-06,3858.5600,3858.5600,24.0,19.0,21.0,85.0,10.0,5.0,9.75,1016.125,213.375,10.0,70.875,23.625,22.125,18.25,23.25,9,6,0,4,0,0
2021-09-07,2649.6200,2649.6200,28.0,19.0,23.0,72.25,12.0,6.0,5.625,1016.25,157.625,10.0,42.375,24.125,23.25,10.5,23.875,9,7,1,4,0,0
2021-09-08,2001.0300,2001.0300,27.0,21.0,23.0,69.25,13.0,6.0,6.375,1012.5,192.25,10.0,49.0,25.125,23.625,10.75,24.75,9,8,2,4,0,0
2021-09-09,2135.4700,2135.4700,30.0,20.0,24.0,71.625,13.0,6.0,6.375,1012.125,195.875,10.0,34.0,24.875,23.875,12.25,24.875,9,9,3,4,0,0
2021-09-10,2418.5600,2418.5600,29.0,20.0,25.0,72.375,13.0,6.0,5.625,1011.125,196.0,10.0,32.125,25.625,24.375,9.0,25.375,9,10,4,4,0,0
2021-09-11,2165.7500,2165.7500,29.0,22.0,25.0,70.75,10.0,7.0,4.75,1007.125,154.25,9.875,61.0,26.625,24.5,7.875,26.375,9,11,5,4,1,0
2021-09-12,2258.8200,2258.8200,28.0,21.0,25.0,75.625,13.0,6.0,7.25,1005.75,40.375,10.0,55.25,26.875,24.5,12.25,26.25,9,12,6,4,1,0
2021-09-13,4599.0100,4599.0100,28.0,22.0,24.0,86.875,7.0,5.0,7.375,1008.5,26.875,10.0,74.375,26.125,23.75,14.25,26.125,9,13,0,4,0,0
2021-09-14,2490.2400,2490.2400,23.0,21.0,22.0,92.375,1.0,5.0,11.5,1011.375,68.125,9.0,90.625,24.75,22.5,21.0,23.625,9,14,1,4,0,0
2021-09-15,2490.2400,2490.2400,23.0,20.0,21.0,92.875,1.0,5.0,11.625,1012.375,21.5,6.875,98.0,23.625,21.875,23.25,22.75,9,15,2,4,0,0
2021-09-16,221.0900,221.0900,24.0,21.0,22.0,82.125,10.0,5.0,6.0,1011.375,217.125,10.0,64.625,24.5,22.125,16.125,22.875,9,16,3,4,0,0
2021-09-17,1542.0300,1542.0300,27.0,20.0,23.0,67.625,13.0,6.0,5.875,1009.625,148.875,10.0,34.75,24.75,22.875,11.75,24.0,9,17,4,4,0,0
2021-09-18,1358.1799,1358.1799,21.0,19.0,20.0,90.75,1.0,4.0,7.25,1009.25,67.375,7.875,95.75,21.0,20.25,11.875,21.0,9,18,5,4,1,0
2021-09-19,209.7300,209.7300,31.0,18.0,23.0,72.125,13.0,5.0,12.0,1011.75,190.875,9.0,35.875,23.875,23.125,24.0,23.875,9,19,6,4,1,0
2021-09-20,2975.2700,2975.2700,31.0,19.0,24.0,69.75,13.0,6.0,6.0,1012.625,187.0,10.0,8.0,24.625,23.875,11.875,24.375,9,20,0,4,0,1
2021-09-21,3527.4100,3527.4100,28.0,21.0,24.0,68.875,10.0,6.0,3.75,1009.875,152.375,10.0,52.125,25.875,24.125,8.0,25.5,9,21,1,4,0,1
2021-09-22,3671.3999,3671.3999,29.0,23.0,25.0,73.5,9.0,6.0,6.25,1006.0,70.375,9.875,68.25,27.0,25.25,11.625,27.0,9,22,2,4,0,0
2021-09-23,3697.4100,3697.4100,28.0,22.0,24.0,82.25,2.0,6.0,10.25,1008.25,42.75,9.875,77.0,26.5,24.125,18.5,26.25,9,23,3,4,0,0
2021-09-24,3207.6900,3207.6900,27.0,22.0,24.0,82.75,1.0,5.0,8.625,1008.375,33.25,10.0,84.25,26.5,24.0,13.5,26.5,9,24,4,4,0,0
2021-09-25,3427.8100,3427.8100,27.0,21.0,23.0,77.375,12.0,5.0,9.125,1008.5,38.25,10.0,72.5,25.375,23.625,14.0,25.0,9,25,5,4,1,0
2021-09-26,4404.8700,4404.8700,24.0,21.0,23.0,87.125,4.0,5.0,14.125,1010.125,23.875,10.0,75.5,25.125,22.75,27.5,25.125,9,26,6,4,1,0
2021-09-27,1499.3700,1499.3700,25.0,20.0,22.0,81.75,10.0,5.0,6.5,1011.0,135.875,10.0,68.25,22.5,22.0,15.25,22.5,9,27,0,4,0,0
2021-09-28,2139.1100,2139.1100,29.0,19.0,24.0,74.25,12.0,5.0,5.875,1011.125,195.125,9.375,28.875,24.625,23.375,14.875,24.25,9,28,1,4,0,0
2021-09-29,2684.9500,2684.9500,30.0,20.0,24.0,69.75,12.0,6.0,7.25,1011.0,176.375,10.0,11.375,25.375,24.375,11.5,24.875,9,29,2,4,0,0
2021-09-30,2567.7900,2567.7900,30.0,22.0,26.0,65.75,11.0,7.0,5.875,1010.0,171.125,10.0,36.875,27.25,25.625,10.5,27.0,9,30,3,4,0,0
2021-10-01,2900.2200,2900.2200,26.0,24.0,25.0,66.375,11.0,7.0,3.25,1008.75,153.625,10.0,53.5,26.5,24.625,8.625,26.5,10,1,4,4,0,1
2021-10-02,4763.4000,4763.4000,29.0,23.0,25.0,73.25,5.0,7.0,4.5,1006.75,125.625,10.0,67.125,27.0,24.875,8.375,27.0,10,2,5,4,1,1
2021-10-03,4636.6700,4636.6700,28.0,23.0,24.0,83.75,5.0,5.0,10.125,1003.0,21.75,7.0,83.875,26.875,24.75,15.125,26.875,10,3,6,4,1,1
2021-10-04,5726.1900,5726.1900,23.0,17.0,20.0,86.875,1.0,5.0,19.625,1008.75,38.625,9.875,89.5,21.125,20.25,33.25,20.75,10,4,0,4,0,1
2021-10-05,2143.2799,2143.2799,19.0,17.0,18.0,90.125,1.0,4.0,9.375,1013.5,40.125,7.75,95.375,18.25,18.25,15.75,18.25,10,5,1,4,0,1
2021-10-06,150.5799,150.5799,18.0,17.0,17.0,90.375,4.0,4.0,7.0,1013.5,61.0,5.0,85.25,17.625,17.625,11.75,17.625,10,6,2,4,0,1
2021-10-07,151.7200,151.7200,22.0,17.0,19.0,85.625,2.0,4.0,3.625,1013.5,199.625,8.0,84.75,19.125,18.875,8.125,18.875,10,7,3,4,0,1
2021-10-08,934.9100,934.9100,23.0,17.0,19.0,81.625,3.0,5.0,4.75,1012.5,148.625,10.0,83.75,19.375,19.125,9.75,19.375,10,8,4,4,0,0
2021-10-09,147.2800,147.2800,18.0,17.0,17.0,89.75,1.0,4.0,9.0,1015.375,18.625,7.875,94.875,17.5,17.5,14.625,17.5,10,9,5,4,1,0
2021-10-10,156.8500,156.8500,17.0,15.0,16.0,82.375,1.0,4.0,6.0,1021.25,194.25,9.375,91.75,16.5,16.5,12.125,16.5,10,10,6,4,1,0
2021-10-11,129.2200,129.2200,16.0,14.0,15.0,83.875,1.0,3.0,6.5,1022.375,161.75,8.0,99.625,15.125,15.125,10.0,15.125,10,11,0,4,0,0
2021-10-12,113.3400,113.3400,17.0,14.0,15.0,78.75,1.0,4.0,4.25,1020.625,28.75,10.0,96.625,15.5,15.625,8.75,15.625,10,12,1,4,0,0
2021-10-13,137.8100,137.8100,18.0,15.0,16.0,79.75,2.0,4.0,3.625,1021.375,72.375,10.0,75.0,16.375,16.375,8.125,16.375,10,13,2,4,0,0
2021-10-14,142.5300,142.5300,19.0,17.0,18.0,79.875,1.0,5.0,3.875,1021.625,95.125,10.0,84.125,17.625,17.625,7.625,17.625,10,14,3,4,0,0
2021-10-15,144.1000,144.1000,16.0,13.0,15.0,79.125,1.0,3.0,6.625,1023.75,202.625,9.0,91.5,15.625,15.5,10.25,15.5,10,15,4,4,0,0
2021-10-16,125.7800,125.7800,16.0,13.0,14.0,84.375,10.0,3.0,4.75,1028.75,214.0,10.0,84.25,14.375,14.5,10.625,14.5,10,16,5,4,1,0
2021-10-17,98.7100,98.7100,14.0,13.0,13.0,81.375,1.0,3.0,6.25,1026.5,95.375,10.0,100.0,13.125,12.875,8.625,12.875,10,17,6,4,1,0
2021-10-18,122.4200,122.4200,15.0,13.0,14.0,81.625,2.0,3.0,5.0,1022.5,101.125,10.0,91.25,14.0,13.75,9.125,13.75,10,18,0,4,0,0
2021-10-19,134.5500,134.5500,15.0,13.0,14.0,82.625,1.0,3.0,4.0,1020.375,115.625,10.0,95.75,13.625,13.5,6.75,13.5,10,19,1,4,0,0
2021-10-20,145.0300,145.0300,16.0,13.0,14.0,81.625,5.0,3.0,7.875,1022.0,56.25,9.0,76.75,13.875,13.625,12.25,13.625,10,20,2,4,0,0
2021-10-21,139.7900,139.7900,18.0,13.0,15.0,72.875,4.0,3.0,6.75,1024.5,191.125,10.0,77.25,14.625,14.5,9.875,14.5,10,21,3,4,0,0
2021-10-22,156.6900,156.6900,15.0,13.0,14.0,78.5,1.0,3.0,3.75,1025.375,164.625,10.0,87.5,14.25,14.375,6.75,14.375,10,22,4,4,0,0
2021-10-23,141.9300,141.9300,14.0,13.0,13.0,84.125,1.0,3.0,3.125,1024.0,120.375,10.0,92.875,13.25,13.375,7.5,13.375,10,23,5,4,1,0
2021-10-24,143.3200,143.3200,19.0,14.0,16.0,73.125,7.0,4.0,4.5,1023.875,112.625,10.0,80.0,15.75,15.875,7.5,15.875,10,24,6,4,1,0
2021-10-25,143.0600,143.0600,16.0,14.0,15.0,78.75,1.0,3.0,2.875,1021.125,162.25,10.0,86.0,14.625,14.75,7.25,14.75,10,25,0,4,0,0
2021-10-26,143.6200,143.6200,17.0,13.0,15.0,89.25,1.0,3.0,5.125,1021.625,171.875,7.0,90.0,14.5,14.5,10.875,14.5,10,26,1,4,0,0
2021-10-27,140.3500,140.3500,16.0,13.0,14.0,75.75,1.0,3.0,5.5,1022.25,81.875,10.0,80.75,14.5,14.75,10.25,14.75,10,27,2,4,0,0
2021-10-28,135.5000,135.5000,16.0,13.0,14.0,83.75,1.0,3.0,6.25,1023.375,23.125,10.0,96.375,14.0,13.875,9.25,13.875,10,28,3,4,0,0
2021-10-29,148.1200,148.1200,19.0,14.0,16.0,76.625,8.0,4.0,4.625,1024.25,97.375,10.0,52.375,15.75,15.875,7.875,15.875,10,29,4,4,0,0
2021-10-30,153.7200,153.7200,20.0,14.0,17.0,72.875,6.0,4.0,5.25,1022.125,160.0,10.0,77.0,15.75,15.625,9.125,15.625,10,30,5,4,1,0
2021-10-31,138.0000,138.0000,21.0,15.0,17.0,65.125,10.0,4.0,6.875,1022.375,172.875,10.0,59.5,17.125,17.125,11.375,17.125,10,31,6,4,1,0
2021-11-01,140.5900,140.5900,17.0,14.0,15.0,75.625,5.0,4.0,6.75,1022.0,49.875,10.0,86.75,15.375,15.5,10.0,15.5,11,1,0,4,0,0
2021-11-02,137.9100,137.9100,16.0,13.0,15.0,83.25,3.0,3.0,4.875,1022.5,50.625,10.0,84.0,14.75,14.875,7.5,14.875,11,2,1,4,0,0
2021-11-03,141.0600,141.0600,16.0,14.0,15.0,82.75,8.0,3.0,2.125,1019.25,277.125,10.0,68.0,14.75,14.875,8.125,14.875,11,3,2,4,0,0
2021-11-04,136.8100,136.8100,16.0,13.0,14.0,84.0,1.0,3.0,3.25,1014.0,124.125,10.0,85.25,14.5,14.5,6.0,14.5,11,4,3,4,0,0
2021-11-05,151.5700,151.5700,20.0,13.0,16.0,73.25,11.0,5.0,3.5,1011.375,198.5,10.0,46.375,15.875,15.875,8.875,15.875,11,5,4,4,0,0
2021-11-06,175.1200,175.1200,17.0,9.0,15.0,72.375,1.0,4.0,10.5,1013.75,76.875,10.0,83.125,14.75,14.125,20.125,14.125,11,6,5,4,1,0
2021-11-07,155.4100,155.4100,10.0,5.0,7.0,74.0,4.0,2.0,9.375,1032.125,189.0,8.0,80.875,6.75,5.125,16.625,5.125,11,7,6,4,1,0
2021-11-08,89.1600,89.1600,15.0,6.0,10.0,55.625,11.0,3.0,5.0,1029.625,181.875,10.0,14.25,9.25,8.875,9.75,8.875,11,8,0,4,0,0
2021-11-09,95.1500,95.1500,16.0,7.0,11.0,56.875,11.0,4.0,4.875,1027.875,217.75,10.0,25.0,9.875,9.5,8.375,9.5,11,9,1,4,0,0
2021-11-10,98.0700,98.0700,17.0,6.0,11.0,52.0,11.0,4.0,4.875,1024.75,123.25,10.0,10.0,10.0,9.5,8.875,9.5,11,10,2,4,0,0
2021-11-11,100.5300,100.5300,16.0,10.0,12.0,47.0,9.0,4.0,5.625,1023.5,108.25,10.0,22.625,10.625,10.375,9.875,10.375,11,11,3,4,0,0
2021-11-12,104.7100,104.7100,17.0,9.0,12.0,36.875,11.0,4.0,6.75,1026.375,77.75,10.0,35.375,10.5,9.875,10.875,9.875,11,12,4,4,0,0
2021-11-13,105.6000,105.6000,16.0,8.0,12.0,46.75,10.0,4.0,4.375,1023.875,138.125,10.0,22.875,10.0,9.75,7.75,9.75,11,13,5,4,1,0
2021-11-14,106.5300,106.5300,16.0,9.0,12.0,55.375,11.0,4.0,4.125,1021.625,135.5,10.0,15.75,10.125,10.125,8.125,10.125,11,14,6,4,1,0
2021-11-15,121.6000,121.6000,15.0,8.0,12.0,55.125,11.0,4.0,4.0,1020.5,167.375,10.0,25.0,10.125,10.0,6.5,10.0,11,15,0,4,0,0
2021-11-16,126.0200,126.0200,15.0,10.0,12.0,61.75,2.0,3.0,4.75,1022.125,213.625,10.0,78.125,12.0,11.75,8.875,11.75,11,16,1,4,0,0
2021-11-17,131.0000,131.0000,17.0,8.0,12.0,65.375,11.0,3.0,4.0,1025.625,171.375,10.0,51.0,12.125,12.125,8.0,12.125,11,17,2,4,0,0
2021-11-18,121.1000,121.1000,14.0,9.0,11.0,77.875,2.0,4.0,5.5,1017.5,84.125,10.0,68.125,10.75,10.5,8.875,10.5,11,18,3,4,0,0
2021-11-19,127.1200,127.1200,14.0,10.0,12.0,72.375,6.0,4.0,5.375,1014.5,97.125,10.0,56.5,12.0,12.125,10.5,12.125,11,19,4,4,0,0
2021-11-20,125.6000,125.6000,15.0,11.0,13.0,71.875,1.0,3.0,4.25,1015.375,131.5,10.0,95.75,13.0,12.875,6.875,12.875,11,20,5,4,1,0
2021-11-21,129.4900,129.4900,14.0,9.0,12.0,51.25,11.0,3.0,7.875,1024.625,132.5,10.0,60.75,12.0,11.375,12.5,11.375,11,21,6,4,1,0
2021-11-22,103.6999,103.6999,15.0,8.0,11.0,53.0,10.0,4.0,8.5,1028.75,174.375,10.0,46.375,10.5,9.625,13.625,9.625,11,22,0,4,0,0
2021-11-23,86.0600,86.0600,15.0,8.0,11.0,59.5,10.0,4.0,7.25,1027.0,202.75,10.0,38.625,9.875,9.125,11.375,9.125,11,23,1,4,0,0
2021-11-24,67.9700,67.9700,15.0,8.0,11.0,57.125,10.0,4.0,5.125,1025.375,184.75,10.0,5.875,10.125,9.875,8.5,9.875,11,24,2,4,0,0
2021-11-25,67.8400,67.8400,16.0,9.0,12.0,58.125,11.0,4.0,2.875,1023.0,127.75,10.0,20.5,11.0,11.0,6.125,11.0,11,25,3,4,0,0
2021-11-26,68.3200,68.3200,15.0,11.0,13.0,59.25,6.0,4.0,2.75,1024.5,198.875,10.0,63.125,11.5,11.75,6.875,11.75,11,26,4,4,0,0
2021-11-27,81.7800,81.7800,13.0,10.0,12.0,70.375,6.0,3.0,5.375,1025.125,166.25,10.0,78.125,11.625,11.5,8.0,11.5,11,27,5,4,1,0
2021-11-28,84.0300,84.0300,13.0,9.0,11.0,80.375,1.0,3.0,5.25,1024.25,81.0,10.0,93.875,10.875,10.5,7.5,10.5,11,28,6,4,1,0
2021-11-29,83.5900,83.5900,12.0,8.0,11.0,63.75,7.0,3.0,8.0,1028.375,120.25,10.0,62.625,11.375,10.5,11.5,10.5,11,29,0,4,0,0
2021-11-30,632.2500,632.2500,16.0,7.0,11.0,58.0,11.0,4.0,6.75,1030.75,185.75,10.0,5.5,11.125,10.5,10.5,10.5,11,30,1,4,0,0
2021-12-01,574.0600,574.0600,15.0,7.0,11.0,53.5,11.0,4.0,3.75,1026.875,158.75,10.0,19.125,10.875,10.75,7.375,10.75,12,1,2,1,0,0
2021-12-02,66.8500,66.8500,17.0,7.0,12.0,52.0,11.0,4.0,5.0,1027.25,244.75,10.0,22.5,10.75,10.625,9.0,10.625,12,2,3,1,0,0
2021-12-03,66.9300,66.9300,17.0,9.0,12.0,54.375,11.0,4.0,3.875,1025.75,190.0,10.0,5.625,10.75,10.75,7.25,10.75,12,3,4,1,0,0
2021-12-04,69.1000,69.1000,16.0,9.0,12.0,56.25,11.0,4.0,3.625,1024.625,55.75,10.0,36.25,10.875,10.875,8.25,10.875,12,4,5,1,1,0
2021-12-05,66.9100,66.9100,19.0,9.0,13.0,55.25,11.0,4.0,5.125,1024.5,220.875,10.0,11.25,11.375,11.375,8.625,11.375,12,5,6,1,1,0
2021-12-06,66.4000,66.4000,13.0,10.0,12.0,69.5,1.0,4.0,5.5,1023.125,56.25,10.0,79.125,11.25,11.0,9.375,11.0,12,6,0,1,0,0
2021-12-07,82.0000,82.0000,11.0,9.0,10.0,87.875,1.0,3.0,8.375,1021.5,35.25,6.0,98.25,10.25,9.25,14.5,9.25,12,7,1,1,0,0
2021-12-08,84.6900,84.6900,12.0,8.0,10.0,77.25,1.0,2.0,7.125,1027.375,177.0,10.0,91.75,9.625,9.0,12.125,9.0,12,8,2,1,0,0
2021-12-09,73.6499,73.6499,13.0,8.0,10.0,73.875,6.0,4.0,3.5,1026.625,207.125,10.0,54.25,9.5,9.375,7.0,9.375,12,9,3,1,0,0
2021-12-10,73.3500,73.3500,11.0,10.0,10.0,81.0,1.0,3.0,6.625,1022.375,34.125,10.0,99.5,10.375,9.75,10.75,9.75,12,10,4,1,0,0
2021-12-11,81.9000,81.9000,14.0,9.0,11.0,75.125,3.0,3.0,6.625,1027.375,236.0,8.0,82.125,11.0,10.375,11.0,10.375,12,11,5,1,1,0
2021-12-12,77.7599,77.7599,15.0,8.0,11.0,59.375,11.0,3.0,5.75,1030.875,140.0,10.0,47.125,10.875,10.5,12.75,10.5,12,12,6,1,1,0
2021-12-13,71.7400,71.7400,13.0,9.0,10.0,66.875,6.0,3.0,5.5,1023.5,67.875,10.0,68.75,10.375,9.75,10.625,9.75,12,13,0,1,0,0
2021-12-14,84.3500,84.3500,12.0,10.0,11.0,71.5,5.0,4.0,3.875,1018.875,110.875,10.0,74.5,9.875,9.625,9.125,9.625,12,14,1,1,0,0
2021-12-15,115.0000,115.0000,11.0,10.0,10.0,75.25,3.0,3.0,3.5,1017.625,264.0,10.0,87.0,10.375,10.25,8.5,10.25,12,15,2,1,0,0
2021-12-16,118.5900,118.5900,13.0,9.0,11.0,63.875,3.0,3.0,5.25,1024.0,221.75,10.0,74.25,10.625,10.25,11.0,10.25,12,16,3,1,0,0
2021-12-17,87.7800,87.7800,12.0,7.0,9.0,47.625,11.0,3.0,8.25,1029.625,214.5,10.0,27.0,8.875,7.375,13.125,7.375,12,17,4,1,0,0
2021-12-18,64.2200,64.2200,12.0,4.0,8.0,61.75,11.0,3.0,5.75,1031.875,137.25,10.0,26.625,7.625,6.75,9.25,6.75,12,18,5,1,1,0
2021-12-19,62.4700,62.4700,12.0,5.0,8.0,61.0,11.0,3.0,4.5,1028.5,153.375,10.0,37.5,7.25,6.625,9.125,6.625,12,19,6,1,1,0
2021-12-20,67.5300,67.5300,15.0,5.0,9.0,54.25,11.0,3.0,6.875,1025.375,170.5,10.0,5.25,8.125,7.0,11.625,7.0,12,20,0,1,0,0
2021-12-21,76.9700,76.9700,14.0,5.0,9.0,57.875,11.0,3.0,3.5,1023.375,172.875,10.0,16.5,8.125,8.0,7.125,8.0,12,21,1,1,0,0
2021-12-22,81.6900,81.6900,13.0,5.0,9.0,59.25,11.0,3.0,3.625,1020.875,89.75,10.0,27.875,8.125,8.0,6.75,8.0,12,22,2,1,0,0
2021-12-23,84.5600,84.5600,14.0,8.0,10.0,59.625,3.0,3.0,4.75,1016.875,88.625,10.0,76.625,9.0,8.5,7.375,8.5,12,23,3,1,0,0
2021-12-24,105.1000,105.1000,15.0,7.0,11.0,60.625,11.0,4.0,5.875,1022.25,160.375,10.0,29.5,9.75,9.0,11.375,9.0,12,24,4,1,0,0
2021-12-25,107.8400,107.8400,11.0,7.0,10.0,69.75,5.0,3.0,8.625,1025.375,68.875,9.0,70.75,8.625,7.625,17.0,7.625,12,25,5,1,1,0
2021-12-26,114.7700,114.7700,7.0,4.0,6.0,60.375,10.0,2.0,15.625,1035.125,51.0,10.0,62.375,5.25,2.0,27.375,2.0,12,26,6,1,1,0
2021-12-27,65.5000,65.5000,6.0,2.0,4.0,69.375,3.0,1.0,6.625,1032.875,71.125,10.0,77.0,4.0,2.25,12.25,2.25,12,27,0,1,0,0
2021-12-28,62.8799,62.8799,6.0,2.0,4.0,65.25,4.0,2.0,3.25,1029.125,169.25,10.0,63.75,4.0,3.625,9.875,3.625,12,28,1,1,0,0
2021-12-29,66.8800,66.8800,12.0,1.0,6.0,57.375,10.0,3.0,5.5,1031.0,195.5,10.0,6.75,3.875,2.875,9.125,2.875,12,29,2,1,0,0
2021-12-30,63.3100,63.3100,10.0,3.0,6.0,60.875,7.0,3.0,5.0,1031.0,128.0,10.0,29.75,4.625,3.875,7.25,3.875,12,30,3,1,0,0
2021-12-31,84.8400,84.8400,10.0,4.0,7.0,60.125,5.0,3.0,4.375,1029.625,97.125,10.0,68.875,6.0,5.125,7.25,5.125,12,31,4,1,0,0
2022-01-01,85.3200,85.3200,13.0,3.0,8.0,61.125,10.0,3.0,5.625,1029.5,172.75,10.0,19.125,6.75,5.75,10.0,5.75,1,1,5,1,1,1
2022-01-02,90.1300,90.1300,11.0,6.0,8.0,64.0,1.0,2.0,4.25,1025.25,161.375,10.0,87.75,7.25,6.625,8.125,6.625,1,2,6,1,1,0
2022-01-03,91.3900,91.3900,11.0,6.0,8.0,62.75,10.0,2.0,4.125,1022.75,74.5,10.0,64.375,8.375,8.125,10.375,8.125,1,3,0,1,0,1
2022-01-04,102.8800,102.8800,12.0,7.0,9.0,63.875,4.0,2.0,4.25,1020.625,192.0,10.0,83.75,8.75,8.375,8.625,8.375,1,4,1,1,0,0
2022-01-05,88.5300,88.5300,11.0,7.0,9.0,69.625,1.0,3.0,5.5,1020.5,107.25,10.0,77.0,7.875,7.25,10.125,7.25,1,5,2,1,0,0
2022-01-06,87.2900,87.2900,13.0,8.0,10.0,65.125,10.0,3.0,3.75,1024.75,138.0,10.0,49.25,9.25,9.0,8.25,9.0,1,6,3,1,0,0
2022-01-07,113.0600,113.0600,11.0,8.0,9.0,75.5,2.0,3.0,6.5,1025.25,78.125,10.0,81.375,9.375,8.75,10.25,8.75,1,7,4,1,0,0
2022-01-08,104.1600,104.1600,10.0,8.0,9.0,83.375,1.0,2.0,5.875,1025.125,90.0,9.0,84.125,8.875,8.125,8.375,8.125,1,8,5,1,1,0
2022-01-09,115.7500,115.7500,11.0,6.0,9.0,76.0,9.0,2.0,6.125,1021.625,212.5,10.0,60.875,7.25,6.375,8.625,6.375,1,9,6,1,1,0
2022-01-10,113.5900,113.5900,14.0,7.0,10.0,67.375,6.0,2.0,7.625,1023.625,159.375,10.0,61.5,9.5,8.5,13.75,8.5,1,10,0,1,0,0
2022-01-11,97.8700,97.8700,14.0,4.0,9.0,42.25,10.0,3.0,4.875,1023.875,135.125,10.0,7.25,8.25,8.125,9.125,8.125,1,11,1,1,0,0
2022-01-12,81.2500,81.2500,12.0,7.0,9.0,55.25,9.0,3.0,7.75,1023.0,123.875,10.0,44.125,8.5,7.5,15.625,7.5,1,12,2,1,0,0
2022-01-13,85.1900,85.1900,12.0,5.0,8.0,38.0,10.0,3.0,6.125,1022.625,160.5,10.0,36.875,8.25,7.75,10.875,7.75,1,13,3,1,0,0
2022-01-14,86.3500,86.3500,11.0,6.0,8.0,67.125,5.0,3.0,4.5,1019.5,104.25,10.0,54.25,8.0,7.625,10.75,7.625,1,14,4,1,0,0
2022-01-15,97.0200,97.0200,13.0,7.0,9.0,68.5,7.0,2.0,3.75,1022.5,102.25,10.0,73.25,9.375,9.25,8.25,9.25,1,15,5,1,1,0
2022-01-16,92.5700,92.5700,15.0,5.0,10.0,65.75,10.0,2.0,6.375,1026.25,187.875,10.0,34.125,9.125,8.5,9.875,8.5,1,16,6,1,1,0
2022-01-17,95.2200,95.2200,14.0,7.0,10.0,63.875,7.0,3.0,4.5,1027.375,136.5,10.0,61.5,8.875,8.75,7.875,8.75,1,17,0,1,0,0
2022-01-18,89.4600,89.4600,14.0,7.0,10.0,65.625,6.0,3.0,4.5,1024.625,150.375,10.0,57.125,8.75,8.625,8.25,8.625,1,18,1,1,0,0
2022-01-19,92.5399,92.5399,15.0,5.0,10.0,61.75,10.0,4.0,3.875,1021.0,117.25,10.0,30.5,8.5,8.5,8.25,8.5,1,19,2,1,0,0
2022-01-20,114.6800,114.6800,13.0,9.0,10.0,65.5,5.0,4.0,3.875,1016.125,132.5,10.0,62.5,9.625,9.625,7.25,9.625,1,20,3,1,0,0
2022-01-21,110.9400,110.9400,10.0,9.0,9.0,87.75,1.0,2.0,6.875,1016.5,50.0,9.0,100.0,9.125,8.25,11.125,8.25,1,21,4,1,0,0
2022-01-22,113.0300,113.0300,10.0,8.0,9.0,85.0,1.0,2.0,5.125,1015.125,114.0,10.0,93.25,8.875,8.5,10.25,8.5,1,22,5,1,1,0
2022-01-23,112.5700,112.5700,10.0,8.0,9.0,85.5,1.0,2.0,5.5,1017.0,109.0,10.0,97.75,8.75,7.875,10.875,7.875,1,23,6,1,1,0
2022-01-24,91.6800,91.6800,13.0,8.0,9.0,75.5,1.0,2.0,5.875,1018.5,73.125,9.0,85.875,9.5,8.75,12.125,8.75,1,24,0,1,0,0
2022-01-25,69.8800,69.8800,11.0,7.0,9.0,72.625,7.0,2.0,5.875,1019.0,108.625,10.0,73.5,8.25,7.5,13.0,7.5,1,25,1,1,0,0
2022-01-26,90.7400,90.7400,10.0,7.0,8.0,77.625,1.0,2.0,8.125,1018.375,39.0,10.0,98.0,7.625,6.125,14.25,6.125,1,26,2,1,0,0
2022-01-27,109.9700,109.9700,9.0,6.0,8.0,79.0,1.0,2.0,9.375,1021.875,49.125,10.0,99.5,7.125,5.5,17.0,5.5,1,27,3,1,0,0
2022-01-28,82.6400,82.6400,9.0,5.0,7.0,74.25,2.0,2.0,7.875,1024.125,81.75,10.0,87.125,6.625,5.25,16.0,5.25,1,28,4,1,0,0
2022-01-29,79.1500,79.1500,11.0,3.0,7.0,68.375,10.0,3.0,7.5,1021.75,184.375,10.0,50.875,6.625,5.0,10.75,5.0,1,29,5,1,1,0
2022-01-30,66.0000,66.0000,9.0,5.0,6.0,73.125,2.0,2.0,6.875,1022.625,137.125,10.0,88.0,6.125,4.75,11.25,4.75,1,30,6,1,1,0
2022-01-31,69.7200,69.7200,10.0,3.0,7.0,64.75,10.0,3.0,4.875,1023.875,176.125,10.0,57.875,6.375,5.5,9.375,5.5,1,31,0,1,0,1
2022-02-01,71.6800,71.6800,7.0,5.0,6.0,87.625,1.0,2.0,11.25,1023.0,22.5,9.0,100.0,5.625,3.375,16.5,3.375,2,1,1,1,0,1
2022-02-02,95.5000,95.5000,10.0,4.0,7.0,73.5,1.0,2.0,5.625,1027.125,141.375,10.0,88.75,6.125,5.25,10.125,5.25,2,2,2,1,0,1
2022-02-03,96.7200,96.7200,9.0,3.0,6.0,67.625,1.0,2.0,4.625,1023.625,164.375,10.0,75.125,5.875,5.125,7.875,5.125,2,3,3,1,0,1
2022-02-04,92.7800,92.7800,11.0,5.0,8.0,69.0,1.0,2.0,3.625,1026.875,197.875,10.0,88.75,7.0,6.875,7.375,6.875,2,4,4,1,0,1
2022-02-05,107.1000,107.1000,8.0,6.0,7.0,78.375,1.0,2.0,6.125,1024.625,75.875,10.0,94.0,6.625,5.625,11.0,5.625,2,5,5,1,1,0
2022-02-06,110.9000,110.9000,6.0,4.0,5.0,89.875,1.0,2.0,10.875,1022.0,102.5,10.0,100.0,5.375,3.25,18.5,3.25,2,6,6,1,1,0
2022-02-07,107.7500,107.7500,6.0,3.0,4.0,86.875,1.0,1.0,7.375,1023.625,74.5,10.0,85.875,4.125,2.25,14.5,2.25,2,7,0,1,0,0
2022-02-08,101.2500,101.2500,9.0,2.0,5.0,73.625,5.0,2.0,6.5,1025.625,200.875,10.0,64.0,5.0,3.875,13.0,3.875,2,8,1,1,0,0
2022-02-09,88.3500,88.3500,9.0,2.0,5.0,76.25,5.0,2.0,5.125,1024.5,164.375,10.0,56.875,4.375,3.75,9.0,3.75,2,9,2,1,0,0
2022-02-10,74.9100,74.9100,8.0,4.0,6.0,70.875,5.0,2.0,4.875,1020.875,83.375,10.0,74.25,5.875,4.75,9.875,4.75,2,10,3,1,0,0
2022-02-11,91.0000,91.0000,12.0,3.0,7.0,66.375,7.0,3.0,4.25,1021.5,223.0,10.0,57.25,6.875,6.625,8.375,6.625,2,11,4,1,0,0
2022-02-12,78.6300,78.6300,10.0,6.0,8.0,80.75,1.0,2.0,4.5,1021.25,176.0,9.0,92.125,7.5,7.5,8.25,7.5,2,12,5,1,1,0
2022-02-13,91.1800,91.1800,12.0,3.0,8.0,77.0,6.0,3.0,6.0,1020.875,117.875,10.0,52.5,7.875,7.125,12.375,7.125,2,13,6,1,1,0
2022-02-14,86.2200,86.2200,10.0,8.0,9.0,82.25,1.0,2.0,6.25,1020.125,62.625,9.0,95.375,8.875,8.25,10.75,8.25,2,14,0,1,0,0
2022-02-15,98.8500,98.8500,16.0,7.0,11.0,68.0,7.0,4.0,5.875,1018.25,233.75,10.0,51.625,11.25,10.875,10.375,10.875,2,15,1,1,0,0
2022-02-16,90.5200,90.5200,14.0,10.0,11.0,69.5,1.0,4.0,5.875,1013.5,22.375,10.0,82.0,11.5,11.125,12.375,11.125,2,16,2,1,0,0
2022-02-17,103.5700,103.5700,10.0,8.0,9.0,87.25,3.0,2.0,11.875,1014.625,27.125,10.0,92.25,8.875,7.125,21.0,7.125,2,17,3,1,0,0
2022-02-18,106.4700,106.4700,9.0,7.0,8.0,90.125,1.0,2.0,10.125,1020.875,110.375,8.0,99.25,7.75,5.875,17.5,5.875,2,18,4,1,0,0
2022-02-19,101.4700,101.4700,10.0,5.0,7.0,57.625,11.0,2.0,11.375,1029.125,126.0,10.0,59.0,6.875,4.875,19.625,4.875,2,19,5,1,1,0
2022-02-20,48.7500,48.7500,8.0,4.0,6.0,61.75,5.0,2.0,7.625,1028.875,152.0,10.0,76.25,5.375,3.875,12.5,3.875,2,20,6,1,1,0
2022-02-21,81.1900,81.1900,7.0,4.0,5.0,90.875,1.0,1.0,7.75,1029.5,27.0,8.875,100.0,4.875,3.0,11.75,3.0,2,21,0,1,0,0
2022-02-22,91.5900,91.5900,11.0,3.0,7.0,76.25,1.0,2.0,4.875,1031.125,224.375,10.0,83.375,6.25,5.625,8.25,5.625,2,22,1,1,0,0
2022-02-23,97.8100,97.8100,10.0,3.0,7.0,78.875,1.0,3.0,5.375,1029.875,116.375,10.0,79.25,6.75,5.875,9.875,5.875,2,23,2,1,0,0
2022-02-24,85.1900,85.1900,12.0,4.0,8.0,70.125,7.0,2.0,3.875,1028.375,227.875,10.0,63.75,7.875,7.5,8.125,7.5,2,24,3,1,0,0
2022-02-25,87.6500,87.6500,13.0,5.0,9.0,64.0,11.0,3.0,4.625,1025.0,294.5,10.0,48.375,8.625,8.25,9.0,8.25,2,25,4,1,0,0
2022-02-26,91.5300,91.5300,17.0,6.0,11.0,58.75,11.0,4.0,7.875,1025.25,209.625,10.0,19.75,10.5,9.5,13.5,9.5,2,26,5,1,1,0
2022-02-27,89.6300,89.6300,17.0,8.0,12.0,64.375,12.0,4.0,5.875,1016.875,159.875,10.0,32.5,10.5,10.0,11.25,10.0,2,27,6,1,1,0
2022-02-28,87.0300,87.0300,16.0,10.0,13.0,51.875,12.0,3.0,9.75,1018.625,113.375,10.0,59.625,12.75,12.125,16.25,12.125,2,28,0,1,0,0
2022-03-01,78.1200,78.1200,17.0,9.0,13.0,44.75,12.0,3.0,7.75,1022.5,235.125,10.0,33.5,12.25,11.625,13.5,11.625,3,1,1,2,0,0
2022-03-02,78.1200,78.1200,14.0,9.0,11.0,66.125,1.0,4.0,6.5,1019.625,159.375,10.0,66.0,10.5,10.25,13.875,10.25,3,2,2,2,0,0
2022-03-03,95.3800,95.3800,17.0,9.0,13.0,60.125,12.0,4.0,5.25,1015.875,197.375,10.0,19.125,12.625,12.375,9.375,12.375,3,3,3,2,0,0
2022-03-04,96.1800,96.1800,19.0,11.0,15.0,48.875,12.0,4.0,4.875,1016.875,173.25,10.0,34.25,14.75,15.0,9.0,15.0,3,4,4,2,0,0
2022-03-05,98.9400,98.9400,20.0,11.0,15.0,52.0,10.0,4.0,4.75,1013.875,222.75,10.0,37.375,14.0,14.0,10.5,14.0,3,5,5,2,1,0
2022-03-06,97.2500,97.2500,21.0,13.0,16.0,63.625,10.0,4.0,6.75,1016.75,64.5,10.0,60.625,15.375,15.0,11.625,15.0,3,6,6,2,1,0
2022-03-07,96.6300,96.6300,23.0,10.0,16.0,59.0,12.0,5.0,6.375,1019.375,251.125,10.0,21.0,15.75,15.375,10.25,15.375,3,7,0,2,0,0
2022-03-08,94.0200,94.0200,23.0,11.0,17.0,58.375,12.0,5.0,5.5,1009.25,51.25,10.0,21.875,17.0,16.5,15.5,16.625,3,8,1,2,0,0
2022-03-09,108.6900,108.6900,26.0,13.0,19.0,54.875,9.0,5.0,7.0,1011.125,130.125,10.0,42.75,18.625,17.875,13.875,18.5,3,9,2,2,0,0
2022-03-10,99.2500,99.2500,27.0,15.0,21.0,50.0,12.0,5.0,5.25,1010.375,111.125,10.0,36.75,19.625,19.375,9.375,19.625,3,10,3,2,0,0
2022-03-11,87.9400,87.9400,28.0,16.0,22.0,54.0,12.0,6.0,4.875,1006.375,89.375,10.0,32.125,20.875,20.375,10.0,20.875,3,11,4,2,0,0
2022-03-12,109.2899,109.2899,24.0,19.0,21.0,59.125,11.0,5.0,8.125,1007.625,110.125,10.0,54.0,22.375,21.625,16.875,22.125,3,12,5,2,1,0
2022-03-13,86.1800,86.1800,30.0,17.0,23.0,50.625,12.0,6.0,5.375,1007.75,215.125,10.0,14.625,22.75,22.375,9.5,22.75,3,13,6,2,1,0
2022-03-14,87.8400,87.8400,28.0,19.0,23.0,53.625,9.0,6.0,7.25,1009.875,137.625,10.0,42.625,22.75,22.375,18.375,22.5,3,14,0,2,0,0
2022-03-15,271.4000,271.4000,30.0,17.0,23.0,52.125,12.0,6.0,6.25,1005.375,155.0,9.75,24.0,22.25,21.875,13.625,22.25,3,15,1,2,0,0
2022-03-16,102.9100,102.9100,28.0,19.0,23.0,54.0,9.0,6.0,9.75,1002.75,33.75,9.75,43.5,21.875,21.5,19.375,21.875,3,16,2,2,0,0
2022-03-17,119.1500,119.1500,27.0,18.0,22.0,62.75,12.0,5.0,6.25,1007.125,221.0,9.875,30.5,21.125,21.0,13.5,21.125,3,17,3,2,0,0
2022-03-18,96.2000,96.2000,30.0,17.0,23.0,54.625,12.0,6.0,5.75,1004.625,182.5,10.0,25.875,22.75,22.5,14.625,22.75,3,18,4,2,0,0
2022-03-19,90.3100,90.3100,26.0,21.0,23.0,58.625,8.0,6.0,12.875,1000.125,93.625,10.0,60.875,23.875,22.625,22.875,23.625,3,19,5,2,1,0
2022-03-20,103.8100,103.8100,20.0,14.0,16.0,75.625,1.0,4.0,14.0,1005.25,36.25,6.375,88.875,16.375,16.375,22.875,16.375,3,20,6,2,1,0
2022-03-21,102.2200,102.2200,15.0,12.0,14.0,74.25,3.0,3.0,6.0,1012.375,181.0,10.0,93.0,13.875,14.0,13.75,14.0,3,21,0,2,0,0
2022-03-22,68.6300,68.6300,14.0,12.0,12.0,79.75,3.0,3.0,6.125,1019.625,158.75,9.0,82.375,12.25,12.125,13.0,12.125,3,22,1,2,0,0
2022-03-23,63.0900,63.0900,18.0,10.0,15.0,69.25,7.0,3.0,7.25,1017.5,181.25,10.0,64.75,14.375,14.25,12.375,14.25,3,23,2,2,0,0
2022-03-24,66.9700,66.9700,20.0,13.0,16.0,60.375,12.0,5.0,5.75,1005.75,90.75,10.0,66.125,15.625,15.625,13.375,15.625,3,24,3,2,0,0
2022-03-25,95.0000,95.0000,21.0,13.0,16.0,65.5,3.0,5.0,6.125,1008.875,246.75,9.0,78.0,16.375,16.375,11.75,16.375,3,25,4,2,0,0
2022-03-26,102.2500,102.2500,16.0,13.0,14.0,55.5,5.0,3.0,9.5,1018.875,235.5,10.0,69.5,13.625,12.875,15.375,12.875,3,26,5,2,1,0
2022-03-27,107.9600,107.9600,23.0,10.0,16.0,54.375,13.0,5.0,8.625,1018.875,182.625,10.0,15.625,15.375,14.875,12.25,14.875,3,27,6,2,1,0
2022-03-28,87.8500,87.8500,19.0,12.0,15.0,68.625,10.0,5.0,7.375,1014.375,44.125,10.0,53.75,14.625,14.375,13.125,14.375,3,28,0,2,0,0
2022-03-29,94.7200,94.7200,19.0,14.0,16.0,60.5,1.0,5.0,7.75,1011.75,113.875,10.0,81.625,16.375,16.375,15.75,16.375,3,29,1,2,0,0
2022-03-30,94.9700,94.9700,19.0,13.0,16.0,68.25,5.0,5.0,7.625,1017.375,103.25,9.375,70.0,16.125,16.0,13.25,16.0,3,30,2,2,0,0
2022-03-31,102.0300,102.0300,16.0,12.0,14.0,76.25,6.0,3.0,7.5,1028.0,167.5,8.875,79.75,13.5,13.5,15.625,13.5,3,31,3,2,0,0
2022-04-01,104.5900,104.5900,18.0,11.0,14.0,67.0,8.0,3.0,5.25,1031.5,147.875,10.0,72.75,13.375,13.375,10.5,13.375,4,1,4,2,0,0
2022-04-02,106.0300,106.0300,21.0,10.0,15.0,64.875,13.0,5.0,6.875,1029.375,178.625,10.0,22.75,14.625,14.625,11.375,14.625,4,2,5,2,1,0
2022-04-03,98.7899,98.7899,19.0,12.0,15.0,63.0,12.0,5.0,6.125,1023.25,118.125,10.0,50.25,14.375,14.5,9.125,14.5,4,3,6,2,1,0
2022-04-04,104.4900,104.4900,15.0,13.0,14.0,83.625,2.0,3.0,6.5,1023.875,224.625,8.0,84.875,14.0,13.875,13.125,13.875,4,4,0,2,0,1
2022-04-05,118.1900,118.1900,22.0,11.0,16.0,68.75,13.0,4.0,6.5,1025.0,205.0,10.0,39.625,14.375,14.125,11.375,14.125,4,5,1,2,0,1
2022-04-06,112.5900,112.5900,23.0,12.0,17.0,65.5,13.0,5.0,6.375,1022.625,183.25,10.0,41.0,17.125,16.25,12.625,16.25,4,6,2,2,0,0
2022-04-07,56.0600,113.3300,27.0,12.0,19.0,51.375,13.0,5.0,5.25,1020.0,204.25,10.0,6.0,18.125,17.625,9.75,17.75,4,7,3,2,0,0
2022-04-08,113.7100,113.7100,26.0,15.0,20.0,49.25,12.0,6.0,4.125,1014.0,85.25,10.0,15.0,20.375,20.0,11.0,20.375,4,8,4,2,0,0
2022-04-09,120.4300,120.4300,30.0,16.0,23.0,47.875,13.0,6.0,5.375,1010.0,235.625,10.0,10.125,21.875,21.5,11.0,21.5,4,9,5,2,1,0
2022-04-10,100.3800,100.3800,31.0,18.0,24.0,46.375,13.0,6.0,4.375,1006.375,239.0,10.0,8.25,22.875,22.375,8.375,22.875,4,10,6,2,1,0
2022-04-11,913.1800,913.1800,29.0,18.0,23.0,57.0,10.0,6.0,8.75,1003.75,71.375,9.875,54.25,23.125,22.625,16.625,23.125,4,11,0,2,0,0
2022-04-12,685.6999,685.6999,27.0,16.0,21.0,63.0,13.0,5.0,7.5,1007.5,195.625,9.875,26.25,21.75,21.25,14.25,21.375,4,12,1,2,0,0
2022-04-13,953.3100,953.3100,23.0,18.0,19.0,65.25,9.0,4.0,6.5,1010.125,131.875,10.0,73.625,19.75,19.5,11.125,19.5,4,13,2,2,0,0
2022-04-14,90.4400,90.4400,19.0,15.0,17.0,87.75,1.0,4.0,9.875,1009.375,135.625,9.125,89.875,17.625,17.625,17.875,17.625,4,14,3,2,0,0
2022-04-15,123.4600,123.4600,15.0,10.0,12.0,91.875,1.0,3.0,16.625,1015.625,34.75,6.625,100.0,12.5,11.0,30.75,11.0,4,15,4,2,0,0
2022-04-16,121.5399,121.5399,13.0,10.0,10.0,84.5,1.0,3.0,9.375,1021.0,30.0,10.0,100.0,10.5,9.0,16.125,9.0,4,16,5,2,1,0
2022-04-17,105.0900,105.0900,16.0,10.0,12.0,81.625,3.0,3.0,5.875,1021.375,180.25,8.0,89.125,11.75,11.5,9.625,11.5,4,17,6,2,1,0
2022-04-18,120.9799,120.9799,22.0,11.0,16.0,63.75,11.0,5.0,5.625,1022.75,203.25,9.875,38.375,15.125,14.875,11.375,14.875,4,18,0,2,0,0
2022-04-19,108.4900,108.4900,23.0,12.0,17.0,54.875,12.0,4.0,6.75,1020.25,227.625,10.0,36.875,15.75,15.625,12.875,15.625,4,19,1,2,0,0
2022-04-20,108.6300,109.8800,26.0,12.0,19.0,51.875,13.0,5.0,8.125,1013.25,206.625,10.0,15.5,17.625,17.25,12.125,17.5,4,20,2,2,0,0
2022-04-21,423.5800,423.5800,27.0,14.0,21.0,56.375,13.0,6.0,8.0,1005.75,89.625,10.0,25.75,20.75,20.25,15.375,20.5,4,21,3,2,0,0
2022-04-22,102.6600,102.6600,26.0,19.0,22.0,58.0,12.0,6.0,7.0,1006.25,101.375,10.0,44.125,21.75,21.375,14.25,21.75,4,22,4,2,0,0
2022-04-23,100.2500,100.2500,28.0,18.0,23.0,56.875,13.0,6.0,5.125,1007.75,175.625,10.0,25.875,23.125,22.5,8.875,22.875,4,23,5,2,1,0
2022-04-24,1572.0000,1572.0000,23.0,19.0,21.0,73.0,6.0,5.0,10.125,1003.625,124.125,10.0,72.75,22.125,21.375,19.0,22.125,4,24,6,2,1,0
2022-04-25,628.2200,628.2200,29.0,18.0,22.0,57.75,13.0,6.0,10.5,1005.375,195.0,10.0,25.0,22.25,22.0,17.125,22.25,4,25,0,2,0,0
2022-04-26,567.5000,567.5000,30.0,18.0,23.0,58.125,13.0,5.0,6.875,1007.5,159.5,10.0,40.625,23.875,23.25,14.125,23.5,4,26,1,2,0,0
2022-04-27,1542.5300,1542.5300,27.0,19.0,23.0,63.125,9.0,6.0,5.5,1006.875,93.375,10.0,57.75,23.625,22.5,13.25,22.875,4,27,2,2,0,0
2022-04-28,1142.8500,1142.8500,26.0,16.0,21.0,65.0,13.0,5.0,14.875,1011.375,153.625,9.25,39.5,21.0,20.5,24.75,21.0,4,28,3,2,0,0
2022-04-29,928.9000,928.9000,25.0,17.0,21.0,56.75,8.0,6.0,7.75,1011.5,83.0,10.0,59.25,20.625,20.0,14.5,20.625,4,29,4,2,0,0
2022-04-30,1263.8200,1263.8200,20.0,15.0,17.0,70.625,9.0,4.0,11.125,1019.875,205.875,8.875,76.625,16.875,16.875,20.0,16.875,4,30,5,2,1,0
2022-05-01,566.0300,566.0300,22.0,13.0,17.0,53.25,13.0,4.0,10.125,1023.625,209.0,10.0,36.875,16.625,16.125,17.875,16.125,5,1,6,2,1,1
2022-05-02,1142.4000,1142.4000,25.0,12.0,18.0,44.375,10.0,5.0,7.75,1020.5,202.125,10.0,39.875,18.125,17.875,14.0,18.0,5,2,0,2,0,1
2022-05-03,1197.9299,1197.9299,25.0,14.0,20.0,44.875,8.0,5.0,6.875,1019.375,206.25,10.0,34.25,19.375,19.25,11.5,19.375,5,3,1,2,0,1
2022-05-04,1242.7300,1242.7300,29.0,14.0,22.0,45.0,13.0,5.0,5.125,1014.125,204.75,10.0,16.5,21.0,21.0,9.25,21.0,5,4,2,2,0,1
2022-05-05,1146.6200,1146.6200,30.0,17.0,24.0,48.875,13.0,6.0,4.875,1009.625,184.25,10.0,8.875,23.125,22.625,9.125,22.75,5,5,3,2,0,0
2022-05-06,1029.3500,1029.3500,33.0,19.0,26.0,46.75,13.0,7.0,5.625,1007.75,176.625,10.0,11.5,25.375,24.875,10.5,25.125,5,6,4,2,0,0
2022-05-07,1559.7800,1559.7800,32.0,21.0,27.0,39.375,10.0,7.0,6.5,1007.5,184.5,10.0,23.75,26.625,26.25,12.375,26.625,5,7,5,2,1,0
2022-05-08,1649.4100,1649.4100,29.0,22.0,25.0,57.375,7.0,5.0,10.125,1007.125,130.125,9.75,60.0,25.25,23.625,21.125,24.875,5,8,6,2,1,0
2022-05-09,2004.8999,2004.8999,28.0,18.0,23.0,71.125,10.0,5.0,12.5,1009.5,109.625,9.0,57.375,23.5,22.375,20.875,23.125,5,9,0,2,0,0
2022-05-10,1212.0200,1212.0200,30.0,19.0,24.0,64.75,10.0,6.0,8.0,1007.125,179.875,10.0,34.375,24.0,23.125,14.375,23.625,5,10,1,2,0,0
2022-05-11,1189.0100,1189.0100,28.0,20.0,24.0,58.75,5.0,5.0,11.5,1007.875,253.375,9.875,63.875,23.25,23.125,16.125,23.25,5,11,2,2,0,0
2022-05-12,1852.5300,1852.5300,28.0,19.0,24.0,63.125,9.0,6.0,6.625,1005.875,148.25,10.0,41.75,24.375,23.0,12.375,24.0,5,12,3,2,0,0
2022-05-13,1481.3700,1481.3700,23.0,15.0,18.0,81.625,2.0,4.0,15.5,1008.125,28.5,7.625,88.875,19.0,18.75,27.0,18.75,5,13,4,2,0,0
2022-05-14,118.7899,118.7899,15.0,13.0,14.0,91.0,1.0,3.0,15.875,1014.5,37.5,5.625,98.25,14.0,12.875,26.75,12.875,5,14,5,2,1,0
2022-05-15,99.1500,99.1500,20.0,14.0,16.0,75.25,7.0,5.0,8.375,1019.75,211.375,9.0,55.75,15.875,15.75,13.75,15.75,5,15,6,2,1,0
2022-05-16,90.2800,90.2800,24.0,14.0,19.0,64.5,13.0,5.0,7.625,1018.125,204.125,10.0,16.0,18.75,18.125,13.0,18.75,5,16,0,2,0,0
2022-05-17,282.1900,282.1900,22.0,17.0,19.0,67.0,2.0,5.0,6.25,1014.375,188.25,10.0,63.125,17.875,17.875,10.75,17.875,5,17,1,2,0,0
2022-05-18,119.3200,119.3200,20.0,16.0,17.0,77.0,4.0,4.0,4.5,1014.25,118.75,10.0,82.875,17.25,17.25,9.0,17.25,5,18,2,2,0,0
2022-05-19,134.0300,134.0300,24.0,16.0,20.0,71.375,5.0,5.0,4.375,1014.25,177.875,10.0,71.0,20.125,19.5,6.875,19.75,5,19,3,2,0,0
2022-05-20,113.7700,113.7700,27.0,18.0,22.0,63.375,13.0,6.0,6.375,1011.125,187.875,10.0,42.0,22.125,21.25,9.875,22.125,5,20,4,2,0,0
2022-05-21,1046.5700,1046.5700,26.0,19.0,22.0,61.125,11.0,6.0,6.375,1008.75,206.625,10.0,59.625,21.5,20.75,10.375,21.125,5,21,5,2,1,0
2022-05-22,502.0600,502.0600,27.0,18.0,22.0,64.25,13.0,5.0,4.25,1006.25,165.625,10.0,48.25,21.875,21.375,9.125,21.875,5,22,6,2,1,0
2022-05-23,1832.5300,1832.5300,27.0,18.0,23.0,61.5,13.0,6.0,6.375,1005.75,142.75,10.0,28.125,22.625,22.25,11.75,22.625,5,23,0,2,0,0
2022-05-24,1073.1600,1073.1600,28.0,21.0,24.0,56.375,10.0,6.0,4.25,1008.125,236.125,10.0,40.75,25.0,22.75,8.375,23.625,5,24,1,2,0,0
2022-05-25,487.8100,487.8100,26.0,21.0,23.0,64.625,11.0,5.0,5.625,1006.25,135.75,10.0,59.0,24.75,22.875,9.875,24.0,5,25,2,2,0,0
2022-05-26,660.4400,660.4400,23.0,20.0,22.0,85.75,1.0,6.0,7.5,1007.0,40.375,9.0,91.875,23.0,21.375,11.5,22.25,5,26,3,2,0,0
2022-05-27,1079.8800,1079.8800,22.0,18.0,21.0,84.375,1.0,5.0,6.5,1005.0,121.75,9.0,88.75,22.125,21.25,11.75,21.625,5,27,4,2,0,0
2022-05-28,506.9700,506.9700,29.0,17.0,23.0,65.125,13.0,6.0,5.75,1002.625,186.875,10.0,39.0,22.25,22.0,10.25,22.25,5,28,5,2,1,0
2022-05-29,1879.0000,1879.0000,28.0,21.0,24.0,65.25,9.0,6.0,6.0,1003.5,98.25,9.875,53.0,25.125,23.375,10.25,24.75,5,29,6,2,1,0
2022-05-30,2222.8400,2222.8400,32.0,21.0,26.0,59.75,10.0,7.0,7.875,1006.375,214.375,10.0,52.875,26.375,25.0,14.375,26.125,5,30,0,2,0,0
2022-05-31,2216.5299,2216.5299,29.0,20.0,24.0,63.25,11.0,5.0,7.5,1006.375,98.875,10.0,68.875,24.5,23.5,16.625,24.25,5,31,1,2,0,0
2022-06-01,1700.9300,1700.9300,29.0,21.0,25.0,64.125,11.0,6.0,3.75,1003.0,118.25,10.0,49.25,25.875,24.625,5.75,25.875,6,1,2,3,0,0
2022-06-02,2902.2600,2902.2600,30.0,22.0,26.0,58.25,11.0,7.0,5.375,998.75,168.25,10.0,44.5,26.875,25.375,9.125,26.5,6,2,3,3,0,0
2022-06-03,2938.9400,2938.9400,32.0,23.0,27.0,55.625,9.0,7.0,5.25,998.625,230.0,10.0,58.875,28.25,26.375,11.875,28.25,6,3,4,3,0,1
2022-06-04,4144.7900,4144.7900,26.0,22.0,23.0,70.75,7.0,5.0,6.375,1002.625,176.5,9.875,70.125,25.375,23.25,13.625,25.375,6,4,5,3,1,0
2022-06-05,1932.2999,1932.2999,32.0,22.0,26.0,52.75,14.0,7.0,5.0,1004.75,227.875,10.0,22.875,26.5,24.625,10.5,26.25,6,5,6,3,1,0
2022-06-06,2253.9400,2253.9400,33.0,21.0,27.0,51.125,14.0,7.0,5.75,1005.125,179.0,10.0,16.375,26.375,25.0,9.75,26.0,6,6,0,3,0,0
2022-06-07,2255.5200,2255.5200,33.0,21.0,27.0,53.375,12.0,7.0,3.875,1005.5,151.0,10.0,36.5,27.5,26.0,10.375,27.5,6,7,1,3,0,0
2022-06-08,2202.5699,2202.5699,31.0,23.0,26.0,53.75,6.0,6.0,6.75,1004.75,143.75,10.0,83.0,26.625,25.0,13.625,26.625,6,8,2,3,0,0
2022-06-09,2344.2900,2344.2900,26.0,22.0,23.0,65.875,12.0,5.0,6.25,1006.125,212.125,9.875,65.375,25.5,23.25,10.625,25.125,6,9,3,3,0,0
2022-06-10,2256.4200,2256.4200,28.0,20.0,24.0,57.75,5.0,5.0,6.75,1006.625,195.375,10.0,62.75,24.125,23.25,9.875,24.125,6,10,4,3,0,0
2022-06-11,1864.7300,1864.7300,27.0,21.0,24.0,60.875,12.0,6.0,5.625,1005.5,201.0,9.875,52.625,24.875,23.125,8.5,23.875,6,11,5,3,1,0
2022-06-12,1986.3300,1986.3300,25.0,20.0,22.0,83.75,4.0,5.0,5.75,1007.5,109.125,10.0,89.375,24.125,22.875,10.125,23.875,6,12,6,3,1,0
2022-06-13,2049.2200,2049.2200,28.0,19.0,24.0,73.5,13.0,6.0,5.125,1008.25,208.75,10.0,55.625,24.75,23.5,11.0,24.75,6,13,0,3,0,0
2022-06-14,2232.2400,2232.2400,31.0,20.0,26.0,58.625,14.0,7.0,6.0,1006.75,235.875,10.0,28.875,27.125,25.75,12.75,26.875,6,14,1,3,0,0
2022-06-15,2232.2400,2232.2400,32.0,21.0,27.0,54.25,13.0,7.0,5.375,1006.0,190.875,10.0,43.125,27.25,26.5,10.0,27.25,6,15,2,3,0,0
2022-06-16,2305.6099,2305.6099,32.0,22.0,27.0,54.5,13.0,7.0,6.5,1004.125,187.125,9.875,26.0,26.625,25.375,11.25,26.375,6,16,3,3,0,0
2022-06-17,2040.3600,2040.3600,31.0,21.0,26.0,60.0,13.0,6.0,4.625,1001.375,224.625,9.875,32.375,27.0,25.5,8.75,26.625,6,17,4,3,0,0
2022-06-18,2034.6399,2034.6399,28.0,23.0,26.0,62.5,14.0,7.0,4.75,1000.125,194.625,10.0,64.5,26.75,24.875,9.375,26.75,6,18,5,3,1,0
2022-06-19,2449.0100,2449.0100,32.0,23.0,27.0,61.5,10.0,7.0,5.625,998.875,202.75,10.0,45.375,28.5,26.25,11.0,28.125,6,19,6,3,1,0
2022-06-20,4034.4400,4034.4400,33.0,25.0,28.0,56.125,7.0,6.0,6.0,997.0,176.125,10.0,66.125,29.375,27.0,12.5,29.375,6,20,0,3,0,0
2022-06-21,2918.3400,2918.3400,33.0,25.0,29.0,56.625,6.0,6.0,5.125,995.375,167.25,9.75,64.5,30.0,27.125,11.125,30.0,6,21,1,3,0,0
2022-06-22,3645.6200,3645.6200,30.0,25.0,27.0,75.0,4.0,6.0,10.125,999.125,68.5,9.625,74.875,29.875,26.875,18.375,29.875,6,22,2,3,0,0
2022-06-23,3645.8200,3645.8200,27.0,23.0,24.0,83.875,8.0,5.0,10.25,1003.25,230.5,9.875,64.625,27.625,25.125,17.125,27.625,6,23,3,3,0,0
2022-06-24,3322.0000,3322.0000,28.0,22.0,25.0,86.375,9.0,5.0,3.0,1003.875,232.0,8.875,66.625,28.375,25.25,7.0,28.125,6,24,4,3,0,0
2022-06-25,3652.1400,3652.1400,33.0,24.0,28.0,74.875,7.0,7.0,4.5,997.625,196.875,9.75,53.875,31.25,27.75,8.75,31.25,6,25,5,3,1,0
2022-06-26,3745.0700,3745.0700,26.0,21.0,24.0,89.0,9.0,5.0,12.5,998.625,60.0,9.125,71.375,26.875,24.25,21.125,26.5,6,26,6,3,1,0
2022-06-27,3762.9400,3762.9400,32.0,21.0,26.0,73.125,14.0,7.0,10.25,1001.5,214.5,9.0,31.25,28.5,26.25,17.125,27.875,6,27,0,3,0,0
2022-06-28,3353.9400,3353.9400,35.0,24.0,29.0,62.75,14.0,7.0,6.625,1001.625,233.625,10.0,23.125,31.25,28.375,13.875,31.25,6,28,1,3,0,0
2022-06-29,2694.3700,2694.3700,34.0,23.0,29.0,62.125,14.0,7.0,5.75,1000.25,173.75,10.0,37.75,31.0,28.375,11.75,31.0,6,29,2,3,0,0
2022-06-30,3533.8800,3533.8800,33.0,25.0,28.0,70.0,14.0,7.0,5.75,1001.625,195.5,9.75,35.25,30.25,27.375,10.375,30.25,6,30,3,3,0,0
2022-07-01,3484.5899,3484.5899,31.0,22.0,26.0,60.375,12.0,7.0,7.25,1004.125,197.75,10.0,39.625,27.0,25.0,15.25,27.0,7,1,4,3,0,0
2022-07-02,2433.2800,2433.2800,31.0,22.0,26.0,63.125,11.0,6.0,3.875,1003.75,226.75,10.0,59.625,27.25,25.375,9.5,27.0,7,2,5,3,1,0
2022-07-03,2384.3700,2384.3700,31.0,21.0,27.0,71.0,11.0,7.0,4.125,1001.125,128.375,10.0,46.5,29.375,26.625,7.5,29.0,7,3,6,3,1,0
2022-07-04,3418.6700,3418.6700,33.0,23.0,29.0,65.75,13.0,7.0,4.875,998.0,214.125,10.0,27.125,30.875,28.125,9.75,30.875,7,4,0,3,0,0
2022-07-05,3526.5000,3526.5000,36.0,25.0,30.0,60.0,14.0,8.0,5.625,999.875,254.0,9.75,18.625,32.875,29.625,10.75,32.875,7,5,1,3,0,0
2022-07-06,4095.5299,4095.5299,37.0,24.0,31.0,60.875,14.0,8.0,8.5,1000.625,208.875,10.0,6.75,34.375,30.25,13.25,34.375,7,6,2,3,0,0
2022-07-07,4073.4900,4073.4900,37.0,26.0,31.0,61.625,14.0,8.0,5.25,1000.5,184.75,10.0,13.0,35.625,31.25,10.125,35.625,7,7,3,3,0,0
2022-07-08,4026.9100,4026.9100,36.0,26.0,31.0,60.75,14.0,8.0,6.375,1000.625,200.875,10.0,18.625,34.625,30.625,11.0,34.625,7,8,4,3,0,0
2022-07-09,4232.9600,4232.9600,35.0,26.0,30.0,65.875,14.0,8.0,4.875,999.0,197.0,9.875,41.625,34.875,30.25,10.25,34.875,7,9,5,3,1,0
2022-07-10,4472.7900,4472.7900,36.0,24.0,30.0,71.125,10.0,6.0,6.0,998.375,254.625,9.75,66.375,34.5,29.875,12.625,34.5,7,10,6,3,1,0
2022-07-11,5035.3400,5035.3400,33.0,25.0,29.0,84.625,12.0,6.0,8.0,997.5,75.25,9.5,63.875,35.625,29.125,16.875,35.625,7,11,0,3,0,0
2022-07-12,4779.1900,4779.1900,32.0,24.0,28.0,86.875,13.0,6.0,10.625,997.875,68.25,10.0,71.375,33.375,27.625,20.75,33.375,7,12,1,3,0,0
2022-07-13,4877.5700,4877.5700,29.0,24.0,26.0,89.25,5.0,6.0,11.25,999.875,74.625,10.0,79.125,30.875,26.875,19.875,30.875,7,13,2,3,0,0
2022-07-14,4470.5599,4470.5599,31.0,23.0,27.0,87.125,4.0,6.0,6.875,1000.0,48.125,7.75,75.75,32.0,27.125,13.375,32.0,7,14,3,3,0,0
2022-07-15,5070.1500,5070.1500,33.0,25.0,28.0,87.5,5.0,6.0,6.75,999.5,60.875,8.75,78.25,34.625,28.375,13.5,34.625,7,15,4,3,0,0
2022-07-16,5658.6300,5658.6300,33.0,25.0,28.0,79.0,8.0,6.0,9.0,1000.25,75.0,9.75,57.0,32.125,28.0,17.375,32.125,7,16,5,3,1,0
2022-07-17,4949.2500,4949.2500,31.0,26.0,28.0,76.25,9.0,6.0,6.625,1001.0,163.625,9.375,67.5,31.75,28.125,12.375,31.75,7,17,6,3,1,0
2022-07-18,4286.4700,4286.4700,27.0,24.0,25.0,71.125,5.0,6.0,4.5,1002.5,177.5,10.0,83.125,27.375,25.375,9.375,27.375,7,18,0,3,0,0
2022-07-19,2494.0000,2494.0000,25.0,20.0,23.0,80.625,13.0,6.0,7.625,1003.5,205.125,9.0,58.375,25.75,23.875,11.125,25.5,7,19,1,3,0,0
2022-07-20,2068.4800,2068.4800,32.0,19.0,24.0,76.625,14.0,6.0,6.25,1005.75,164.75,10.0,14.5,26.375,24.5,13.125,26.375,7,20,2,3,0,0
2022-07-21,2526.6700,2526.6700,31.0,23.0,26.0,81.875,6.0,7.0,5.75,1005.375,155.5,9.875,67.75,29.5,26.25,11.625,29.25,7,21,3,3,0,0
2022-07-22,3623.5600,3623.5600,25.0,20.0,22.0,92.625,8.0,5.0,12.125,1008.375,115.625,7.5,77.5,24.625,22.875,20.125,24.25,7,22,4,3,0,0
2022-07-23,1793.7300,1793.7300,30.0,18.0,24.0,79.5,14.0,6.0,5.25,1008.5,152.875,8.0,36.0,25.25,23.875,11.25,25.25,7,23,5,3,1,0
2022-07-24,2658.2700,2658.2700,29.0,21.0,25.0,78.375,9.0,7.0,3.625,1005.25,152.625,10.0,48.625,27.375,25.25,8.25,27.375,7,24,6,3,1,0
2022-07-25,3645.5500,3645.5500,32.0,23.0,27.0,78.75,6.0,6.0,4.75,1003.25,49.625,9.875,63.5,31.25,27.375,10.5,31.25,7,25,0,3,0,0
2022-07-26,4299.1700,4299.1700,34.0,24.0,29.0,77.0,11.0,7.0,4.375,1000.875,166.0,9.625,49.0,33.25,28.625,10.125,33.25,7,26,1,3,0,0
2022-07-27,4139.2800,4139.2800,32.0,24.0,27.0,81.5,7.0,6.0,9.25,1003.0,236.375,9.5,73.5,30.0,26.625,16.25,30.0,7,27,2,3,0,0
2022-07-28,1900.5100,1900.5100,33.0,21.0,27.0,81.375,13.0,7.0,6.125,1005.875,175.5,10.0,41.625,31.0,26.875,12.625,30.625,7,28,3,3,0,0
2022-07-29,1565.7200,1565.7200,33.0,23.0,28.0,84.0,7.0,6.0,3.25,1004.5,212.875,8.75,74.125,32.625,28.0,9.375,32.625,7,29,4,3,0,0
2022-07-30,129.1000,129.1000,33.0,24.0,28.0,79.5,9.0,7.0,3.625,1002.875,213.375,10.0,46.5,33.0,28.125,10.875,33.0,7,30,5,3,1,0
2022-07-31,122.0000,122.0000,32.0,22.0,27.0,73.625,10.0,6.0,9.625,1002.875,207.75,10.0,62.0,31.125,27.875,19.125,31.125,7,31,6,3,1,0
2022-08-01,127.2100,127.2100,34.0,24.0,28.0,74.75,7.0,6.0,5.375,1002.0,251.375,9.75,65.25,32.375,28.5,14.125,32.375,8,1,0,3,0,0
2022-08-02,133.7500,133.7500,33.0,23.0,27.0,79.875,7.0,6.0,4.875,1003.5,210.875,9.25,73.25,30.25,26.875,12.875,30.25,8,2,1,3,0,0
2022-08-03,137.5000,137.5000,32.0,23.0,27.0,79.75,10.0,7.0,4.125,1004.625,171.125,9.75,67.0,31.125,27.5,10.0,31.125,8,3,2,3,0,0
2022-08-04,3898.4100,3898.4100,33.0,24.0,27.0,85.25,11.0,6.0,8.625,1003.625,35.125,7.5,72.0,32.25,27.375,15.625,32.25,8,4,3,3,0,0
2022-08-05,4110.3099,4110.3099,34.0,24.0,28.0,78.125,12.0,6.0,4.75,1003.25,165.375,9.5,68.875,32.75,28.5,10.5,32.75,8,5,4,3,0,0
2022-08-06,3982.7700,3982.7700,34.0,24.0,29.0,74.625,9.0,6.0,5.0,1001.5,242.875,9.875,49.25,33.25,28.875,10.75,33.25,8,6,5,3,1,0
2022-08-07,4049.7300,4049.7300,34.0,25.0,29.0,72.375,8.0,6.0,5.0,1001.75,222.5,9.5,60.25,34.0,29.25,7.75,34.0,8,7,6,3,1,0
2022-08-08,4257.8800,4257.8800,34.0,26.0,30.0,77.75,8.0,7.0,4.0,1002.0,197.625,9.875,59.125,35.75,29.625,9.125,35.75,8,8,0,3,0,0
2022-08-09,4410.3099,4410.3099,35.0,26.0,30.0,79.0,3.0,6.0,6.5,1002.0,212.75,9.25,72.375,37.125,30.125,12.625,37.125,8,9,1,3,0,0
2022-08-10,4130.6200,4130.6200,35.0,24.0,30.0,74.625,8.0,6.0,5.25,1002.375,239.75,9.75,73.875,36.0,29.875,13.0,36.0,8,10,2,3,0,0
2022-08-11,4048.9100,4048.9100,36.0,25.0,30.0,68.375,13.0,7.0,6.25,1002.25,251.75,10.0,25.125,35.5,30.625,13.0,35.5,8,11,3,3,0,0
2022-08-12,4256.4599,4256.4599,36.0,25.0,31.0,71.875,11.0,8.0,6.375,1001.5,228.375,9.875,61.625,37.5,31.5,13.125,37.5,8,12,4,3,0,0
2022-08-13,4267.9100,4267.9100,36.0,26.0,31.0,76.0,7.0,7.0,5.875,1000.0,172.5,9.625,68.375,38.125,31.25,12.25,38.125,8,13,5,3,1,0
2022-08-14,5785.6300,5785.6300,36.0,27.0,31.0,74.875,3.0,7.0,7.375,1001.0,151.875,9.5,79.125,39.375,32.125,15.0,39.375,8,14,6,3,1,0
2022-08-15,6506.0300,6506.0300,38.0,28.0,32.0,63.75,8.0,8.0,5.25,1001.875,235.5,10.0,25.875,38.875,32.5,14.375,38.875,8,15,0,3,0,0
2022-08-16,5895.2600,5895.2600,38.0,27.0,32.0,65.25,11.0,8.0,5.5,1000.625,252.125,10.0,45.5,38.375,32.375,13.875,38.375,8,16,1,3,0,0
2022-08-17,4797.2100,4797.2100,36.0,27.0,32.0,70.125,9.0,7.0,6.125,999.125,233.875,9.375,70.625,38.875,32.125,15.75,38.875,8,17,2,3,0,0
2022-08-18,2290.3400,2290.3400,36.0,27.0,31.0,78.625,1.0,7.0,7.625,998.875,109.375,9.375,80.5,39.5,31.5,15.125,39.5,8,18,3,3,0,0
2022-08-19,2109.7200,2109.7200,35.0,26.0,30.0,81.75,8.0,6.0,8.0,1001.25,181.375,9.75,73.875,37.125,31.25,17.625,37.125,8,19,4,3,0,0
2022-08-20,349.2700,349.2700,36.0,26.0,31.0,79.625,13.0,7.0,5.625,1001.5,215.375,9.5,65.0,38.75,31.375,13.0,38.75,8,20,5,3,1,0
2022-08-21,374.8500,374.8500,37.0,26.0,32.0,72.625,13.0,7.0,4.375,998.625,237.375,9.5,51.25,39.625,32.875,12.875,39.625,8,21,6,3,1,0
2022-08-22,1672.3800,1672.3800,37.0,27.0,32.0,67.375,13.0,8.0,6.5,999.0,149.75,9.5,37.25,39.125,32.5,14.25,39.125,8,22,0,3,0,0
2022-08-23,1187.4000,1187.4000,38.0,27.0,32.0,68.25,12.0,8.0,5.5,1002.625,264.75,9.5,46.75,39.5,33.0,13.125,39.5,8,23,1,3,0,0
2022-08-24,1591.6900,1591.6900,36.0,28.0,31.0,78.625,6.0,7.0,8.75,1003.5,187.625,9.375,75.75,40.25,32.125,21.0,40.25,8,24,2,3,0,0
2022-08-25,2040.8500,2040.8500,33.0,25.0,29.0,83.125,10.0,6.0,12.875,1003.625,69.875,9.75,65.25,34.75,29.125,27.0,34.75,8,25,3,3,0,0
2022-08-26,1948.3400,1948.3400,33.0,23.0,27.0,80.5,9.0,6.0,6.375,1004.0,137.125,9.375,74.5,31.5,27.5,15.75,31.5,8,26,4,3,0,0
2022-08-27,2905.3800,2905.3800,32.0,25.0,28.0,83.75,13.0,6.0,8.25,1002.625,101.125,9.875,60.25,33.5,28.25,19.125,33.5,8,27,5,3,1,0
2022-08-28,6548.4400,6548.4400,31.0,22.0,26.0,87.125,6.0,7.0,15.625,1002.5,66.25,9.875,73.625,29.75,25.875,28.25,29.75,8,28,6,3,1,0
2022-08-29,5262.0200,5262.0200,23.0,20.0,22.0,93.875,1.0,5.0,8.125,1008.5,71.125,8.125,97.25,23.625,22.25,16.25,23.0,8,29,0,3,0,0
2022-08-30,131.4700,131.4700,22.0,20.0,21.0,89.625,8.0,5.0,7.25,1013.25,203.375,9.0,67.125,22.5,21.25,14.25,21.5,8,30,1,3,0,0
2022-08-31,36.4400,36.4400,22.0,19.0,20.0,82.125,8.0,5.0,5.375,1014.875,179.125,10.0,69.875,21.5,20.625,10.5,21.125,8,31,2,3,0,0
2022-09-01,31.6300,31.6300,24.0,18.0,21.0,80.625,13.0,5.0,3.375,1015.125,186.25,10.0,61.25,21.625,21.0,8.0,21.375,9,1,3,4,0,0
2022-09-02,29.1200,29.1200,25.0,19.0,22.0,79.375,8.0,6.0,5.25,1014.25,135.0,9.875,68.0,22.625,21.625,9.125,22.375,9,2,4,4,0,0
2022-09-03,32.0300,32.0300,21.0,18.0,19.0,88.125,7.0,5.0,6.375,1014.25,160.375,7.5,71.5,19.375,19.375,12.5,19.375,9,3,5,4,1,0
2022-09-04,33.0600,33.0600,27.0,18.0,22.0,71.5,13.0,6.0,5.125,1013.375,189.75,10.0,43.5,22.125,21.25,8.875,21.75,9,4,6,4,1,0
2022-09-05,31.2200,31.2200,31.0,18.0,24.0,65.0,13.0,6.0,4.75,1012.125,211.875,10.0,25.125,24.25,23.25,9.0,23.875,9,5,0,4,0,0
2022-09-06,32.2500,32.2500,32.0,20.0,25.0,57.25,13.0,7.0,4.375,1012.625,224.125,10.0,21.25,25.5,24.875,9.0,25.5,9,6,1,4,0,0
2022-09-07,30.9700,30.9700,32.0,21.0,26.0,53.875,13.0,7.0,4.25,1014.625,213.625,10.0,21.375,27.0,25.375,9.0,26.625,9,7,2,4,0,0
2022-09-08,31.7200,31.7200,24.0,20.0,21.0,88.75,1.0,5.0,6.75,1018.25,155.25,9.5,83.0,22.875,21.25,10.625,21.75,9,8,3,4,0,0
2022-09-09,35.4700,35.4700,26.0,19.0,22.0,81.625,7.0,5.0,8.25,1018.125,200.625,8.0,65.875,23.0,22.125,12.125,23.0,9,9,4,4,0,0
2022-09-10,32.4400,32.4400,29.0,19.0,24.0,72.5,13.0,6.0,7.125,1015.5,197.75,10.0,37.375,24.75,23.375,10.5,24.375,9,10,5,4,1,1
2022-09-11,33.1500,33.1500,30.0,20.0,25.0,66.75,12.0,6.0,7.0,1012.25,188.25,10.0,27.125,25.625,24.625,9.75,25.625,9,11,6,4,1,0
2022-09-12,35.6600,35.6600,30.0,22.0,26.0,61.125,13.0,7.0,4.375,1009.875,185.25,10.0,31.5,26.75,25.25,7.625,26.375,9,12,0,4,0,1
2022-09-13,35.0000,35.0000,25.0,22.0,23.0,82.5,7.0,5.0,9.375,1010.25,106.5,9.75,76.5,25.875,23.625,16.375,25.875,9,13,1,4,0,0
2022-09-14,36.5000,36.5000,23.0,19.0,21.0,92.625,1.0,5.0,16.75,1011.0,32.75,8.0,100.0,22.75,21.125,26.375,21.375,9,14,2,4,0,0
2022-09-15,36.1200,36.1200,23.0,19.0,20.0,91.5,1.0,5.0,8.875,1010.625,35.625,7.5,100.0,22.0,21.5,15.625,22.0,9,15,3,4,0,0
2022-09-16,34.1300,34.1300,23.0,20.0,21.0,86.5,1.0,5.0,6.75,1007.75,43.0,10.0,92.625,22.375,21.75,9.75,22.375,9,16,4,4,0,0
2022-09-17,32.8400,32.8400,26.0,21.0,23.0,78.5,9.0,5.0,3.875,1009.125,149.875,10.0,74.25,23.375,22.5,9.875,23.375,9,17,5,4,1,0
2022-09-18,35.5300,35.5300,28.0,22.0,24.0,75.25,8.0,5.0,3.5,1008.25,261.625,10.0,77.75,26.125,24.25,8.875,25.375,9,18,6,4,1,0
2022-09-19,36.9100,36.9100,27.0,23.0,25.0,77.375,13.0,5.0,6.375,1008.375,50.75,10.0,55.75,26.625,24.75,12.25,26.625,9,19,0,4,0,0
2022-09-20,36.9700,36.9700,22.0,19.0,21.0,81.875,1.0,5.0,7.125,1013.0,121.125,7.375,82.125,23.375,21.5,15.125,22.125,9,20,1,4,0,0
2022-09-21,36.0300,36.0300,23.0,18.0,21.0,76.5,4.0,5.0,5.375,1014.0,157.125,10.0,82.125,21.75,20.625,8.25,21.375,9,21,2,4,0,0
2022-09-22,258.7500,258.7500,25.0,19.0,21.0,80.25,9.0,5.0,7.0,1015.625,165.75,8.0,75.875,21.625,20.75,8.875,21.625,9,22,3,4,0,0
2022-09-23,36.8100,36.8100,21.0,18.0,20.0,80.875,9.0,4.0,4.5,1017.5,169.5,10.0,74.125,19.75,19.75,9.5,19.75,9,23,4,4,0,0
2022-09-24,37.3400,37.3400,21.0,16.0,18.0,80.75,10.0,4.0,3.625,1017.125,253.5,9.75,66.75,18.625,18.25,6.25,18.25,9,24,5,4,1,0
2022-09-25,35.1600,35.1600,21.0,17.0,18.0,86.75,1.0,4.0,3.875,1016.625,128.5,10.0,93.375,19.75,19.0,8.0,19.75,9,25,6,4,1,0
2022-09-26,35.0000,35.0000,22.0,17.0,19.0,80.125,1.0,5.0,4.5,1015.5,180.875,10.0,81.0,20.0,19.25,6.75,19.625,9,26,0,4,0,0
2022-09-27,36.3800,36.3800,21.0,18.0,19.0,89.125,5.0,4.0,3.5,1014.625,210.875,9.0,73.5,20.375,19.625,8.625,20.0,9,27,1,4,0,0
2022-09-28,35.8700,35.8700,25.0,18.0,20.0,77.125,12.0,5.0,6.5,1014.875,187.75,10.0,51.75,21.0,20.25,10.25,21.0,9,28,2,4,0,0
2022-09-29,553.1300,553.1300,26.0,17.0,21.0,71.0,12.0,6.0,4.75,1012.25,160.5,10.0,41.5,22.25,21.375,8.75,22.25,9,29,3,4,0,0
2022-09-30,559.0900,559.0900,24.0,20.0,22.0,69.75,1.0,6.0,4.25,1010.375,111.0,10.0,85.875,23.5,22.0,7.5,22.75,9,30,4,4,0,0
2022-10-01,1367.6900,1367.6900,26.0,20.0,22.0,77.0,8.0,5.0,6.125,1008.125,98.625,10.0,77.75,23.0,22.125,9.625,23.0,10,1,5,4,1,1
2022-10-02,1499.1600,1499.1600,29.0,21.0,24.0,70.625,7.0,5.0,4.125,1006.625,115.875,10.0,69.0,26.25,24.375,7.375,25.125,10,2,6,4,1,1
2022-10-03,2273.3400,2273.3400,24.0,18.0,21.0,80.25,1.0,5.0,11.75,1011.0,34.875,9.0,88.625,22.875,21.75,18.25,22.875,10,3,0,4,0,1
2022-10-04,1230.8700,1230.8700,20.0,16.0,18.0,82.375,1.0,4.0,4.625,1017.75,230.875,8.0,91.25,20.25,19.5,12.75,19.5,10,4,1,4,0,1
2022-10-05,865.8800,865.8800,19.0,16.0,17.0,83.875,1.0,4.0,7.375,1016.25,148.0,8.0,97.375,17.25,17.25,14.625,17.25,10,5,2,4,0,1
2022-10-06,31.4700,31.4700,17.0,14.0,15.0,88.125,1.0,4.0,6.5,1020.5,217.125,6.0,93.75,15.5,15.375,9.5,15.375,10,6,3,4,0,1
2022-10-07,31.0600,31.0600,18.0,14.0,16.0,80.625,1.0,4.0,6.5,1021.25,182.5,10.0,83.125,15.5,15.625,9.375,15.625,10,7,4,4,0,1
2022-10-08,30.3500,30.3500,17.0,14.0,15.0,85.25,1.0,3.0,4.125,1021.75,152.625,10.0,92.625,15.0,15.0,9.75,15.0,10,8,5,4,1,0
2022-10-09,30.8400,30.8400,19.0,14.0,16.0,73.875,8.0,4.0,7.375,1028.75,226.25,10.0,77.75,15.875,16.0,14.625,16.0,10,9,6,4,1,0
2022-10-10,28.6600,28.6600,17.0,12.0,15.0,67.75,5.0,4.0,8.375,1027.25,194.75,10.0,72.0,14.375,13.875,12.25,13.875,10,10,0,4,0,0
2022-10-11,26.9000,26.9000,19.0,12.0,15.0,64.125,5.0,5.0,4.0,1022.25,116.125,10.0,65.875,15.25,15.25,8.875,15.25,10,11,1,4,0,0
2022-10-12,27.3200,27.3200,17.0,15.0,16.0,72.75,6.0,4.0,4.625,1020.375,65.875,10.0,83.875,16.0,16.0,7.75,16.0,10,12,2,4,0,0
2022-10-13,30.0000,30.0000,17.0,15.0,16.0,77.5,5.0,4.0,3.25,1022.25,299.75,10.0,80.125,16.125,16.125,6.5,16.125,10,13,3,4,0,0
2022-10-14,31.2100,31.2100,19.0,15.0,17.0,72.875,11.0,5.0,5.375,1022.0,204.25,10.0,44.0,16.75,16.75,10.25,16.75,10,14,4,4,0,0
2022-10-15,34.7200,34.7200,21.0,15.0,18.0,64.0,11.0,5.0,4.25,1022.125,141.375,10.0,17.875,18.125,17.875,8.75,17.875,10,15,5,4,1,0
2022-10-16,208.4700,208.4700,25.0,15.0,19.0,58.5,11.0,5.0,5.0,1023.375,167.5,10.0,22.75,20.0,19.375,10.0,20.0,10,16,6,4,1,0
2022-10-17,31.2800,31.2800,27.0,16.0,20.0,53.625,11.0,6.0,6.0,1023.375,180.375,10.0,26.25,20.625,20.375,10.75,20.625,10,17,0,4,0,0
2022-10-18,29.7500,29.7500,25.0,16.0,20.0,55.375,8.0,5.0,3.75,1021.25,116.25,10.0,42.5,20.125,19.375,8.0,20.125,10,18,1,4,0,0
2022-10-19,42.8400,42.8400,21.0,17.0,19.0,62.75,9.0,4.0,4.125,1017.5,141.5,10.0,52.5,19.125,18.75,11.875,18.75,10,19,2,4,0,0
2022-10-20,29.4700,29.4700,24.0,18.0,20.0,51.375,10.0,5.0,8.5,1015.5,27.25,10.0,69.25,21.125,20.625,14.625,20.875,10,20,3,4,0,0
2022-10-21,29.4400,29.4400,27.0,18.0,21.0,42.75,11.0,5.0,4.5,1019.625,156.125,10.0,26.875,21.25,21.0,9.25,21.25,10,21,4,4,0,0
2022-10-22,31.4400,31.4400,27.0,18.0,22.0,44.625,11.0,6.0,5.0,1020.875,140.125,10.0,27.0,21.75,21.5,9.125,21.75,10,22,5,4,1,0
2022-10-23,247.9100,247.9100,26.0,18.0,21.0,50.125,9.0,6.0,5.25,1019.5,127.25,10.0,38.625,21.875,21.5,8.875,21.875,10,23,6,4,1,0
2022-10-24,299.1400,299.1400,21.0,18.0,19.0,60.625,9.0,4.0,5.875,1018.125,60.75,10.0,72.125,19.375,19.375,12.0,19.375,10,24,0,4,0,0
2022-10-25,299.1400,299.1400,18.0,15.0,16.0,84.0,1.0,4.0,7.375,1017.75,67.0,8.0,100.0,16.375,16.375,13.625,16.375,10,25,1,4,0,0
2022-10-26,30.5000,30.5000,21.0,15.0,17.0,75.375,6.0,4.0,5.375,1018.375,110.375,10.0,80.25,17.125,17.125,8.0,17.125,10,26,2,4,0,0
2022-10-27,31.1900,31.1900,18.0,15.0,17.0,81.375,1.0,4.0,4.0,1019.375,170.0,9.0,96.125,16.875,16.875,8.5,16.875,10,27,3,4,0,0
2022-10-28,78.3400,78.3400,15.0,14.0,15.0,88.5,1.0,3.0,11.375,1020.75,32.375,7.0,100.0,15.0,14.375,18.25,14.375,10,28,4,4,0,0
2022-10-29,34.0600,34.0600,15.0,14.0,14.0,87.875,1.0,3.0,9.5,1021.125,34.75,6.0,100.0,14.5,14.0,14.5,14.0,10,29,5,4,1,0
2022-10-30,34.9700,34.9700,21.0,14.0,17.0,72.875,11.0,4.0,4.125,1021.75,140.375,10.0,71.5,16.875,17.0,6.875,17.0,10,30,6,4,1,0
2022-10-31,35.8400,35.8400,23.0,16.0,19.0,71.5,7.0,4.0,5.375,1022.75,169.125,10.0,62.0,19.0,18.75,8.375,19.0,10,31,0,4,0,0
2022-11-01,36.2500,36.2500,23.0,15.0,19.0,68.5,6.0,5.0,5.875,1018.375,207.375,10.0,44.75,18.625,18.25,10.125,18.5,11,1,1,4,0,0
2022-11-02,34.1600,34.1600,19.0,17.0,18.0,69.75,1.0,5.0,6.625,1015.5,32.125,10.0,80.75,17.875,17.875,13.375,17.875,11,2,2,4,0,0
2022-11-03,33.9700,33.9700,19.0,17.0,18.0,71.0,9.0,5.0,7.375,1018.5,269.625,10.0,75.25,17.875,17.875,14.375,17.875,11,3,3,4,0,0
2022-11-04,33.6500,33.6500,17.0,15.0,16.0,82.25,1.0,4.0,6.0,1022.625,124.875,8.0,96.625,15.625,15.625,8.875,15.625,11,4,4,4,0,0
2022-11-05,34.8500,34.8500,20.0,14.0,17.0,73.5,11.0,5.0,4.125,1021.625,98.375,10.0,59.75,16.5,16.5,6.375,16.5,11,5,5,4,1,0
2022-11-06,33.3700,33.3700,21.0,16.0,18.0,70.5,9.0,5.0,4.0,1018.0,120.375,10.0,54.0,17.625,17.25,8.0,17.25,11,6,6,4,1,0
2022-11-07,33.4100,33.4100,18.0,16.0,17.0,75.625,1.0,4.0,3.5,1016.875,86.625,10.0,95.125,17.125,17.125,9.125,17.125,11,7,0,4,0,0
2022-11-08,33.0900,33.0900,21.0,16.0,18.0,70.625,11.0,5.0,4.25,1016.375,157.625,10.0,53.125,17.625,17.625,6.625,17.625,11,8,1,4,0,0
2022-11-09,33.4400,33.4400,21.0,17.0,18.0,71.25,4.0,4.0,4.5,1015.75,131.75,10.0,80.375,17.875,17.875,7.875,17.875,11,9,2,4,0,0
2022-11-10,33.0900,33.0900,21.0,17.0,19.0,75.375,8.0,4.0,4.875,1014.125,46.875,10.0,59.75,18.375,18.0,7.75,18.0,11,10,3,4,0,0
2022-11-11,33.6600,33.6600,20.0,16.0,18.0,80.375,7.0,4.0,6.875,1013.5,44.375,10.0,71.625,18.0,18.0,12.5,18.0,11,11,4,4,0,0
2022-11-12,39.0000,39.0000,15.0,13.0,14.0,62.375,1.0,3.0,9.875,1020.0,161.0,10.0,92.5,14.0,13.375,16.75,13.375,11,12,5,4,1,0
2022-11-13,30.2500,30.2500,14.0,12.0,13.0,68.0,1.0,3.0,4.5,1021.875,169.125,10.0,91.625,12.875,12.75,11.25,12.75,11,13,6,4,1,0
2022-11-14,24.7000,24.7000,15.0,10.0,13.0,74.375,10.0,3.0,6.125,1022.625,245.375,10.0,57.5,12.625,12.5,9.0,12.5,11,14,0,4,0,0
2022-11-15,24.7000,24.7000,14.0,11.0,13.0,71.625,3.0,3.0,4.375,1019.375,102.5,10.0,77.375,12.25,12.125,9.0,12.125,11,15,1,4,0,0
2022-11-16,28.4400,28.4400,18.0,12.0,15.0,61.75,9.0,3.0,4.875,1017.625,244.625,10.0,51.25,14.75,14.75,8.375,14.75,11,16,2,4,0,0
2022-11-17,30.4100,30.4100,17.0,12.0,15.0,58.75,7.0,4.0,4.375,1014.875,169.125,10.0,39.5,14.375,14.5,9.125,14.5,11,17,3,4,0,0
2022-11-18,32.9700,32.9700,18.0,14.0,16.0,66.75,8.0,4.0,5.75,1018.25,176.125,10.0,69.5,15.5,15.25,9.75,15.25,11,18,4,4,0,0
2022-11-19,31.0000,31.0000,21.0,12.0,16.0,59.0,11.0,5.0,4.25,1019.125,207.5,10.0,30.625,15.375,15.375,7.5,15.375,11,19,5,4,1,0
2022-11-20,30.6200,30.6200,18.0,14.0,16.0,64.875,11.0,5.0,5.75,1013.875,81.75,10.0,55.625,15.0,15.25,10.0,15.25,11,20,6,4,1,0
2022-11-21,31.0600,31.0600,20.0,14.0,17.0,57.625,11.0,4.0,7.625,1014.25,154.625,10.0,51.5,16.625,16.625,13.625,16.625,11,21,0,4,0,0
2022-11-22,30.7900,30.7900,20.0,12.0,16.0,51.625,11.0,5.0,5.375,1018.625,87.75,10.0,34.875,15.125,15.0,11.125,15.0,11,22,1,4,0,0
2022-11-23,29.6500,29.6500,17.0,14.0,15.0,55.75,7.0,4.0,3.75,1017.875,107.0,10.0,68.125,15.375,15.5,8.875,15.5,11,23,2,4,0,0
2022-11-24,29.6300,29.6300,19.0,13.0,16.0,63.0,10.0,4.0,6.0,1017.375,204.25,10.0,50.625,15.25,15.5,9.625,15.5,11,24,3,4,0,0
2022-11-25,31.8700,31.8700,20.0,14.0,17.0,65.375,9.0,5.0,4.875,1016.75,152.5,10.0,41.625,15.5,15.625,10.0,15.625,11,25,4,4,0,0
2022-11-26,35.1600,35.1600,19.0,15.0,16.0,70.75,7.0,5.0,3.625,1012.125,115.375,10.0,62.0,15.875,15.875,7.5,15.875,11,26,5,4,1,0
2022-11-27,32.5000,32.5000,18.0,13.0,15.0,77.625,7.0,4.0,4.125,1004.75,78.5,10.0,67.25,15.5,15.625,7.0,15.625,11,27,6,4,1,0
2022-11-28,31.6200,31.6200,20.0,15.0,17.0,64.5,5.0,5.0,8.0,1008.625,179.25,10.0,53.5,16.375,16.375,14.875,16.375,11,28,0,4,0,0
2022-11-29,30.9700,30.9700,15.0,9.0,12.0,40.125,4.0,4.0,10.5,1018.5,60.75,10.0,64.5,12.625,11.75,19.625,11.75,11,29,1,4,0,0
2022-11-30,22.1300,22.1300,9.0,3.0,5.0,65.0,1.0,1.0,13.625,1029.875,61.25,10.0,93.0,5.25,2.0,23.25,2.0,11,30,2,4,0,0
2022-12-01,16.9700,16.9700,7.0,3.0,5.0,63.5,9.0,1.0,9.125,1031.125,62.375,10.0,62.625,4.625,2.375,13.875,2.375,12,1,3,1,0,0
2022-12-02,38.3700,38.3700,7.0,2.0,4.0,72.375,1.0,2.0,5.75,1025.5,115.25,10.0,88.75,4.0,2.75,9.875,2.75,12,2,4,1,0,0
2022-12-03,82.0000,82.0000,8.0,4.0,6.0,63.75,6.0,2.0,6.75,1023.625,75.125,10.0,71.875,5.375,4.125,12.875,4.125,12,3,5,1,1,0
2022-12-04,78.5300,78.5300,10.0,6.0,8.0,66.125,1.0,3.0,5.75,1027.25,115.625,10.0,87.625,7.875,7.25,10.375,7.25,12,4,6,1,1,0
2022-12-05,86.2200,86.2200,11.0,5.0,8.0,70.25,3.0,3.0,5.375,1028.75,140.375,10.0,59.375,7.375,6.75,10.25,6.75,12,5,0,1,0,0
2022-12-06,46.2500,46.2500,9.0,7.0,7.0,68.25,1.0,2.0,7.125,1023.875,72.0,10.0,99.375,7.625,6.25,11.0,6.25,12,6,1,1,0,0
2022-12-07,103.5900,103.5900,11.0,6.0,9.0,61.25,7.0,2.0,3.75,1023.375,223.875,10.0,69.125,8.25,8.0,6.75,8.0,12,7,2,1,0,0
2022-12-08,89.4700,89.4700,13.0,8.0,10.0,54.375,11.0,3.0,6.25,1023.0,229.5,10.0,46.0,10.375,9.75,9.75,9.75,12,8,3,1,0,0
2022-12-09,81.8500,81.8500,13.0,9.0,10.0,64.5,4.0,4.0,4.625,1021.875,245.5,10.0,75.125,10.375,10.125,10.125,10.125,12,9,4,1,0,0
2022-12-10,83.1200,83.1200,15.0,9.0,11.0,61.0,1.0,4.0,5.0,1021.5,221.625,10.0,93.375,11.0,10.75,9.375,10.75,12,10,5,1,1,0
2022-12-11,79.5000,79.5000,11.0,9.0,10.0,70.875,1.0,2.0,9.375,1022.125,68.75,10.0,99.875,10.125,8.875,13.625,8.875,12,11,6,1,1,0
2022-12-12,77.8500,77.8500,12.0,7.0,9.0,52.25,9.0,2.0,7.875,1026.25,132.875,10.0,70.875,9.125,8.25,12.625,8.25,12,12,0,1,0,0
2022-12-13,70.2800,70.2800,10.0,7.0,9.0,54.0,4.0,2.0,6.625,1026.375,94.875,10.0,71.125,8.75,8.125,9.375,8.125,12,13,1,1,0,0
2022-12-14,69.0300,69.0300,11.0,6.0,9.0,63.75,11.0,2.0,7.125,1026.125,182.0,10.0,50.5,9.0,8.0,9.875,8.0,12,14,2,1,0,0
2022-12-15,72.7500,72.7500,10.0,8.0,9.0,74.625,2.0,2.0,6.0,1020.75,142.5,10.0,78.375,8.625,7.875,9.25,7.875,12,15,3,1,0,0
2022-12-16,79.0600,79.0600,10.0,7.0,8.0,53.375,5.0,3.0,10.5,1028.125,176.25,10.0,66.875,8.25,6.875,18.75,6.875,12,16,4,1,0,0
2022-12-17,73.5900,73.5900,9.0,3.0,6.0,25.375,11.0,3.0,9.375,1039.75,110.375,10.0,22.125,6.125,4.0,16.125,4.0,12,17,5,1,1,0
2022-12-18,64.1600,64.1600,11.0,2.0,6.0,33.125,11.0,3.0,4.875,1031.375,169.75,10.0,20.25,5.0,4.375,8.5,4.375,12,18,6,1,1,0
2022-12-19,64.1300,64.1300,9.0,3.0,6.0,42.875,11.0,3.0,4.75,1022.5,109.875,10.0,20.625,5.5,4.75,10.125,4.75,12,19,0,1,0,0
2022-12-20,64.2100,64.2100,13.0,5.0,8.0,40.75,11.0,3.0,5.0,1023.625,187.75,10.0,30.75,7.5,6.75,10.375,6.75,12,20,1,1,0,0
2022-12-21,64.5000,64.5000,14.0,4.0,8.0,49.875,11.0,3.0,4.75,1023.0,136.625,10.0,4.0,6.0,5.5,8.625,5.5,12,21,2,1,0,0
2022-12-22,64.2500,64.2500,14.0,4.0,8.0,53.125,11.0,3.0,3.75,1021.0,47.125,10.0,13.375,7.625,7.25,7.75,7.25,12,22,3,1,0,0
2022-12-23,66.6900,66.6900,13.0,4.0,9.0,50.125,11.0,3.0,3.75,1021.625,188.0,10.0,18.0,7.0,6.875,6.625,6.875,12,23,4,1,0,0
2022-12-24,67.3100,67.3100,14.0,6.0,9.0,57.75,11.0,3.0,4.0,1021.5,106.375,10.0,32.25,7.75,7.625,6.25,7.625,12,24,5,1,1,0
2022-12-25,65.6300,65.6300,9.0,5.0,7.0,74.875,1.0,2.0,13.625,1023.375,74.375,6.0,98.375,7.5,5.5,21.25,5.5,12,25,6,1,1,0
2022-12-26,66.5000,66.5000,11.0,3.0,7.0,63.75,11.0,2.0,6.0,1026.375,204.5,10.0,26.5,6.25,5.125,11.0,5.125,12,26,0,1,0,0
2022-12-27,65.5000,65.5000,11.0,6.0,8.0,56.0,10.0,3.0,6.75,1028.125,135.875,10.0,60.5,6.875,5.75,14.0,5.75,12,27,1,1,0,0
2022-12-28,63.7200,63.7200,11.0,4.0,7.0,53.125,8.0,2.0,4.75,1029.75,66.625,10.0,69.125,6.625,5.875,9.0,5.875,12,28,2,1,0,0
2022-12-29,67.2800,67.2800,10.0,5.0,7.0,66.0,7.0,2.0,3.75,1030.875,80.375,10.0,60.75,6.5,6.25,7.75,6.25,12,29,3,1,0,0
2022-12-30,69.8100,69.8100,9.0,5.0,7.0,64.0,4.0,2.0,3.75,1030.875,200.25,10.0,75.375,6.75,6.125,9.625,6.125,12,30,4,1,0,0
2022-12-31,69.7200,69.7200,10.0,5.0,7.0,60.25,10.0,2.0,4.0,1030.5,210.75,10.0,58.375,7.0,6.5,7.75,6.5,12,31,5,1,1,0
2023-01-01,69.8100,69.8100,12.0,4.0,7.0,64.0,7.0,3.0,4.5,1029.25,134.375,10.0,52.75,6.875,6.375,8.75,6.375,1,1,6,1,1,1
2023-01-02,68.7800,68.7800,12.0,5.0,8.0,65.625,10.0,3.0,4.75,1030.875,169.5,10.0,57.5,7.875,7.5,8.125,7.5,1,2,0,1,0,1
2023-01-03,68.1300,68.1300,11.0,6.0,8.0,59.625,8.0,3.0,4.25,1028.25,173.0,10.0,57.25,7.75,7.375,6.5,7.375,1,3,1,1,0,0
2023-01-04,66.6900,66.6900,10.0,7.0,8.0,72.375,3.0,2.0,8.125,1026.375,173.875,8.0,83.25,7.875,6.25,10.75,6.25,1,4,2,1,0,0
2023-01-05,77.4000,77.4000,15.0,5.0,9.0,65.625,10.0,3.0,4.625,1029.375,231.0,10.0,20.375,8.375,8.125,8.0,8.125,1,5,3,1,0,0
2023-01-06,68.9100,68.9100,17.0,6.0,11.0,58.75,10.0,4.0,7.125,1032.0,200.25,10.0,10.0,10.125,9.25,11.875,9.25,1,6,4,1,0,0
2023-01-07,74.2500,74.2500,14.0,7.0,10.0,64.375,10.0,4.0,3.625,1023.75,138.75,10.0,6.75,9.75,9.75,6.125,9.75,1,7,5,1,1,0
2023-01-08,69.4700,69.4700,14.0,7.0,10.0,63.0,6.0,4.0,3.75,1020.875,83.5,10.0,31.0,9.875,9.875,7.375,9.875,1,8,6,1,1,0
2023-01-09,70.1200,70.1200,15.0,8.0,11.0,60.25,10.0,4.0,3.625,1022.875,186.5,10.0,18.125,9.625,9.875,7.5,9.875,1,9,0,1,0,0
2023-01-10,68.7800,68.7800,15.0,7.0,11.0,60.5,10.0,4.0,5.0,1020.75,137.375,10.0,30.625,10.5,10.375,9.375,10.375,1,10,1,1,0,0
2023-01-11,70.1600,70.1600,13.0,7.0,10.0,65.75,8.0,3.0,4.0,1014.125,54.375,10.0,47.5,9.5,9.5,8.25,9.5,1,11,2,1,0,0
2023-01-12,68.0300,68.0300,15.0,8.0,11.0,62.25,10.0,4.0,3.25,1008.375,104.875,10.0,26.5,10.75,10.875,6.625,10.875,1,12,3,1,0,0
2023-01-13,67.7500,67.7500,15.0,8.0,11.0,67.25,5.0,4.0,7.875,1009.5,142.125,10.0,57.875,10.625,9.75,16.25,9.75,1,13,4,1,0,0
2023-01-14,66.7800,66.7800,8.0,3.0,5.0,78.5,1.0,1.0,6.0,1022.625,129.375,7.625,96.75,5.125,3.875,12.25,3.875,1,14,5,1,1,0
2023-01-15,54.7500,54.7500,5.0,1.0,3.0,71.0,1.0,1.0,5.0,1031.0,231.625,8.75,80.125,3.125,2.25,12.5,2.25,1,15,6,1,1,0
2023-01-16,52.3800,52.3800,7.0,-1.0,3.0,62.125,8.0,2.0,4.375,1029.375,140.375,10.0,45.75,2.875,2.0,9.875,2.0,1,16,0,1,0,0
2023-01-17,59.3400,59.3400,9.0,-0.0,4.0,48.5,10.0,2.0,4.875,1030.75,122.5,10.0,20.0,3.75,3.0,10.625,3.0,1,17,1,1,0,0
2023-01-18,58.3100,58.3100,9.0,1.0,5.0,39.75,10.0,2.0,3.75,1028.75,211.0,10.0,3.25,4.125,3.875,8.875,3.875,1,18,2,1,0,0
2023-01-19,58.3800,58.3800,11.0,0.0,5.0,39.25,10.0,3.0,4.875,1028.625,175.375,10.0,5.75,4.625,3.5,9.125,3.5,1,19,3,1,0,0
2023-01-20,59.0600,59.0600,10.0,3.0,6.0,42.375,10.0,3.0,3.5,1026.75,163.25,10.0,9.375,6.0,5.75,6.875,5.75,1,20,4,1,0,0
2023-01-21,58.3800,58.3800,8.0,3.0,6.0,57.75,10.0,3.0,4.75,1021.0,99.875,10.0,45.375,5.375,4.375,10.375,4.375,1,21,5,1,1,0
2023-01-22,58.6200,58.6200,12.0,3.0,7.0,58.75,9.0,3.0,5.875,1021.375,211.125,10.0,49.625,6.25,5.25,10.25,5.25,1,22,6,1,1,1
2023-01-23,62.5000,62.5000,11.0,5.0,7.0,55.125,8.0,3.0,6.125,1025.75,144.5,10.0,56.75,7.5,6.625,14.625,6.625,1,23,0,1,0,1
2023-01-24,62.0000,62.0000,8.0,2.0,5.0,26.625,11.0,3.0,9.0,1035.125,122.25,10.0,34.0,5.0,3.125,16.625,3.125,1,24,1,1,0,1
2023-01-25,55.1600,55.1600,8.0,1.0,4.0,50.125,11.0,2.0,4.875,1022.5,60.25,10.0,22.0,4.125,3.0,10.5,3.0,1,25,2,1,0,1
2023-01-26,55.6200,55.6200,10.0,4.0,6.0,50.125,11.0,3.0,6.25,1023.25,104.125,10.0,34.5,6.375,5.375,12.5,5.375,1,26,3,1,0,1
2023-01-27,56.8200,56.8200,12.0,1.0,6.0,20.0,11.0,3.0,6.375,1032.5,152.0,10.0,3.125,6.375,5.125,14.75,5.125,1,27,4,1,0,1
2023-01-28,56.5900,56.5900,13.0,1.0,7.0,26.125,11.0,3.0,5.0,1028.875,253.875,10.0,2.375,6.0,5.5,9.5,5.5,1,28,5,1,1,0
2023-01-29,55.9400,55.9400,15.0,2.0,8.0,35.5,11.0,3.0,5.875,1026.5,213.875,10.0,2.75,6.875,6.125,11.625,6.125,1,29,6,1,1,0
2023-01-30,57.2800,57.2800,14.0,3.0,8.0,41.625,11.0,3.0,3.75,1020.75,114.5,10.0,6.25,8.125,8.0,10.0,8.0,1,30,0,1,0,0
2023-01-31,57.8700,57.8700,17.0,4.0,10.0,45.5,11.0,3.0,5.75,1014.5,105.375,10.0,15.75,9.5,8.625,10.75,8.625,1,31,1,1,0,0
2023-02-01,59.2500,59.2500,16.0,8.0,11.0,42.5,11.0,4.0,10.375,1016.0,104.5,10.0,46.125,10.25,9.0,18.125,9.0,2,1,2,1,0,0
2023-02-02,61.5600,61.5600,14.0,10.0,12.0,56.25,7.0,3.0,11.125,1020.0,38.75,10.0,66.25,11.75,10.375,18.125,10.375,2,2,3,1,0,0
2023-02-03,59.5700,59.5700,13.0,8.0,10.0,63.0,4.0,4.0,8.0,1019.125,50.5,10.0,68.75,9.75,8.75,15.375,8.75,2,3,4,1,0,0
2023-02-04,65.2100,65.2100,15.0,9.0,12.0,61.5,6.0,3.0,5.625,1017.875,208.75,10.0,77.75,12.25,12.125,12.5,12.125,2,4,5,1,1,0
2023-02-05,72.7900,72.7900,12.0,10.0,11.0,66.5,5.0,4.0,7.5,1016.875,63.0,10.0,56.125,10.75,10.25,14.125,10.25,2,5,6,1,1,0
2023-02-06,79.0000,79.0000,12.0,9.0,11.0,71.75,2.0,3.0,3.75,1015.875,180.625,10.0,91.25,10.625,10.625,6.75,10.625,2,6,0,1,0,0
2023-02-07,101.0900,101.0900,11.0,9.0,11.0,76.875,1.0,4.0,5.375,1017.125,104.75,8.0,87.125,10.5,10.375,9.625,10.375,2,7,1,1,0,0
2023-02-08,120.4100,120.4100,11.0,8.0,9.0,79.75,2.0,2.0,10.375,1017.75,38.25,10.0,92.25,9.5,8.0,13.5,8.0,2,8,2,1,0,0
2023-02-09,138.3400,138.3400,14.0,9.0,11.0,73.75,4.0,3.0,6.625,1019.125,129.125,10.0,78.75,11.0,10.375,11.625,10.375,2,9,3,1,0,0
2023-02-10,117.9700,117.9700,14.0,10.0,11.0,75.75,1.0,3.0,4.25,1014.875,77.25,10.0,83.125,11.25,11.125,7.25,11.125,2,10,4,1,0,0
2023-02-11,124.2500,124.2500,12.0,9.0,11.0,79.75,1.0,3.0,5.375,1010.75,112.5,10.0,97.375,10.625,10.25,10.25,10.25,2,11,5,1,1,0
2023-02-12,127.4000,127.4000,13.0,9.0,11.0,77.625,3.0,4.0,5.875,1013.125,188.25,10.0,84.5,11.0,10.625,12.25,10.625,2,12,6,1,1,0
2023-02-13,103.5000,103.5000,11.0,7.0,9.0,74.375,3.0,2.0,7.375,1023.875,277.25,9.875,75.0,9.0,7.75,15.0,7.75,2,13,0,1,0,0
2023-02-14,77.4800,77.4800,12.0,4.0,9.0,63.125,11.0,2.0,6.25,1027.125,200.125,10.0,51.5,8.5,7.625,11.75,7.625,2,14,1,1,0,0
2023-02-15,72.5900,72.5900,11.0,7.0,9.0,64.0,5.0,2.0,4.625,1027.125,76.75,10.0,81.125,8.875,8.25,9.25,8.25,2,15,2,1,0,0
2023-02-16,99.4100,99.4100,11.0,7.0,9.0,71.375,4.0,2.0,4.0,1025.875,129.75,9.0,88.625,9.125,9.0,8.0,9.0,2,16,3,1,0,0
2023-02-17,110.2200,110.2200,12.0,7.0,9.0,67.875,2.0,2.0,3.125,1018.5,104.375,10.0,84.25,9.25,9.375,7.875,9.375,2,17,4,1,0,0
2023-02-18,117.0500,117.0500,18.0,8.0,12.0,55.5,11.0,3.0,8.0,1020.75,98.5,10.0,33.75,12.25,11.375,18.125,11.375,2,18,5,1,1,0
2023-02-19,115.8899,115.8899,16.0,8.0,12.0,43.125,10.0,4.0,6.375,1026.375,170.875,10.0,44.625,11.5,11.125,10.0,11.125,2,19,6,1,1,0
2023-02-20,67.8300,67.8300,12.0,8.0,10.0,58.625,6.0,3.0,4.625,1023.25,164.625,10.0,69.0,10.25,10.25,10.0,10.25,2,20,0,1,0,0
2023-02-21,78.3200,78.3200,10.0,7.0,9.0,91.25,1.0,2.0,10.5,1025.0,35.125,5.0,100.0,8.875,7.375,20.125,7.375,2,21,1,1,0,0
2023-02-22,119.1900,119.1900,11.0,7.0,8.0,82.25,1.0,2.0,8.25,1025.25,94.875,8.0,92.0,8.25,7.125,12.0,7.125,2,22,2,1,0,0
2023-02-23,115.5300,115.5300,12.0,6.0,9.0,77.0,4.0,2.0,5.375,1022.25,185.25,10.0,90.125,8.875,8.5,9.0,8.5,2,23,3,1,0,0
2023-02-24,110.9700,110.9700,18.0,7.0,12.0,66.75,8.0,3.0,5.0,1027.125,161.0,10.0,68.125,12.0,11.875,11.875,11.875,2,24,4,1,0,0
2023-02-25,110.4600,110.4600,16.0,9.0,12.0,65.375,6.0,3.0,6.125,1030.25,155.25,10.0,76.0,12.5,12.5,10.5,12.5,2,25,5,1,1,0
2023-02-26,97.6300,97.6300,17.0,9.0,13.0,62.375,6.0,4.0,6.125,1028.0,104.25,10.0,62.625,12.625,12.375,11.0,12.375,2,26,6,1,1,0
2023-02-27,104.8100,104.8100,13.0,11.0,12.0,69.875,1.0,4.0,9.5,1023.75,139.875,10.0,78.0,12.5,11.75,16.5,11.75,2,27,0,1,0,0
2023-02-28,104.9799,104.9799,19.0,11.0,13.0,63.5,9.0,3.0,4.5,1024.875,224.125,10.0,72.75,13.25,13.125,10.125,13.125,2,28,1,1,0,0
2023-03-01,91.2700,91.2700,18.0,10.0,14.0,49.875,12.0,4.0,4.75,1028.25,173.875,10.0,40.25,13.375,13.25,9.625,13.25,3,1,2,2,0,0
2023-03-02,86.2800,86.2800,15.0,8.0,12.0,64.125,6.0,3.0,7.25,1027.25,97.25,10.0,61.0,11.875,11.375,12.75,11.375,3,2,3,2,0,0
2023-03-03,86.1300,86.1300,20.0,9.0,14.0,61.875,12.0,3.0,7.375,1028.0,208.125,10.0,38.25,13.375,12.875,12.0,12.875,3,3,4,2,0,0
2023-03-04,100.7800,100.7800,20.0,11.0,15.0,55.5,11.0,5.0,4.75,1025.25,223.625,10.0,31.625,14.25,14.125,10.125,14.125,3,4,5,2,1,0
2023-03-05,93.6200,93.6200,23.0,12.0,17.0,50.625,11.0,5.0,4.75,1021.875,176.125,10.0,42.875,16.625,16.75,8.5,16.875,3,5,6,2,1,0
2023-03-06,94.0700,94.0700,23.0,14.0,17.0,64.375,9.0,4.0,5.875,1019.5,147.5,10.0,67.125,16.375,16.375,11.875,16.375,3,6,0,2,0,0
2023-03-07,103.9100,103.9100,22.0,12.0,16.0,65.875,6.0,5.0,6.625,1018.625,130.5,10.0,52.125,15.875,16.0,10.625,16.0,3,7,1,2,0,0
2023-03-08,110.8100,110.8100,28.0,14.0,20.0,58.875,12.0,4.0,8.0,1020.5,203.125,10.0,38.125,19.5,19.125,11.75,19.25,3,8,2,2,0,0
2023-03-09,99.1600,99.1600,26.0,16.0,20.0,52.75,10.0,5.0,8.125,1017.875,164.625,10.0,44.625,20.0,19.375,12.375,19.75,3,9,3,2,0,0
2023-03-10,94.0600,94.0600,24.0,17.0,20.0,57.25,11.0,4.0,7.375,1014.125,62.25,10.0,54.375,19.875,19.375,10.75,19.875,3,10,4,2,0,0
2023-03-11,119.2100,119.2100,25.0,14.0,18.0,59.0,11.0,5.0,10.875,1019.375,172.625,10.0,43.5,18.875,18.5,15.875,19.0,3,11,5,2,1,0
2023-03-12,106.8500,106.8500,19.0,9.0,13.0,55.625,8.0,3.0,14.375,1033.125,204.875,9.375,56.75,12.375,11.125,24.125,11.125,3,12,6,2,1,0
2023-03-13,60.3700,60.3700,20.0,8.0,14.0,53.625,12.0,4.0,7.25,1023.625,204.375,10.0,9.75,12.75,12.25,12.375,12.25,3,13,0,2,0,0
2023-03-14,83.8400,83.8400,22.0,9.0,16.0,53.5,12.0,5.0,4.75,1012.75,78.75,10.0,17.375,14.625,14.5,10.25,14.5,3,14,1,2,0,0
2023-03-15,104.6000,104.6000,23.0,13.0,17.0,53.75,12.0,5.0,7.75,1013.25,93.5,10.0,21.375,16.25,16.125,11.375,16.25,3,15,2,2,0,0
2023-03-16,115.7899,115.7899,17.0,14.0,15.0,70.0,1.0,5.0,8.25,1014.25,55.125,10.0,81.5,16.125,16.0,16.5,16.0,3,16,3,2,0,0
2023-03-17,109.6200,109.6200,18.0,11.0,15.0,69.875,6.0,4.0,6.125,1017.375,144.0,10.0,67.75,14.125,14.25,11.75,14.25,3,17,4,2,0,0
2023-03-18,88.8100,88.8100,16.0,13.0,14.0,72.875,10.0,3.0,6.5,1016.125,197.375,10.0,74.625,14.0,13.875,12.125,13.875,3,18,5,2,1,0
2023-03-19,100.6600,100.6600,19.0,11.0,15.0,74.25,10.0,3.0,5.5,1013.25,134.75,10.0,77.0,14.375,14.25,9.125,14.25,3,19,6,2,1,0
2023-03-20,119.1200,119.1200,17.0,12.0,14.0,77.25,1.0,3.0,6.0,1007.5,147.75,10.0,97.0,14.25,14.0,11.5,14.0,3,20,0,2,0,0
2023-03-21,125.6300,125.6300,24.0,11.0,17.0,67.375,11.0,5.0,6.625,1005.625,187.875,10.0,52.0,16.75,16.0,10.625,16.25,3,21,1,2,0,0
2023-03-22,114.7200,114.7200,18.0,13.0,15.0,80.0,3.0,4.0,5.75,1008.75,207.0,9.875,83.625,15.125,15.0,11.0,15.0,3,22,2,2,0,0
2023-03-23,114.4000,114.4000,14.0,11.0,12.0,88.125,4.0,3.0,6.375,1011.625,258.25,8.875,85.625,12.0,11.5,11.375,11.5,3,23,3,2,0,0
2023-03-24,121.8400,121.8400,16.0,11.0,13.0,77.875,8.0,3.0,6.625,1016.0,176.125,10.0,86.25,12.375,11.875,9.875,11.875,3,24,4,2,0,0
2023-03-25,125.6000,125.6000,14.0,10.0,11.0,82.25,6.0,3.0,5.25,1019.25,135.375,9.0,77.75,12.0,11.5,11.0,11.5,3,25,5,2,1,0
2023-03-26,117.8500,117.8500,16.0,9.0,13.0,75.5,6.0,4.0,5.25,1018.375,117.75,10.0,64.875,12.5,12.375,12.875,12.375,3,26,6,2,1,0
2023-03-27,123.1200,123.1200,18.0,11.0,13.0,76.75,8.0,3.0,5.625,1019.875,212.0,8.75,75.625,13.25,13.125,8.25,13.125,3,27,0,2,0,0
2023-03-28,121.4600,121.4600,17.0,12.0,13.0,78.25,9.0,4.0,5.0,1019.125,75.25,10.0,72.25,13.375,13.25,7.375,13.25,3,28,1,2,0,0
2023-03-29,125.7599,125.7599,21.0,11.0,16.0,67.875,6.0,4.0,4.25,1017.375,162.75,10.0,72.25,15.875,15.5,8.25,15.5,3,29,2,2,0,0
2023-03-30,117.7200,117.7200,20.0,12.0,16.0,66.375,8.0,5.0,5.875,1012.5,116.375,10.0,60.625,15.75,15.75,10.125,15.75,3,30,3,2,0,0
2023-03-31,123.6200,123.6200,22.0,15.0,17.0,67.75,9.0,4.0,5.625,1011.125,144.625,10.0,65.5,17.5,17.25,9.25,17.25,3,31,4,2,0,0
2023-04-01,106.6600,106.6600,22.0,13.0,17.0,70.25,5.0,5.0,6.25,1009.0,124.375,10.0,64.375,17.75,17.5,10.25,17.75,4,1,5,2,1,0
2023-04-02,99.7500,99.7500,22.0,17.0,19.0,69.125,5.0,5.0,10.0,1001.75,32.625,10.0,71.625,20.0,19.0,18.25,19.25,4,2,6,2,1,0
2023-04-03,111.3700,111.3700,17.0,14.0,16.0,84.625,1.0,4.0,8.0,1002.0,94.0,7.0,96.75,16.5,16.5,14.375,16.5,4,3,0,2,0,0
2023-04-04,102.1600,102.1600,22.0,13.0,17.0,66.0,13.0,4.0,6.375,1006.875,173.875,10.0,49.0,17.25,16.875,13.375,16.875,4,4,1,2,0,0
2023-04-05,73.0000,73.0000,16.0,12.0,14.0,72.5,5.0,3.0,10.0,1013.75,114.75,9.0,83.625,14.625,14.25,19.25,14.25,4,5,2,2,0,1
2023-04-06,103.6500,103.6500,20.0,9.0,15.0,61.625,13.0,3.0,10.75,1021.0,220.75,9.375,33.125,14.25,13.5,16.75,13.5,4,6,3,2,0,0
2023-04-07,86.0400,86.0400,21.0,9.0,15.0,53.5,8.0,5.0,5.375,1020.25,180.5,10.0,42.125,14.875,14.875,12.25,14.875,4,7,4,2,0,0
2023-04-08,123.1500,123.1500,23.0,11.0,17.0,51.25,13.0,4.0,4.5,1020.75,114.875,10.0,38.375,16.75,16.375,9.75,16.375,4,8,5,2,1,0
2023-04-09,93.8500,93.8500,23.0,13.0,18.0,58.0,11.0,5.0,5.0,1015.25,102.875,10.0,50.5,18.625,17.875,10.25,18.125,4,9,6,2,1,0
2023-04-10,92.4000,92.4000,26.0,14.0,19.0,68.75,13.0,4.0,6.625,1010.125,157.5,9.0,40.25,19.875,19.25,12.125,19.875,4,10,0,2,0,0
2023-04-11,527.3100,527.3100,30.0,18.0,23.0,56.0,12.0,5.0,7.375,1010.875,170.75,9.875,42.875,23.125,23.0,14.0,23.125,4,11,1,2,0,0
2023-04-12,1074.9500,1074.9500,26.0,17.0,21.0,68.875,8.0,5.0,8.125,1009.875,196.75,9.875,70.125,21.5,21.125,16.625,21.5,4,12,2,2,0,0
2023-04-13,790.3700,790.3700,22.0,17.0,20.0,77.125,4.0,4.0,8.75,1009.125,90.25,9.875,79.875,20.625,20.0,16.0,20.0,4,13,3,2,0,0
2023-04-14,128.9900,128.9900,24.0,17.0,20.0,64.125,13.0,5.0,9.375,1014.875,170.0,9.875,37.125,20.625,20.25,16.5,20.625,4,14,4,2,0,0
2023-04-15,736.2800,736.2800,31.0,16.0,23.0,50.375,13.0,6.0,7.625,1013.375,218.25,10.0,8.25,22.625,22.625,14.625,22.625,4,15,5,2,1,0
2023-04-16,1147.8800,1147.8800,34.0,17.0,25.0,47.625,13.0,7.0,5.625,1003.0,151.0,10.0,14.875,25.5,25.25,12.125,25.5,4,16,6,2,1,0
2023-04-17,1668.3200,1668.3200,33.0,20.0,26.0,52.25,12.0,7.0,12.125,999.125,122.625,9.875,37.0,27.375,26.375,19.625,27.0,4,17,0,2,0,0
2023-04-18,99.0000,99.0000,34.0,20.0,27.0,48.0,10.0,7.0,7.875,1005.0,188.375,10.0,33.25,26.875,25.75,14.875,26.5,4,18,1,2,0,0
2023-04-19,949.0600,949.0600,31.0,20.0,26.0,59.5,6.0,7.0,7.625,1002.25,160.5,10.0,44.125,26.75,25.625,12.25,26.75,4,19,2,2,0,0
2023-04-20,2045.6300,2045.6300,23.0,18.0,21.0,76.875,4.0,5.0,9.875,1002.125,142.75,9.75,79.625,23.5,21.875,20.25,23.0,4,20,3,2,0,0
2023-04-21,136.0900,136.0900,20.0,17.0,18.0,79.625,5.0,4.0,12.875,1003.75,183.75,7.375,82.375,18.375,18.375,22.75,18.375,4,21,4,2,0,0
2023-04-22,142.3400,142.3400,17.0,15.0,16.0,73.5,3.0,4.0,4.625,1007.625,143.25,10.0,88.0,16.25,16.375,13.375,16.375,4,22,5,2,1,0
2023-04-23,100.6200,100.6200,14.0,12.0,13.0,76.25,1.0,3.0,6.125,1014.5,57.375,10.0,99.375,13.375,13.25,11.125,13.25,4,23,6,2,1,0
2023-04-24,70.2500,70.2500,14.0,10.0,12.0,76.125,3.0,3.0,8.375,1020.375,71.625,9.0,89.375,12.625,12.0,15.375,12.0,4,24,0,2,0,0
2023-04-25,56.7900,56.7900,24.0,10.0,16.0,67.875,13.0,4.0,8.25,1020.25,181.625,10.0,39.125,16.625,16.0,15.125,16.375,4,25,1,2,0,0
2023-04-26,91.5200,91.5200,25.0,14.0,19.0,59.25,13.0,5.0,6.375,1014.375,149.125,10.0,28.0,19.25,18.875,10.625,19.375,4,26,2,2,0,0
2023-04-27,88.7000,88.7000,24.0,15.0,20.0,56.0,9.0,4.0,7.75,1009.25,138.875,10.0,59.875,19.375,19.25,12.25,19.5,4,27,3,2,0,0
2023-04-28,90.0600,90.0600,19.0,15.0,17.0,80.875,5.0,4.0,7.125,1015.25,219.0,10.0,67.5,17.125,17.125,12.875,17.125,4,28,4,2,0,0
2023-04-29,138.7500,138.7500,25.0,15.0,19.0,40.75,13.0,4.0,13.25,1019.25,227.625,10.0,24.125,18.75,18.375,24.875,18.25,4,29,5,2,1,0
2023-04-30,1085.9000,1085.9000,27.0,14.0,20.0,39.25,13.0,6.0,5.625,1013.375,185.75,10.0,4.5,20.5,20.25,9.0,20.125,4,30,6,2,1,0
2023-05-01,1425.5100,1425.5100,27.0,16.0,21.0,43.5,12.0,6.0,8.0,1007.875,113.125,10.0,39.375,21.125,21.125,13.75,21.125,5,1,0,2,0,1
2023-05-02,1301.7100,1301.7100,28.0,18.0,23.0,46.5,13.0,5.0,6.75,1006.5,87.125,10.0,44.625,22.375,22.125,13.75,22.375,5,2,1,2,0,1
2023-05-03,1298.6300,1298.6300,26.0,18.0,21.0,69.0,7.0,5.0,5.25,1001.75,123.625,10.0,73.875,21.875,21.25,12.625,21.625,5,3,2,2,0,1
2023-05-04,940.1300,940.1300,31.0,20.0,25.0,57.125,12.0,5.0,6.75,1000.875,54.125,10.0,42.5,25.625,24.5,12.875,24.875,5,4,3,2,0,0
2023-05-05,1375.9899,1375.9899,28.0,21.0,24.0,39.125,12.0,5.0,8.375,1002.875,150.875,10.0,58.625,23.875,23.125,16.625,23.25,5,5,4,2,0,0
2023-05-06,748.2200,748.2200,26.0,18.0,22.0,54.625,13.0,5.0,7.0,1005.5,204.75,10.0,47.625,22.125,21.375,14.125,21.75,5,6,5,2,1,0
2023-05-07,748.2200,748.2200,21.0,18.0,19.0,68.25,9.0,4.0,10.25,1011.5,99.5,10.0,66.125,19.875,19.625,17.5,19.625,5,7,6,2,1,0
2023-05-08,510.9299,748.2200,18.0,14.0,15.0,84.75,1.0,4.0,11.875,1014.375,70.875,7.75,93.0,15.25,15.0,20.25,15.0,5,8,0,2,0,0
2023-05-09,389.8700,389.8700,15.0,14.0,14.0,88.875,1.0,3.0,11.125,1013.25,24.25,5.0,100.0,14.625,14.125,19.125,14.125,5,9,1,2,0,0
2023-05-10,389.8700,389.8700,19.0,14.0,16.0,87.375,3.0,4.0,7.125,1016.625,138.875,8.0,85.0,16.0,15.75,12.625,15.75,5,10,2,2,0,0
2023-05-11,389.8700,389.8700,26.0,14.0,20.0,57.625,12.0,4.0,8.625,1019.625,212.75,10.0,50.5,19.375,19.25,15.75,19.5,5,11,3,2,0,0
2023-05-12,389.8700,389.8700,30.0,17.0,23.0,40.25,13.0,6.0,7.25,1017.125,222.5,10.0,24.125,22.25,22.5,13.875,22.25,5,12,4,2,0,0
2023-05-13,389.8700,389.8700,31.0,17.0,24.0,41.125,13.0,6.0,10.875,1013.75,199.5,10.0,6.625,23.125,23.375,16.75,22.875,5,13,5,2,1,0
2023-05-14,1229.4500,1229.4500,30.0,19.0,24.0,47.0,13.0,6.0,6.875,1010.5,198.75,10.0,17.0,23.5,23.0,11.25,23.125,5,14,6,2,1,0
2023-05-15,1216.1599,1216.1599,29.0,21.0,25.0,50.875,13.0,6.0,5.125,1005.0,166.375,9.875,33.25,24.125,23.75,8.75,24.125,5,15,0,2,0,0
2023-05-16,1316.6999,1316.6999,32.0,18.0,25.0,47.5,13.0,6.0,6.875,1002.25,151.875,9.875,24.125,24.75,24.75,11.75,24.75,5,16,1,2,0,0
2023-05-17,1335.1900,1335.1900,32.0,21.0,27.0,43.25,10.0,7.0,6.875,1004.875,128.5,10.0,33.5,26.25,25.5,11.5,25.875,5,17,2,2,0,0
2023-05-18,1620.7900,1620.7900,30.0,21.0,25.0,42.25,12.0,7.0,9.75,1008.625,244.75,10.0,41.375,25.625,24.625,18.0,25.375,5,18,3,2,0,0
2023-05-19,1428.8700,1428.8700,31.0,20.0,25.0,59.5,11.0,7.0,5.875,1008.25,176.75,10.0,47.25,25.875,24.5,10.5,25.625,5,19,4,2,0,0
2023-05-20,1451.1900,1451.1900,29.0,20.0,24.0,68.125,6.0,5.0,6.0,1004.5,172.25,10.0,73.875,25.25,24.25,10.125,25.25,5,20,5,2,1,0
2023-05-21,1539.6000,1539.6000,24.0,17.0,22.0,63.875,8.0,6.0,9.0,1007.0,126.5,9.0,70.875,23.875,22.375,17.0,23.375,5,21,6,2,1,0
2023-05-22,1408.6500,1408.6500,20.0,16.0,17.0,67.5,11.0,4.0,6.875,1015.875,216.625,8.75,59.375,17.5,17.5,12.5,17.5,5,22,0,2,0,0
2023-05-23,122.6600,122.6600,26.0,17.0,21.0,57.0,13.0,5.0,5.5,1012.625,201.0,10.0,43.25,20.75,20.125,10.375,20.75,5,23,1,2,0,0
2023-05-24,612.6500,612.6500,26.0,16.0,22.0,58.25,11.0,6.0,5.25,1007.125,171.0,10.0,43.375,21.75,21.25,13.125,21.75,5,24,2,2,0,0
2023-05-25,488.4600,488.4600,24.0,20.0,22.0,62.625,1.0,6.0,7.375,1007.5,73.375,10.0,76.75,23.875,22.25,13.0,22.875,5,25,3,2,0,0
2023-05-26,1174.7000,1174.7000,24.0,19.0,21.0,66.375,6.0,5.0,7.5,1007.25,54.625,10.0,77.875,22.75,21.75,13.125,22.75,5,26,4,2,0,0
2023-05-27,589.5600,589.5600,24.0,20.0,22.0,62.625,4.0,5.0,6.375,1005.25,148.125,10.0,86.5,22.75,21.875,12.125,22.75,5,27,5,2,1,0
2023-05-28,1600.0900,1600.0900,27.0,20.0,23.0,70.375,5.0,5.0,4.25,1006.875,118.75,9.0,80.25,24.5,23.875,10.0,24.5,5,28,6,2,1,0
2023-05-29,1772.0900,1772.0900,32.0,19.0,26.0,59.875,13.0,7.0,4.5,1007.0,124.625,10.0,40.375,26.625,25.75,10.375,26.625,5,29,0,2,0,0
2023-05-30,2286.8800,2286.8800,35.0,24.0,29.0,56.5,11.0,7.0,6.375,1006.25,141.875,10.0,37.125,30.625,28.875,14.625,30.625,5,30,1,2,0,0
2023-05-31,2357.0700,2357.0700,31.0,25.0,27.0,57.75,7.0,6.0,14.75,1001.75,81.375,9.875,71.5,28.75,27.5,24.875,28.75,5,31,2,2,0,0
2023-06-01,3474.9600,3474.9600,28.0,21.0,24.0,63.625,7.0,5.0,7.25,1004.25,130.625,10.0,81.375,25.875,24.5,16.5,25.5,6,1,3,3,0,0
2023-06-02,2033.6300,2033.6300,24.0,21.0,22.0,66.0,1.0,5.0,6.125,1006.75,114.5,10.0,97.625,25.125,23.0,15.375,23.75,6,2,4,3,0,0
2023-06-03,573.5600,573.5600,24.0,20.0,21.0,68.125,7.0,5.0,5.125,1008.875,143.125,10.0,85.875,22.875,22.0,14.625,22.875,6,3,5,3,1,0
2023-06-04,1378.6900,1378.6900,22.0,19.0,20.0,80.0,7.0,4.0,6.625,1010.625,190.125,10.0,80.375,21.875,21.125,14.0,21.5,6,4,6,3,1,0
2023-06-05,841.7199,841.7199,28.0,19.0,23.0,65.25,14.0,6.0,6.125,1011.0,216.625,10.0,23.75,23.625,23.0,13.5,23.375,6,5,0,3,0,0
2023-06-06,1803.7500,1803.7500,31.0,19.0,25.0,56.0,14.0,7.0,7.25,1009.875,161.625,10.0,17.625,26.5,25.125,13.375,26.125,6,6,1,3,0,0
2023-06-07,1957.7100,1957.7100,28.0,23.0,25.0,63.0,14.0,6.0,5.75,1008.75,131.625,10.0,42.5,27.375,25.875,13.375,27.375,6,7,2,3,0,0
2023-06-08,1992.8800,1992.8800,35.0,22.0,28.0,48.625,14.0,7.0,7.75,1008.75,193.375,10.0,34.25,28.25,27.375,16.625,28.25,6,8,3,3,0,0
2023-06-09,2149.6600,2149.6600,33.0,22.0,27.0,48.75,14.0,7.0,7.5,1006.875,190.0,10.0,33.25,28.25,27.125,13.5,27.875,6,9,4,3,0,0
2023-06-10,1948.7200,1948.7200,36.0,22.0,28.0,44.0,14.0,7.0,7.5,1004.125,230.125,10.0,30.625,28.125,27.5,15.5,27.75,6,10,5,3,1,0
2023-06-11,2677.1499,2677.1499,35.0,23.0,29.0,44.5,14.0,7.0,8.25,1002.5,171.25,10.0,25.25,29.375,28.5,17.5,29.375,6,11,6,3,1,0
2023-06-12,2523.4400,2523.4400,37.0,23.0,30.0,35.875,14.0,7.0,7.0,1002.375,113.375,10.0,7.875,29.625,29.5,13.375,29.625,6,12,0,3,0,0
2023-06-13,2606.0900,2606.0900,34.0,22.0,27.0,52.0,14.0,7.0,6.625,1004.625,153.375,9.875,28.75,28.625,27.25,13.375,28.625,6,13,1,3,0,0
2023-06-14,2039.8100,2039.8100,35.0,23.0,28.0,35.375,13.0,7.0,9.75,1005.75,173.75,10.0,29.125,27.25,26.875,16.625,27.25,6,14,2,3,0,0
2023-06-15,1834.5700,1834.5700,28.0,21.0,24.0,53.25,10.0,5.0,7.375,1006.125,144.875,10.0,59.375,25.375,23.875,11.625,25.0,6,15,3,3,0,0
2023-06-16,666.7200,666.7200,26.0,19.0,22.0,72.875,1.0,5.0,4.625,1006.125,119.125,10.0,92.375,22.5,21.875,9.75,22.5,6,16,4,3,0,0
2023-06-17,907.4600,907.4600,26.0,19.0,23.0,76.375,3.0,5.0,5.375,1004.5,155.625,10.0,81.125,23.25,22.5,9.375,23.25,6,17,5,3,1,0
2023-06-18,2506.1000,2506.1000,32.0,22.0,26.0,66.5,9.0,6.0,4.75,1004.0,141.5,10.0,68.125,28.125,26.125,11.0,27.875,6,18,6,3,1,0
2023-06-19,2722.8999,2722.8999,34.0,24.0,28.0,59.625,11.0,7.0,7.5,1003.375,225.375,10.0,43.375,28.625,27.125,13.875,28.625,6,19,0,3,0,0
2023-06-20,2063.6700,2063.6700,31.0,24.0,27.0,59.875,10.0,7.0,7.0,1003.625,205.0,10.0,50.0,28.5,26.75,13.75,28.5,6,20,1,3,0,0
2023-06-21,2071.7700,2071.7700,28.0,22.0,25.0,58.875,10.0,6.0,7.25,1006.875,133.0,10.0,56.75,25.875,24.5,16.0,25.625,6,21,2,3,0,0
2023-06-22,1451.1100,1451.1100,30.0,20.0,24.0,70.5,7.0,6.0,5.25,1008.375,209.75,10.0,61.75,25.25,24.25,9.625,24.875,6,22,3,3,0,1
2023-06-23,2369.1200,2369.1200,31.0,19.0,25.0,69.125,7.0,7.0,3.875,1007.125,158.25,10.0,61.25,26.75,25.375,7.875,26.5,6,23,4,3,0,1
2023-06-24,2572.1200,2572.1200,34.0,23.0,28.0,62.125,7.0,7.0,4.875,1005.125,131.875,10.0,55.75,29.375,27.5,10.375,29.375,6,24,5,3,1,0
2023-06-25,2953.4400,2953.4400,33.0,23.0,28.0,64.75,8.0,6.0,5.375,1005.5,115.75,9.875,57.25,29.5,27.5,12.0,29.5,6,25,6,3,1,0
2023-06-26,3095.5000,3095.5000,33.0,24.0,28.0,65.625,11.0,7.0,5.5,1004.25,117.125,10.0,55.0,31.5,28.375,12.0,31.5,6,26,0,3,0,0
2023-06-27,2764.5800,2764.5800,34.0,24.0,28.0,72.125,7.0,7.0,7.5,1000.875,154.125,9.625,64.5,32.5,28.875,16.75,32.5,6,27,1,3,0,0
2023-06-28,3991.2600,3991.2600,26.0,24.0,24.0,90.75,5.0,5.0,10.0,1001.625,158.5,9.75,65.375,28.75,26.25,22.75,28.75,6,28,2,3,0,0
2023-06-29,3493.4900,3493.4900,31.0,24.0,26.0,68.0,12.0,7.0,5.875,1002.125,214.875,10.0,45.375,28.875,27.0,12.75,28.875,6,29,3,3,0,0
2023-06-30,2550.7900,2550.7900,32.0,24.0,27.0,62.25,8.0,6.0,6.5,1001.0,175.0,10.0,60.75,28.875,27.5,13.625,28.875,6,30,4,3,0,0
2023-07-01,2497.6000,2497.6000,34.0,24.0,28.0,67.125,12.0,7.0,6.25,999.0,145.875,10.0,44.375,30.75,28.125,11.75,30.75,7,1,5,3,1,0
2023-07-02,4058.4900,4058.4900,33.0,26.0,28.0,68.0,5.0,7.0,5.25,999.875,175.875,10.0,66.75,31.25,28.25,11.125,31.25,7,2,6,3,1,0
2023-07-03,4012.0700,4012.0700,28.0,21.0,25.0,89.625,2.0,5.0,11.125,1002.0,84.625,7.125,86.625,28.0,24.875,20.75,27.625,7,3,0,3,0,0
2023-07-04,3288.4300,3288.4300,33.0,21.0,27.0,65.125,14.0,6.0,12.375,1006.25,197.25,10.0,37.625,28.25,26.5,21.25,27.75,7,4,1,3,0,0
2023-07-05,2343.6300,2343.6300,32.0,19.0,26.0,68.75,14.0,7.0,7.25,1002.375,80.0,10.0,23.375,26.875,25.625,11.75,26.875,7,5,2,3,0,0
2023-07-06,2599.3399,2599.3399,33.0,24.0,28.0,65.625,14.0,7.0,4.25,999.875,153.25,10.0,20.5,30.125,28.0,12.0,30.125,7,6,3,3,0,0
2023-07-07,2311.9400,2311.9400,33.0,24.0,28.0,72.375,10.0,7.0,4.625,1000.875,130.625,10.0,49.875,31.875,28.375,9.75,31.875,7,7,4,3,0,0
2023-07-08,2730.7500,2730.7500,36.0,24.0,30.0,59.125,12.0,7.0,6.625,1001.625,194.0,10.0,45.75,32.625,29.75,13.75,32.625,7,8,5,3,1,0
2023-07-09,4577.8800,4577.8800,38.0,25.0,31.0,60.5,12.0,8.0,4.875,1000.25,172.0,10.0,45.125,34.375,31.125,12.25,34.375,7,9,6,3,1,0
2023-07-10,5875.2100,5875.2100,35.0,27.0,31.0,66.75,3.0,8.0,5.75,997.75,116.5,10.0,63.375,36.625,31.625,12.875,36.625,7,10,0,3,0,0
2023-07-11,4253.9800,4253.9800,31.0,25.0,28.0,84.5,3.0,6.0,7.75,998.0,77.125,9.75,73.75,33.625,28.125,17.875,33.625,7,11,1,3,0,0
2023-07-12,5586.5200,5586.5200,30.0,24.0,26.0,91.875,4.0,6.0,10.375,998.75,23.625,8.25,83.25,30.5,26.375,15.875,30.5,7,12,2,3,0,0
2023-07-13,4694.7800,4694.7800,26.0,21.0,22.0,93.875,2.0,5.0,13.375,1003.625,72.375,7.625,85.875,25.25,23.125,27.125,24.875,7,13,3,3,0,0
2023-07-14,809.8800,809.8800,27.0,20.0,23.0,88.0,7.0,5.0,7.875,1009.625,210.0,9.875,79.125,24.875,23.125,15.875,24.375,7,14,4,3,0,0
2023-07-15,3537.3800,3537.3800,33.0,19.0,25.0,75.625,14.0,6.0,4.625,1007.875,155.375,10.0,48.375,27.375,24.875,10.0,26.625,7,15,5,3,1,0
2023-07-16,3707.7100,3707.7100,35.0,23.0,28.0,69.125,14.0,7.0,6.875,1006.75,203.5,10.0,28.875,31.0,27.375,11.125,31.0,7,16,6,3,1,0
2023-07-17,4403.5300,4403.5300,34.0,22.0,27.0,72.75,5.0,6.0,5.125,1005.625,206.0,9.875,73.375,30.375,27.125,13.0,30.375,7,17,0,3,0,0
2023-07-18,4559.2600,4559.2600,34.0,22.0,27.0,71.0,11.0,6.0,5.125,1007.0,241.375,10.0,49.875,29.0,26.25,12.25,28.75,7,18,1,3,0,0
2023-07-19,4842.9100,4842.9100,33.0,22.0,27.0,71.0,12.0,7.0,5.5,1006.0,203.25,10.0,22.875,29.375,26.875,10.875,29.375,7,19,2,3,0,0
2023-07-20,4388.2999,4388.2999,31.0,21.0,26.0,78.25,10.0,7.0,3.875,1005.25,122.25,9.0,56.875,28.5,25.625,9.5,27.875,7,20,3,3,0,0
2023-07-21,4934.2800,4934.2800,31.0,23.0,27.0,81.75,9.0,6.0,5.375,1006.75,235.25,7.75,55.125,30.125,26.625,11.0,30.125,7,21,4,3,0,0
2023-07-22,4703.9700,4703.9700,34.0,23.0,28.0,75.875,14.0,7.0,6.25,1007.125,192.0,10.0,33.125,31.75,28.125,11.875,31.75,7,22,5,3,1,0
2023-07-23,5000.9400,5000.9400,34.0,24.0,28.0,76.875,11.0,7.0,4.125,1005.5,171.75,9.875,44.625,32.25,28.25,10.625,32.25,7,23,6,3,1,0
2023-07-24,5774.1300,5774.1300,28.0,23.0,25.0,90.25,3.0,6.0,8.125,1004.5,130.75,8.875,70.625,29.375,26.25,16.375,29.375,7,24,0,3,0,0
2023-07-25,3836.7099,3836.7099,31.0,22.0,26.0,76.0,10.0,7.0,4.375,1005.25,133.25,10.0,57.375,28.625,26.0,9.875,28.375,7,25,1,3,0,0
2023-07-26,4965.7600,4965.7600,26.0,23.0,24.0,92.375,1.0,5.0,7.75,1004.5,164.875,8.875,86.125,27.125,24.5,14.375,27.125,7,26,2,3,0,0
2023-07-27,4940.9700,4940.9700,26.0,22.0,24.0,82.125,6.0,5.0,10.5,1004.125,149.25,8.875,72.25,26.5,24.25,23.0,26.5,7,27,3,3,0,0
2023-07-28,3136.2100,3136.2100,32.0,21.0,26.0,80.875,12.0,6.0,6.375,1004.125,253.875,8.0,55.25,28.375,25.5,14.0,27.5,7,28,4,3,0,0
2023-07-29,3659.3700,3659.3700,32.0,22.0,27.0,79.0,11.0,7.0,3.625,1002.375,218.375,9.75,51.5,30.25,26.875,8.375,30.25,7,29,5,3,1,0
2023-07-30,5046.0800,5046.0800,34.0,24.0,28.0,76.25,5.0,7.0,4.25,1000.75,194.25,9.875,56.75,31.5,27.75,9.75,31.5,7,30,6,3,1,0
2023-07-31,5097.1399,5097.1399,32.0,24.0,27.0,79.625,7.0,6.0,5.25,1001.625,197.25,9.75,70.875,31.0,27.375,12.125,31.0,7,31,0,3,0,0
2023-08-01,4781.1700,4781.1700,29.0,23.0,26.0,87.875,7.0,6.0,6.0,1003.125,212.75,8.375,81.75,30.0,26.5,12.125,30.0,8,1,1,3,0,0
2023-08-02,4286.0800,4286.0800,30.0,23.0,26.0,85.875,5.0,6.0,4.5,1002.75,170.0,9.875,69.625,29.625,26.125,10.5,29.625,8,2,2,3,0,0
2023-08-03,3551.0000,3551.0000,30.0,23.0,26.0,84.875,11.0,6.0,3.625,1001.5,260.375,10.0,67.875,30.0,26.375,10.625,30.0,8,3,3,3,0,0
2023-08-04,4489.1000,4489.1000,32.0,24.0,27.0,79.625,6.0,6.0,3.875,1002.125,106.875,9.75,67.75,30.375,26.875,9.75,30.375,8,4,4,3,0,0
2023-08-05,4212.8400,4212.8400,31.0,23.0,27.0,84.0,5.0,6.0,4.5,1001.125,178.5,9.125,71.875,30.875,26.875,9.125,30.875,8,5,5,3,1,0
2023-08-06,5207.0599,5207.0599,32.0,24.0,27.0,82.125,10.0,6.0,4.375,999.25,156.625,9.625,70.25,31.25,27.25,9.625,31.25,8,6,6,3,1,0
2023-08-07,4945.1000,4945.1000,31.0,23.0,26.0,83.0,4.0,6.0,6.25,999.875,230.75,10.0,73.375,29.625,26.375,12.0,29.625,8,7,0,3,0,0
2023-08-08,4397.6200,4397.6200,33.0,25.0,28.0,79.625,6.0,6.0,4.75,999.875,179.75,9.75,72.375,32.0,27.875,10.75,32.0,8,8,1,3,0,0
2023-08-09,4570.8500,4570.8500,33.0,24.0,28.0,80.25,6.0,6.0,6.125,1001.625,145.375,8.625,68.375,32.375,27.875,12.75,32.375,8,9,2,3,0,0
2023-08-10,5210.5000,5210.5000,33.0,25.0,28.0,79.375,5.0,6.0,5.625,1002.625,130.25,9.375,76.5,33.0,28.5,14.875,33.0,8,10,3,3,0,0
2023-08-11,5641.6600,5641.6600,33.0,25.0,28.0,82.125,3.0,6.0,6.375,1001.375,115.125,9.5,74.125,32.0,27.5,13.5,32.0,8,11,4,3,0,0
2023-08-12,5313.0599,5313.0599,33.0,25.0,28.0,81.0,12.0,6.0,6.625,1002.125,194.25,9.375,61.75,30.875,27.25,14.0,30.875,8,12,5,3,1,0
2023-08-13,4985.0900,4985.0900,33.0,23.0,28.0,68.5,13.0,7.0,4.0,1002.125,173.375,10.0,21.875,31.375,28.125,7.25,31.375,8,13,6,3,1,0
2023-08-14,5543.2100,5543.2100,33.0,24.0,28.0,67.625,8.0,7.0,4.5,1003.125,209.0,10.0,32.0,31.375,28.5,9.125,31.375,8,14,0,3,0,0
2023-08-15,4811.4900,4811.4900,32.0,24.0,28.0,69.875,8.0,6.0,4.5,1003.875,125.875,9.875,58.375,31.125,28.0,10.875,31.125,8,15,1,3,0,0
2023-08-16,5059.9000,5059.9000,33.0,24.0,28.0,70.875,10.0,7.0,5.25,1004.75,177.625,9.75,40.625,31.375,28.25,11.75,31.375,8,16,2,3,0,0
2023-08-17,5029.4000,5029.4000,32.0,25.0,28.0,68.875,6.0,7.0,6.875,1005.375,230.5,9.875,33.75,30.875,28.0,14.5,30.875,8,17,3,3,0,0
2023-08-18,5146.3800,5146.3800,31.0,25.0,27.0,71.5,11.0,6.0,6.625,1005.5,302.125,9.875,56.5,29.75,27.25,14.75,29.75,8,18,4,3,0,0
2023-08-19,4228.7999,4228.7999,31.0,24.0,27.0,67.875,10.0,6.0,5.125,1006.25,180.125,9.875,54.25,28.625,26.625,10.75,28.625,8,19,5,3,1,0
2023-08-20,4124.0900,4124.0900,26.0,23.0,24.0,83.5,2.0,5.0,6.75,1006.5,176.25,8.0,84.0,26.875,24.5,12.75,26.875,8,20,6,3,1,0
2023-08-21,4689.7600,4689.7600,31.0,21.0,25.0,82.25,13.0,6.0,5.75,1006.0,207.875,7.0,26.625,28.375,25.125,10.125,27.625,8,21,0,3,0,0
2023-08-22,5032.6000,5032.6000,32.0,23.0,27.0,67.125,7.0,7.0,5.5,1004.25,183.625,10.0,59.0,29.125,27.0,10.0,29.125,8,22,1,3,0,0
2023-08-23,4978.6200,4978.6200,30.0,23.0,26.0,78.5,5.0,6.0,10.625,1004.375,87.625,9.5,73.875,28.125,25.75,18.25,28.125,8,23,2,3,0,0
2023-08-24,4398.8400,4398.8400,24.0,20.0,23.0,89.125,8.0,5.0,4.625,1007.75,181.625,7.75,68.0,24.875,23.0,9.5,24.875,8,24,3,3,0,0
2023-08-25,2955.7000,2955.7000,25.0,20.0,21.0,92.125,2.0,5.0,8.375,1005.875,28.25,8.5,89.375,22.5,21.375,12.75,21.875,8,25,4,3,0,0
2023-08-26,2622.4200,2622.4200,21.0,19.0,20.0,91.5,5.0,5.0,7.125,1004.125,134.5,10.0,84.625,21.875,21.0,14.125,21.625,8,26,5,3,1,0
2023-08-27,2784.1900,2784.1900,27.0,20.0,23.0,73.375,10.0,5.0,8.875,1005.5,213.875,10.0,68.75,24.5,23.25,15.75,24.125,8,27,6,3,1,0
2023-08-28,3596.1900,3596.1900,29.0,20.0,24.0,68.0,11.0,5.0,6.125,1007.125,188.125,10.0,56.75,25.0,24.0,10.375,25.0,8,28,0,3,0,0
2023-08-29,2988.1300,2988.1300,28.0,20.0,23.0,78.875,3.0,5.0,7.375,1009.125,150.375,9.25,78.5,24.875,23.125,13.75,24.375,8,29,1,3,0,0
2023-08-30,2218.0000,2218.0000,28.0,21.0,24.0,73.625,13.0,6.0,5.5,1011.375,235.0,10.0,37.0,25.625,23.875,10.5,24.75,8,30,2,3,0,0
2023-08-31,5234.8700,5234.8700,30.0,21.0,25.0,68.375,9.0,6.0,5.625,1010.375,194.75,10.0,39.625,26.625,25.0,10.25,26.25,8,31,3,3,0,0
2023-09-01,1899.0000,1899.0000,24.0,20.0,22.0,84.25,7.0,5.0,7.5,1011.5,259.375,8.25,60.0,25.0,22.625,13.5,24.0,9,1,4,4,0,0
2023-09-02,3236.4400,3236.4400,31.0,19.0,24.0,70.25,13.0,6.0,4.625,1010.375,203.125,10.0,7.375,25.125,24.375,9.25,25.125,9,2,5,4,1,0
2023-09-03,3770.8700,3770.8700,31.0,21.0,26.0,62.75,13.0,7.0,4.75,1008.25,212.5,10.0,6.0,27.875,26.125,7.375,27.5,9,3,6,4,1,0
2023-09-04,3682.6300,3682.6300,32.0,23.0,27.0,61.375,13.0,7.0,5.75,1007.75,218.5,10.0,18.625,29.0,27.125,10.25,28.75,9,4,0,4,0,0
2023-09-05,3194.5000,3194.5000,32.0,23.0,27.0,60.125,11.0,7.0,5.75,1007.5,214.5,10.0,36.625,29.125,27.25,9.25,29.125,9,5,1,4,0,0
2023-09-06,3414.1700,3414.1700,32.0,24.0,27.0,67.75,9.0,7.0,6.125,1008.5,120.625,9.75,62.75,29.125,27.0,10.75,29.125,9,6,2,4,0,0
2023-09-07,3813.0100,3813.0100,29.0,24.0,25.0,74.375,9.0,6.0,8.0,1009.625,133.0,9.875,65.5,27.375,25.5,14.125,27.375,9,7,3,4,0,0
2023-09-08,68.3200,68.3200,32.0,24.0,27.0,66.875,8.0,6.0,5.75,1008.0,140.75,9.75,69.5,29.125,27.0,10.75,29.125,9,8,4,4,0,0
2023-09-09,0.0000,0.0000,29.0,24.0,25.0,76.0,9.0,6.0,6.25,1007.125,216.5,9.75,65.625,28.0,25.75,13.0,28.0,9,9,5,4,1,0
2023-09-10,0.0000,0.0000,25.0,23.0,24.0,87.375,3.0,5.0,8.75,1006.75,172.875,9.75,91.875,26.75,24.375,15.125,26.75,9,10,6,4,1,0
2023-09-11,10408.1900,10408.1900,24.0,19.0,21.0,89.5,1.0,5.0,11.5,1007.125,139.5,7.5,95.25,23.0,21.5,20.875,22.25,9,11,0,4,0,0
2023-09-12,1770.6799,1770.6799,29.0,19.0,23.0,69.375,13.0,5.0,8.625,1010.875,205.5,10.0,46.0,23.75,23.0,15.375,23.375,9,12,1,4,0,0
2023-09-13,2201.3800,2201.3800,29.0,20.0,25.0,62.75,12.0,6.0,5.875,1011.0,178.25,10.0,11.5,25.875,24.5,9.75,25.625,9,13,2,4,0,0
2023-09-14,2421.5100,2421.5100,29.0,21.0,25.0,67.125,12.0,6.0,5.5,1010.125,219.75,10.0,51.75,26.25,24.625,10.625,25.875,9,14,3,4,0,0
2023-09-15,2545.1800,2545.1800,28.0,23.0,25.0,68.625,10.0,7.0,4.375,1008.875,69.375,10.0,51.75,27.0,25.0,8.0,27.0,9,15,4,4,0,0
2023-09-16,930.5000,930.5000,30.0,22.0,25.0,71.875,7.0,6.0,4.875,1008.5,135.125,8.875,76.0,27.5,25.75,10.25,27.5,9,16,5,4,1,0
2023-09-17,2496.4300,2496.4300,25.0,22.0,23.0,84.875,6.0,6.0,9.625,1007.125,60.125,8.875,75.75,26.125,24.0,16.125,25.875,9,17,6,4,1,0
2023-09-18,2507.4400,2507.4400,25.0,22.0,23.0,81.5,2.0,5.0,5.875,1007.875,39.5,10.0,86.25,25.25,23.125,12.0,24.75,9,18,0,4,0,0
2023-09-19,4489.1100,4489.1100,23.0,22.0,23.0,92.75,2.0,5.0,9.0,1006.75,55.75,8.0,88.5,25.75,23.25,15.625,25.75,9,19,1,4,0,0
2023-09-20,1997.8800,1997.8800,26.0,21.0,23.0,80.625,7.0,6.0,8.125,1009.375,177.125,8.375,71.875,25.625,23.875,15.125,25.375,9,20,2,4,0,0
2023-09-21,2174.1800,2174.1800,25.0,21.0,22.0,68.25,13.0,6.0,8.5,1013.75,199.5,10.0,27.375,23.5,22.25,12.0,22.75,9,21,3,4,0,0
2023-09-22,843.4399,843.4399,23.0,20.0,21.0,73.5,5.0,5.0,7.0,1011.5,67.75,10.0,75.625,23.0,21.375,11.875,22.0,9,22,4,4,0,0
2023-09-23,1050.1800,1050.1800,19.0,18.0,18.0,86.0,1.0,4.0,5.25,1012.875,37.875,9.0,94.25,19.25,19.25,11.125,19.25,9,23,5,4,1,0
2023-09-24,155.8800,155.8800,18.0,18.0,18.0,86.625,1.0,4.0,5.5,1012.75,35.25,8.0,91.0,18.75,18.75,10.25,18.75,9,24,6,4,1,0
2023-09-25,144.3100,144.3100,19.0,17.0,18.0,89.375,1.0,4.0,3.0,1013.625,105.5,7.0,87.875,18.875,18.875,6.25,18.875,9,25,0,4,0,0
2023-09-26,0.0000,0.0000,19.0,18.0,19.0,89.375,1.0,4.0,2.125,1014.75,153.75,9.0,89.375,20.0,19.25,5.75,19.25,9,26,1,4,0,0
2023-09-27,325.2500,325.2500,23.0,18.0,20.0,82.125,1.0,4.0,5.25,1014.125,116.25,10.0,91.125,20.75,20.25,8.375,20.75,9,27,2,4,0,0
2023-09-28,173.3200,173.3200,25.0,19.0,21.0,77.5,8.0,5.0,5.0,1013.625,68.625,10.0,64.75,22.375,21.5,8.5,22.125,9,28,3,4,0,0
2023-09-29,1784.1900,1784.1900,24.0,20.0,21.0,78.0,8.0,5.0,5.0,1014.25,127.875,10.0,59.125,21.875,21.125,6.625,21.5,9,29,4,4,0,1
2023-09-30,2095.9300,2095.9300,25.0,20.0,22.0,73.625,3.0,6.0,4.125,1012.625,123.0,10.0,80.25,23.25,22.0,7.25,22.625,9,30,5,4,1,0
2023-10-01,1096.7500,1096.7500,24.0,21.0,22.0,75.75,2.0,5.0,4.375,1010.0,99.25,10.0,96.375,23.5,22.125,10.375,22.375,10,1,6,4,1,1
2023-10-02,1246.4400,1246.4400,20.0,19.0,19.0,83.125,3.0,4.0,5.625,1011.375,78.75,9.0,87.75,20.75,20.125,12.125,20.5,10,2,0,4,0,1
2023-10-03,1455.1300,1455.1300,20.0,19.0,20.0,79.125,1.0,4.0,4.5,1013.125,119.75,10.0,98.25,21.5,20.75,8.75,21.0,10,3,1,4,0,1
2023-10-04,1284.0099,1284.0099,19.0,18.0,19.0,85.375,1.0,4.0,4.875,1014.125,127.125,9.0,90.25,19.0,19.0,9.875,19.0,10,4,2,4,0,1
2023-10-05,151.8100,151.8100,18.0,17.0,17.0,87.375,1.0,4.0,7.25,1014.625,133.5,7.375,83.25,18.375,18.375,13.25,18.375,10,5,3,4,0,1
2023-10-06,154.1900,154.1900,17.0,15.0,16.0,87.625,1.0,4.0,6.5,1017.875,156.75,4.0,93.75,16.75,16.75,12.625,16.75,10,6,4,4,0,1
2023-10-07,649.5500,649.5500,23.0,16.0,19.0,71.0,9.0,4.0,9.0,1018.25,175.25,10.0,47.75,19.75,18.75,11.375,19.0,10,7,5,4,1,0
2023-10-08,166.3800,166.3800,20.0,17.0,18.0,80.125,4.0,4.0,3.875,1020.5,162.375,8.75,68.75,18.25,18.25,8.125,18.25,10,8,6,4,1,0
2023-10-09,153.6900,153.6900,23.0,16.0,18.0,75.625,7.0,5.0,6.375,1022.0,179.375,10.0,61.0,18.5,18.125,9.625,18.125,10,9,0,4,0,0
2023-10-10,146.8100,146.8100,17.0,16.0,17.0,85.375,1.0,4.0,3.875,1023.375,136.0,8.0,99.25,16.875,16.875,7.25,16.875,10,10,1,4,0,0
2023-10-11,155.0000,155.0000,16.0,15.0,15.0,90.75,1.0,4.0,7.125,1020.625,56.25,4.0,100.0,15.5,15.5,9.875,15.5,10,11,2,4,0,0
2023-10-12,152.6800,152.6800,17.0,14.0,16.0,86.0,5.0,4.0,5.875,1023.25,178.375,9.0,76.75,15.875,15.625,11.625,15.625,10,12,3,4,0,0
2023-10-13,162.3200,162.3200,22.0,16.0,18.0,71.875,10.0,4.0,5.875,1022.125,171.375,10.0,64.875,19.0,18.25,8.125,18.625,10,13,4,4,0,0
2023-10-14,1078.6900,1078.6900,24.0,15.0,19.0,68.75,10.0,4.0,7.0,1018.875,172.0,10.0,38.625,19.875,19.0,11.25,19.5,10,14,5,4,1,0
2023-10-15,151.1100,151.1100,23.0,19.0,21.0,65.625,8.0,6.0,3.5,1016.5,200.875,9.0,59.25,20.625,20.0,8.5,20.25,10,15,6,4,1,0
2023-10-16,144.9400,144.9400,21.0,18.0,19.0,76.75,3.0,5.0,5.375,1016.125,90.5,9.0,90.125,19.0,19.0,8.25,19.0,10,16,0,4,0,0
2023-10-17,146.7600,146.7600,19.0,18.0,18.0,85.125,1.0,4.0,7.25,1014.25,46.375,10.0,100.0,19.125,19.125,10.625,19.125,10,17,1,4,0,0
2023-10-18,144.4300,144.4300,20.0,16.0,18.0,84.25,1.0,4.0,12.75,1013.625,28.625,7.0,97.25,18.125,18.125,20.25,18.125,10,18,2,4,0,0
2023-10-19,140.4400,140.4400,16.0,14.0,15.0,80.625,5.0,3.0,8.0,1021.75,167.75,7.875,82.125,14.625,14.625,12.25,14.625,10,19,3,4,0,0
2023-10-20,145.5700,145.5700,23.0,15.0,18.0,55.25,11.0,4.0,10.125,1025.25,179.75,10.0,27.25,18.0,17.75,15.375,17.75,10,20,4,4,0,0
2023-10-21,148.4900,148.4900,22.0,15.0,19.0,58.5,9.0,4.0,4.0,1022.875,136.375,10.0,58.875,18.25,18.0,7.5,18.0,10,21,5,4,1,0
2023-10-22,136.9500,136.9500,23.0,15.0,19.0,57.75,11.0,5.0,5.5,1020.25,195.0,10.0,40.5,19.0,18.25,10.0,18.375,10,22,6,4,1,0
2023-10-23,143.5500,143.5500,21.0,18.0,20.0,60.125,2.0,4.0,3.625,1018.25,123.375,10.0,88.5,18.5,18.5,7.625,18.5,10,23,0,4,0,0
2023-10-24,158.6900,158.6900,22.0,18.0,19.0,61.875,11.0,5.0,3.375,1017.5,211.0,10.0,46.0,18.625,18.375,6.875,18.375,10,24,1,4,0,0
2023-10-25,144.1300,144.1300,24.0,19.0,20.0,64.75,11.0,6.0,4.25,1017.375,196.25,10.0,40.5,20.25,19.875,6.25,20.25,10,25,2,4,0,0
2023-10-26,146.6200,146.6200,18.0,16.0,17.0,76.0,10.0,5.0,6.375,1020.25,162.75,8.375,73.5,17.125,17.125,10.0,17.125,10,26,3,4,0,0
2023-10-27,138.2500,138.2500,20.0,16.0,17.0,73.25,2.0,4.0,5.125,1019.625,153.75,10.0,79.875,17.125,17.125,9.25,17.125,10,27,4,4,0,0
2023-10-28,137.0000,137.0000,20.0,15.0,18.0,72.875,5.0,5.0,4.0,1019.125,74.875,10.0,70.125,17.125,17.125,7.625,17.125,10,28,5,4,1,0
2023-10-29,143.2400,143.2400,22.0,17.0,20.0,65.0,5.0,4.0,4.875,1019.875,150.875,10.0,81.875,19.5,18.75,8.0,19.125,10,29,6,4,1,0
2023-10-30,145.8800,145.8800,22.0,18.0,20.0,65.25,7.0,5.0,5.375,1019.875,160.875,10.0,76.875,19.75,19.125,7.75,19.5,10,30,0,4,0,0
2023-10-31,137.9500,137.9500,23.0,17.0,20.0,68.875,7.0,5.0,4.5,1020.25,155.25,10.0,72.5,20.125,19.5,7.125,19.75,10,31,1,4,0,0
2023-11-01,124.9300,124.9300,24.0,17.0,21.0,64.875,7.0,6.0,3.625,1017.0,183.5,10.0,61.625,20.75,20.0,7.0,20.75,11,1,2,4,0,0
2023-11-02,141.7500,141.7500,21.0,19.0,20.0,73.875,1.0,5.0,5.0,1013.375,201.0,9.0,76.75,18.875,18.875,9.625,18.875,11,2,3,4,0,0
2023-11-03,143.0600,143.0600,22.0,18.0,19.0,64.375,6.0,5.0,6.75,1013.5,158.25,10.0,63.125,18.75,18.75,11.5,18.75,11,3,4,4,0,0
2023-11-04,123.3800,123.3800,21.0,16.0,18.0,58.75,8.0,5.0,7.625,1011.375,155.125,10.0,64.125,17.625,17.625,13.5,17.625,11,4,5,4,1,0
2023-11-05,112.7400,112.7400,24.0,16.0,19.0,55.375,11.0,4.0,9.875,1015.5,144.25,10.0,34.5,18.875,18.625,14.625,18.875,11,5,6,4,1,0
2023-11-06,64.7599,64.7599,22.0,15.0,18.0,38.0,11.0,5.0,5.625,1020.375,87.125,10.0,23.0,17.5,17.25,10.0,17.25,11,6,0,4,0,0
2023-11-07,106.5000,106.5000,21.0,15.0,18.0,61.125,8.0,5.0,5.5,1014.75,104.375,10.0,55.375,17.5,17.25,9.375,17.25,11,7,1,4,0,0
2023-11-08,117.9400,117.9400,19.0,17.0,18.0,65.375,1.0,5.0,4.375,1013.125,105.125,10.0,73.625,17.625,17.625,9.125,17.625,11,8,2,4,0,0
2023-11-09,118.3000,118.3000,23.0,16.0,19.0,59.875,11.0,5.0,4.0,1015.0,158.125,10.0,31.125,18.625,18.0,6.5,18.25,11,9,3,4,0,0
2023-11-10,129.5700,129.5700,22.0,18.0,20.0,62.0,6.0,5.0,5.75,1015.375,137.375,10.0,69.875,19.0,18.625,11.0,19.0,11,10,4,4,0,0
2023-11-11,125.6300,125.6300,18.0,12.0,16.0,83.75,1.0,4.0,12.875,1019.25,37.0,6.75,94.75,15.5,14.875,23.625,14.875,11,11,5,4,1,0
2023-11-12,109.1800,109.1800,13.0,10.0,11.0,78.25,1.0,3.0,13.125,1029.125,44.625,8.625,98.375,11.375,9.75,21.875,9.75,11,12,6,4,1,0
2023-11-13,93.3200,93.3200,13.0,10.0,11.0,68.25,5.0,3.0,5.875,1030.375,124.75,10.0,87.5,10.375,10.25,10.125,10.25,11,13,0,4,0,0
2023-11-14,110.8700,110.8700,11.0,10.0,11.0,78.5,1.0,3.0,5.375,1026.375,137.5,10.0,94.375,10.5,10.125,8.875,10.125,11,14,1,4,0,0
2023-11-15,116.3700,116.3700,14.0,11.0,12.0,71.75,5.0,3.0,5.25,1027.5,212.375,10.0,77.875,12.0,12.0,9.875,12.0,11,15,2,4,0,0
2023-11-16,93.2000,93.2000,16.0,10.0,13.0,34.625,11.0,4.0,8.25,1036.375,203.625,10.0,12.25,11.75,11.375,13.375,11.375,11,16,3,4,0,0
2023-11-17,98.2500,98.2500,15.0,9.0,12.0,45.5,11.0,4.0,2.875,1030.875,159.625,10.0,6.125,11.25,11.375,6.625,11.375,11,17,4,4,0,0
2023-11-18,107.8000,107.8000,15.0,12.0,13.0,60.625,11.0,4.0,4.5,1026.625,178.375,10.0,29.0,12.25,12.125,8.125,12.125,11,18,5,4,1,0
2023-11-19,108.2599,108.2599,18.0,11.0,14.0,67.25,11.0,4.0,4.25,1023.625,189.75,10.0,6.75,12.0,12.25,7.0,12.25,11,19,6,4,1,0
2023-11-20,111.5600,111.5600,16.0,12.0,14.0,65.625,11.0,4.0,3.0,1019.5,64.25,10.0,41.625,12.75,12.875,6.125,12.875,11,20,0,4,0,0
2023-11-21,116.8100,116.8100,16.0,14.0,15.0,62.5,3.0,5.0,3.25,1015.75,150.125,10.0,68.0,14.125,14.125,6.125,14.125,11,21,1,4,0,0
2023-11-22,113.1900,113.1900,19.0,14.0,16.0,63.25,11.0,5.0,6.625,1016.875,168.5,10.0,18.625,15.125,14.875,10.25,14.875,11,22,2,4,0,0
2023-11-23,115.1900,115.1900,17.0,13.0,15.0,71.125,11.0,5.0,5.25,1020.25,131.25,10.0,34.75,14.625,14.625,10.125,14.625,11,23,3,4,0,0
2023-11-24,111.3100,111.3100,17.0,14.0,15.0,73.25,10.0,5.0,4.75,1018.625,88.5,10.0,65.25,14.25,14.5,6.875,14.5,11,24,4,4,0,0
2023-11-25,115.3700,115.3700,15.0,14.0,15.0,81.25,1.0,3.0,8.875,1018.625,77.875,10.0,91.875,14.0,13.75,14.5,13.75,11,25,5,4,1,0
2023-11-26,102.5700,102.5700,20.0,12.0,16.0,58.0,11.0,4.0,6.75,1022.625,170.875,10.0,11.625,14.625,14.75,10.875,14.75,11,26,6,4,1,0
2023-11-27,98.1800,98.1800,17.0,12.0,14.0,71.875,9.0,4.0,7.0,1022.0,105.75,10.0,30.625,12.75,12.625,11.5,12.625,11,27,0,4,0,0
2023-11-28,103.5700,103.5700,17.0,13.0,15.0,71.75,5.0,5.0,5.375,1017.375,180.75,10.0,57.0,13.375,13.375,8.5,13.375,11,28,1,4,0,0
2023-11-29,112.4900,112.4900,17.0,14.0,15.0,58.125,9.0,5.0,8.25,1020.0,118.125,10.0,63.75,14.0,13.875,12.25,13.875,11,29,2,4,0,0
2023-11-30,98.5700,98.5700,16.0,11.0,13.0,58.625,11.0,3.0,7.625,1026.75,63.375,10.0,56.0,12.75,12.5,13.625,12.5,11,30,3,4,0,0
2023-12-01,92.5000,92.5000,13.0,10.0,11.0,61.75,1.0,3.0,5.875,1027.5,128.0,10.0,79.375,11.125,11.0,9.375,11.0,12,1,4,1,0,0
2023-12-02,99.1800,99.1800,15.0,10.0,12.0,58.875,5.0,3.0,3.375,1025.25,176.125,10.0,77.75,10.875,10.875,5.25,10.875,12,2,5,1,1,0
2023-12-03,67.4500,67.4500,15.0,9.0,12.0,63.875,10.0,4.0,5.25,1024.125,164.375,10.0,43.625,10.875,10.75,8.5,10.75,12,3,6,1,1,0
2023-12-04,0.0000,0.0000,17.0,10.0,13.0,64.625,11.0,4.0,6.25,1021.75,191.625,10.0,24.5,11.625,11.375,10.125,11.375,12,4,0,1,0,0
2023-12-05,254.5500,254.5500,16.0,12.0,14.0,68.0,3.0,4.0,5.5,1019.0,113.5,10.0,70.0,11.875,11.75,9.75,11.75,12,5,1,1,0,0
2023-12-06,68.9400,68.9400,18.0,11.0,14.0,55.625,11.0,4.0,5.75,1024.75,174.125,10.0,11.5,12.25,12.25,8.75,12.25,12,6,2,1,0,0
2023-12-07,146.1200,146.1200,17.0,10.0,14.0,64.375,11.0,4.0,4.125,1018.125,80.0,10.0,13.875,11.5,11.375,8.0,11.375,12,7,3,1,0,0
2023-12-08,87.4499,87.4499,18.0,12.0,15.0,62.75,11.0,4.0,4.0,1012.25,43.625,10.0,44.125,12.5,12.625,6.75,12.625,12,8,4,1,0,0
2023-12-09,122.0600,122.0600,19.0,11.0,15.0,57.125,8.0,4.0,4.125,1010.75,185.0,10.0,27.5,12.75,12.875,6.5,12.875,12,9,5,1,1,0
2023-12-10,109.1900,109.1900,16.0,14.0,15.0,61.875,5.0,3.0,6.0,1010.125,29.125,10.0,74.125,13.875,13.875,9.125,13.875,12,10,6,1,1,0
2023-12-11,125.1800,125.1800,14.0,12.0,13.0,67.125,10.0,3.0,6.375,1017.5,151.25,10.0,54.375,13.25,13.5,10.125,13.5,12,11,0,1,0,0
2023-12-12,106.3200,106.3200,15.0,10.0,12.0,64.875,7.0,4.0,4.125,1018.25,125.75,10.0,55.5,11.625,11.625,7.625,11.625,12,12,1,1,0,0
2023-12-13,111.0600,111.0600,15.0,11.0,12.0,65.625,11.0,4.0,5.375,1010.625,44.125,10.0,44.625,11.75,11.75,9.75,11.75,12,13,2,1,0,0
2023-12-14,104.5600,104.5600,18.0,10.0,14.0,63.25,11.0,4.0,7.125,1009.875,26.875,10.0,44.5,13.0,12.625,13.0,12.625,12,14,3,1,0,0
2023-12-15,48.2500,48.2500,12.0,5.0,8.0,35.375,4.0,3.0,9.875,1025.625,97.875,10.0,67.25,7.625,5.875,20.0,5.875,12,15,4,1,0,0
2023-12-16,38.8700,38.8700,7.0,3.0,5.0,39.625,10.0,2.0,4.875,1035.375,241.625,10.0,49.5,4.875,4.0,11.625,4.0,12,16,5,1,1,0
2023-12-17,55.8200,55.8200,6.0,2.0,4.0,56.25,5.0,2.0,4.25,1029.5,124.375,10.0,63.5,3.5,2.75,8.25,2.75,12,17,6,1,1,0
2023-12-18,60.3700,60.3700,9.0,2.0,6.0,53.5,11.0,3.0,6.5,1028.625,121.125,10.0,32.0,4.75,3.25,10.375,3.25,12,18,0,1,0,0
2023-12-19,63.1900,63.1900,10.0,3.0,7.0,55.375,11.0,3.0,5.625,1030.25,175.875,10.0,21.625,5.5,4.625,8.875,4.625,12,19,1,1,0,0
2023-12-20,62.6800,62.6800,10.0,4.0,7.0,56.5,6.0,3.0,4.0,1031.5,161.5,10.0,71.125,6.375,6.125,8.125,6.125,12,20,2,1,0,0
2023-12-21,65.3800,65.3800,11.0,6.0,9.0,58.375,5.0,3.0,3.75,1033.625,146.5,10.0,73.375,7.75,7.5,8.25,7.5,12,21,3,1,0,0
2023-12-22,83.3800,83.3800,10.0,6.0,8.0,53.625,8.0,3.0,4.375,1034.625,152.625,10.0,61.375,7.0,6.625,8.5,6.625,12,22,4,1,0,0
2023-12-23,91.3099,91.3099,10.0,6.0,8.0,60.375,6.0,3.0,5.375,1034.25,115.875,10.0,67.0,6.375,5.625,9.25,5.625,12,23,5,1,1,0
2023-12-24,87.6199,87.6199,12.0,4.0,8.0,61.375,11.0,3.0,6.125,1035.625,209.625,10.0,4.75,6.125,4.875,10.375,4.875,12,24,6,1,1,0
2023-12-25,89.8200,89.8200,11.0,5.0,8.0,57.75,11.0,3.0,3.875,1028.75,94.375,10.0,14.375,7.0,6.75,10.0,6.75,12,25,0,1,0,0
2023-12-26,92.9300,92.9300,14.0,5.0,9.0,54.375,11.0,3.0,5.625,1027.25,192.875,10.0,9.0,8.0,7.375,9.375,7.375,12,26,1,1,0,0
2023-12-27,92.4400,92.4400,14.0,6.0,10.0,57.875,11.0,4.0,3.375,1025.125,86.375,10.0,17.5,8.375,8.0,7.0,8.0,12,27,2,1,0,0
2023-12-28,96.9400,96.9400,12.0,10.0,11.0,51.875,1.0,4.0,4.875,1022.625,40.625,10.0,78.125,10.0,9.75,8.375,9.75,12,28,3,1,0,0
2023-12-29,93.3800,93.3800,16.0,10.0,12.0,50.75,10.0,4.0,4.5,1022.875,183.25,10.0,41.125,10.625,10.625,8.375,10.625,12,29,4,1,0,0
2023-12-30,92.1800,92.1800,15.0,7.0,11.0,61.75,10.0,4.0,4.25,1021.5,104.75,10.0,13.375,9.25,9.125,9.25,9.125,12,30,5,1,1,0
2023-12-31,96.6300,96.6300,16.0,8.0,12.0,61.875,9.0,4.0,5.0,1021.625,111.375,10.0,35.625,10.25,10.375,8.25,10.375,12,31,6,1,1,0
2024-01-01,93.5600,93.5600,13.0,10.0,11.0,67.75,2.0,4.0,5.375,1022.125,56.625,10.0,73.875,10.125,9.875,8.625,9.875,1,1,0,1,0,1
2024-01-02,93.1800,93.1800,15.0,8.0,11.0,70.0,10.0,4.0,5.125,1023.25,132.5,10.0,51.75,9.75,9.5,7.875,9.5,1,2,1,1,0,0
2024-01-03,93.7599,93.7599,16.0,9.0,13.0,48.75,10.0,3.0,6.875,1023.75,201.5,10.0,46.5,11.0,10.5,10.375,10.5,1,3,2,1,0,0
2024-01-04,101.5000,101.5000,15.0,9.0,12.0,60.125,4.0,4.0,4.875,1018.875,62.0,10.0,63.75,9.625,9.75,9.875,9.75,1,4,3,1,0,0
2024-01-05,99.7500,99.7500,14.0,10.0,12.0,55.25,1.0,3.0,6.625,1020.75,177.25,10.0,90.125,11.25,10.375,10.375,10.375,1,5,4,1,0,0
2024-01-06,72.6300,72.6300,16.0,7.0,12.0,56.375,9.0,4.0,4.375,1022.875,181.0,10.0,41.375,10.375,10.25,9.5,10.25,1,6,5,1,1,0
2024-01-07,0.0000,0.0000,15.0,11.0,13.0,52.625,4.0,3.0,4.875,1020.875,279.125,10.0,78.125,11.625,11.75,8.25,11.75,1,7,6,1,1,0
2024-01-08,0.0000,0.0000,16.0,11.0,14.0,55.0,10.0,4.0,4.625,1019.5,222.625,10.0,41.125,11.25,11.375,9.0,11.375,1,8,0,1,0,0
2024-01-09,296.1200,296.1200,18.0,12.0,15.0,54.75,10.0,4.0,5.75,1020.875,155.5,10.0,37.875,12.25,12.125,10.125,12.125,1,9,1,1,0,0
2024-01-10,73.8100,73.8100,17.0,9.0,13.0,59.375,6.0,4.0,5.375,1021.5,69.375,10.0,44.0,10.625,10.375,9.5,10.375,1,10,2,1,0,0
2024-01-11,79.6900,79.6900,17.0,9.0,13.0,60.375,9.0,3.0,4.5,1020.75,104.125,10.0,44.875,10.75,11.0,7.625,11.0,1,11,3,1,0,0
2024-01-12,82.0600,82.0600,18.0,9.0,13.0,59.125,10.0,4.0,3.875,1019.25,145.375,10.0,24.25,11.125,11.125,6.875,11.125,1,12,4,1,0,0
2024-01-13,80.6300,80.6300,16.0,13.0,15.0,55.875,10.0,4.0,5.0,1017.875,102.125,10.0,48.875,12.25,12.25,9.25,12.25,1,13,5,1,1,0
2024-01-14,79.9900,79.9900,19.0,14.0,15.0,52.625,7.0,4.0,6.0,1020.125,124.625,10.0,64.75,13.75,13.625,9.875,13.625,1,14,6,1,1,0
2024-01-15,82.1300,82.1300,16.0,12.0,14.0,62.875,8.0,3.0,5.0,1018.0,136.875,10.0,64.125,13.375,13.125,12.375,13.125,1,15,0,1,0,0
2024-01-16,58.5000,58.5000,12.0,10.0,11.0,77.5,1.0,3.0,7.25,1017.625,37.875,8.0,99.25,11.125,10.25,12.75,10.25,1,16,1,1,0,0
2024-01-17,49.4400,49.4400,15.0,9.0,12.0,69.625,8.0,3.0,4.125,1017.625,112.25,10.0,66.625,10.625,10.625,8.75,10.625,1,17,2,1,0,0
2024-01-18,49.2500,49.2500,15.0,11.0,13.0,64.0,8.0,3.0,4.625,1015.0,167.5,10.0,70.0,12.25,12.25,8.25,12.25,1,18,3,1,0,0
2024-01-19,52.0600,52.0600,16.0,10.0,12.0,62.875,2.0,3.0,7.125,1017.875,57.25,10.0,92.375,11.75,11.25,13.375,11.25,1,19,4,1,0,0
2024-01-20,46.7500,46.7500,10.0,8.0,9.0,77.5,1.0,3.0,9.375,1022.625,34.875,7.0,94.0,9.375,8.25,14.625,8.25,1,20,5,1,1,0
2024-01-21,44.5000,44.5000,9.0,7.0,8.0,65.125,3.0,2.0,17.625,1027.0,46.75,5.875,87.25,6.75,3.625,28.375,3.625,1,21,6,1,1,0
2024-01-22,39.7500,39.7500,9.0,3.0,6.0,45.375,10.0,2.0,6.0,1034.375,114.75,10.0,59.75,4.875,3.75,12.625,3.75,1,22,0,1,0,0
2024-01-23,42.8100,42.8100,5.0,2.0,3.0,83.625,1.0,2.0,10.75,1033.625,49.5,9.0,82.125,2.625,0.0,17.25,0.0,1,23,1,1,0,0
2024-01-24,46.3200,46.3200,7.0,2.0,4.0,64.5,2.0,1.0,8.0,1033.875,73.5,10.0,78.375,3.0,0.875,14.875,0.875,1,24,2,1,0,0
2024-01-25,45.5600,45.5600,9.0,-0.0,4.0,58.0,7.0,2.0,5.5,1032.875,191.125,10.0,29.625,2.5,1.375,9.25,1.375,1,25,3,1,0,0
2024-01-26,49.1200,49.1200,10.0,1.0,5.0,53.75,11.0,3.0,4.625,1031.375,199.75,10.0,24.625,4.25,3.375,9.0,3.375,1,26,4,1,0,0
2024-01-27,48.0700,48.0700,11.0,2.0,6.0,57.25,11.0,3.0,5.625,1031.125,201.25,10.0,11.875,5.375,4.25,8.25,4.25,1,27,5,1,1,0
2024-01-28,48.8100,48.8100,11.0,3.0,7.0,57.625,7.0,3.0,4.25,1029.25,154.125,10.0,38.375,6.5,6.0,8.0,6.0,1,28,6,1,1,0
2024-01-29,50.8100,50.8100,10.0,4.0,7.0,58.625,6.0,2.0,3.75,1023.25,198.25,10.0,81.25,6.75,6.375,6.375,6.375,1,29,0,1,0,0
2024-01-30,49.5000,49.5000,10.0,7.0,8.0,56.5,11.0,3.0,5.625,1020.25,99.875,10.0,45.0,7.625,7.0,8.875,7.0,1,30,1,1,0,0
2024-01-31,52.1300,52.1300,12.0,6.0,9.0,57.125,10.0,3.0,4.0,1017.375,236.5,10.0,39.75,8.25,7.875,8.0,7.875,1,31,2,1,0,0
2024-02-01,50.6800,50.6800,13.0,8.0,10.0,57.0,8.0,4.0,5.375,1019.25,208.5,10.0,50.5,9.25,8.75,8.75,8.75,2,1,3,1,0,0
2024-02-02,52.4400,52.4400,12.0,7.0,9.0,71.75,4.0,2.0,7.625,1017.625,43.375,9.0,81.25,8.5,7.5,12.5,7.5,2,2,4,1,0,0
2024-02-03,49.6900,49.6900,12.0,6.0,9.0,70.625,7.0,2.0,7.625,1021.0,131.375,9.0,73.5,7.5,6.125,14.125,6.125,2,3,5,1,1,0
2024-02-04,47.8700,47.8700,11.0,4.0,8.0,68.125,7.0,2.0,6.375,1021.25,135.125,10.0,64.625,7.0,6.0,11.75,6.0,2,4,6,1,1,0
2024-02-05,49.6300,49.6300,10.0,5.0,7.0,67.75,2.0,2.0,7.0,1022.25,57.625,10.0,85.0,7.375,6.0,11.75,6.0,2,5,0,1,0,0
2024-02-06,48.6900,48.6900,10.0,4.0,7.0,71.25,3.0,2.0,6.0,1024.0,208.75,10.0,71.625,6.5,5.75,9.375,5.75,2,6,1,1,0,0
2024-02-07,52.3100,52.3100,8.0,5.0,7.0,76.375,2.0,2.0,6.875,1024.5,86.125,10.0,88.375,6.5,5.25,10.125,5.25,2,7,2,1,0,0
2024-02-08,52.3700,52.3700,11.0,3.0,7.0,67.5,7.0,3.0,2.75,1024.5,122.125,10.0,53.5,6.125,6.25,4.75,6.25,2,8,3,1,0,0
2024-02-09,27.0000,27.0000,15.0,7.0,10.0,59.75,8.0,3.0,7.0,1028.125,187.625,10.0,63.875,9.125,8.125,10.75,8.125,2,9,4,1,0,0
2024-02-10,69.8100,69.8100,17.0,6.0,11.0,59.625,11.0,4.0,4.125,1029.125,146.625,10.0,11.75,9.0,8.75,8.875,8.75,2,10,5,1,1,1
2024-02-11,49.5700,49.5700,17.0,7.0,12.0,61.25,11.0,4.0,3.25,1026.125,150.375,10.0,39.875,10.125,10.125,8.375,10.125,2,11,6,1,1,1
2024-02-12,49.6200,49.6200,18.0,8.0,13.0,56.375,11.0,4.0,4.0,1019.375,145.75,10.0,35.125,11.625,11.5,7.375,11.5,2,12,0,1,0,1
2024-02-13,17.4400,17.4400,19.0,9.0,14.0,57.25,11.0,4.0,4.375,1016.625,146.125,10.0,19.375,12.5,12.375,8.5,12.375,2,13,1,1,0,1
2024-02-14,0.0000,0.0000,15.0,10.0,12.0,59.5,1.0,4.0,8.25,1017.625,74.375,10.0,68.125,11.625,11.125,14.375,11.125,2,14,2,1,0,1
2024-02-15,0.0000,0.0000,18.0,7.0,11.0,61.125,11.0,3.0,10.5,1027.25,200.125,10.0,35.125,11.5,10.5,16.875,10.5,2,15,3,1,0,1
2024-02-16,0.0000,0.0000,16.0,6.0,11.0,63.125,11.0,4.0,6.375,1020.625,104.125,10.0,20.625,10.125,9.75,11.5,9.75,2,16,4,1,0,1
2024-02-17,0.0000,0.0000,18.0,7.0,12.0,58.875,11.0,4.0,3.75,1008.125,143.375,10.0,23.375,11.75,11.625,7.5,11.625,2,17,5,1,1,0
2024-02-18,0.0000,0.0000,20.0,9.0,15.0,57.375,11.0,4.0,5.25,1003.375,80.25,10.0,20.625,13.375,13.375,11.5,13.375,2,18,6,1,1,0
2024-02-19,293.5600,293.5600,18.0,12.0,14.0,48.625,11.0,4.0,8.125,1007.75,52.75,10.0,20.625,14.125,14.0,15.0,14.0,2,19,0,1,0,0
2024-02-20,40.0000,40.0000,19.0,10.0,14.0,51.125,11.0,4.0,9.25,1004.125,30.875,10.0,24.375,13.75,13.25,16.5,13.25,2,20,1,1,0,0
2024-02-21,34.1200,34.1200,14.0,7.0,10.0,64.5,1.0,4.0,12.75,1014.0,42.375,10.0,87.5,9.875,8.0,22.0,8.0,2,21,2,1,0,0
2024-02-22,36.3800,36.3800,4.0,3.0,4.0,93.75,1.0,1.0,8.25,1024.5,97.5,5.625,100.0,4.625,2.875,15.75,2.875,2,22,3,1,0,0
2024-02-23,40.1200,40.1200,4.0,3.0,3.0,94.5,1.0,1.0,9.125,1027.375,37.875,7.25,100.0,3.375,0.75,17.125,0.75,2,23,4,1,0,0
2024-02-24,41.9400,41.9400,7.0,3.0,5.0,78.625,1.0,1.0,6.25,1028.5,69.0,10.0,89.5,4.75,3.5,9.625,3.5,2,24,5,1,1,0
2024-02-25,42.0000,42.0000,10.0,2.0,6.0,62.75,9.0,3.0,4.25,1025.5,136.5,10.0,49.875,5.5,5.125,9.0,5.125,2,25,6,1,1,0
2024-02-26,53.0000,53.0000,11.0,2.0,7.0,61.0,7.0,3.0,3.75,1025.625,93.125,10.0,54.75,6.75,6.5,9.25,6.5,2,26,0,1,0,0
2024-02-27,67.0100,67.0100,12.0,4.0,8.0,58.0,9.0,3.0,5.875,1023.125,97.75,10.0,45.625,7.625,7.0,11.0,7.0,2,27,1,1,0,0
2024-02-28,96.5600,96.5600,13.0,6.0,9.0,61.5,7.0,2.0,6.25,1021.25,123.375,10.0,70.0,8.0,7.25,11.875,7.25,2,28,2,1,0,0
2024-02-29,91.0000,91.0000,14.0,6.0,10.0,67.125,9.0,2.0,6.25,1025.25,168.125,9.0,74.5,8.625,8.0,11.375,8.0,2,29,3,1,0,0
2024-03-01,92.8800,92.8800,9.0,7.0,8.0,78.625,4.0,2.0,8.5,1027.375,42.25,8.0,90.375,7.625,6.0,13.625,6.0,3,1,4,2,0,0
2024-03-02,0.0000,0.0000,13.0,5.0,9.0,69.625,8.0,2.0,5.25,1022.75,108.125,9.0,67.625,8.625,8.0,10.625,8.0,3,2,5,2,1,0
2024-03-03,0.0000,0.0000,13.0,8.0,10.0,60.875,8.0,3.0,2.75,1012.0,169.875,10.0,56.25,9.25,9.125,6.125,9.125,3,3,6,2,1,0
2024-03-04,393.4900,393.4900,15.0,8.0,11.0,60.25,12.0,4.0,5.25,1006.625,28.625,10.0,52.75,9.875,9.375,11.25,9.375,3,4,0,2,0,0
2024-03-05,121.2500,121.2500,16.0,9.0,12.0,55.875,5.0,4.0,8.25,1012.625,211.125,10.0,56.625,11.125,10.75,14.0,10.75,3,5,1,2,0,0
2024-03-06,116.0600,116.0600,17.0,8.0,12.0,49.5,10.0,4.0,8.75,1018.75,159.25,10.0,60.75,12.0,11.0,13.75,11.0,3,6,2,2,0,0
2024-03-07,98.0099,98.0099,18.0,7.0,12.0,59.625,10.0,4.0,4.625,1021.625,78.875,10.0,30.875,12.0,11.75,9.5,11.75,3,7,3,2,0,0
2024-03-08,121.6099,121.6099,16.0,9.0,12.0,66.0,6.0,4.0,6.0,1019.375,117.0,10.0,68.5,11.625,11.5,9.625,11.5,3,8,4,2,0,0
2024-03-09,125.1999,125.1999,14.0,10.0,11.0,83.25,5.0,3.0,5.125,1020.5,116.25,8.0,79.0,11.375,11.0,8.75,11.0,3,9,5,2,1,0
2024-03-10,121.6900,121.6900,15.0,11.0,12.0,74.25,5.0,3.0,7.0,1021.75,134.625,9.0,79.75,12.0,11.5,11.875,11.5,3,10,6,2,1,0
2024-03-11,108.1200,108.1200,22.0,8.0,15.0,58.875,12.0,4.0,9.0,1022.0,189.75,10.0,7.25,13.75,13.25,16.125,13.25,3,11,0,2,0,0
2024-03-12,108.9900,108.9900,17.0,11.0,14.0,62.875,5.0,3.0,10.0,1017.375,74.0,10.0,76.875,13.875,13.25,15.25,13.25,3,12,1,2,0,0
2024-03-13,107.4400,107.4400,20.0,12.0,15.0,61.75,9.0,4.0,7.875,1017.375,60.75,9.0,73.875,15.125,14.75,13.25,14.75,3,13,2,2,0,0
2024-03-14,114.4500,114.4500,19.0,12.0,15.0,65.375,4.0,4.0,6.0,1015.125,135.125,9.875,65.5,15.125,15.125,9.5,15.125,3,14,3,2,0,0
2024-03-15,123.3100,123.3100,22.0,12.0,17.0,62.25,12.0,5.0,5.625,1011.625,182.75,10.0,39.875,17.0,16.875,11.375,16.875,3,15,4,2,0,0
2024-03-16,121.5600,121.5600,16.0,14.0,15.0,72.625,1.0,4.0,6.625,1016.125,210.25,10.0,92.375,15.75,15.875,13.25,15.875,3,16,5,2,1,0
2024-03-17,95.5000,95.5000,15.0,12.0,14.0,64.5,5.0,3.0,7.25,1017.5,65.125,10.0,91.0,14.625,14.375,12.625,14.375,3,17,6,2,1,0
2024-03-18,108.0600,108.0600,20.0,11.0,14.0,68.375,8.0,3.0,9.75,1022.625,201.5,7.75,54.5,14.0,13.5,16.0,13.5,3,18,0,2,0,0
2024-03-19,111.1900,111.1900,21.0,12.0,16.0,44.125,12.0,4.0,10.625,1026.625,222.125,10.0,37.0,15.625,15.25,16.5,15.25,3,19,1,2,0,0
2024-03-20,108.7500,108.7500,20.0,12.0,16.0,53.25,12.0,5.0,5.125,1023.0,173.5,10.0,33.75,15.625,15.625,8.0,15.625,3,20,2,2,0,0
2024-03-21,99.0600,99.0600,23.0,12.0,18.0,55.0,12.0,4.0,5.75,1010.375,126.375,10.0,28.25,17.625,17.5,10.0,17.75,3,21,3,2,0,0
2024-03-22,105.5600,105.5600,25.0,14.0,20.0,52.5,12.0,5.0,8.0,1000.0,34.375,10.0,22.875,19.125,18.75,15.75,19.125,3,22,4,2,0,0
2024-03-23,113.2599,113.2599,27.0,19.0,22.0,51.25,10.0,6.0,9.375,1000.25,81.625,10.0,54.0,21.25,20.625,16.875,20.875,3,23,5,2,1,0
2024-03-24,121.8100,121.8100,19.0,13.0,17.0,74.5,6.0,4.0,13.0,1006.5,66.75,8.875,73.25,16.625,16.5,22.0,16.5,3,24,6,2,1,0
2024-03-25,115.0600,115.0600,23.0,12.0,18.0,64.375,12.0,4.0,10.375,1015.875,191.875,9.625,43.0,17.875,16.875,16.125,17.25,3,25,0,2,0,0
2024-03-26,123.3100,123.3100,16.0,13.0,14.0,78.5,2.0,3.0,11.625,1016.875,140.25,9.0,90.625,15.75,15.5,17.75,15.5,3,26,1,2,0,0
2024-03-27,120.5600,120.5600,20.0,13.0,16.0,74.375,8.0,4.0,7.125,1016.375,108.5,9.0,76.5,15.75,15.625,13.625,15.625,3,27,2,2,0,0
2024-03-28,109.3800,109.3800,25.0,13.0,19.0,54.125,13.0,5.0,7.125,1016.0,225.625,10.0,17.0,18.375,17.625,15.625,17.75,3,28,3,2,0,0
2024-03-29,115.4400,115.4400,27.0,14.0,20.0,51.375,13.0,6.0,4.25,1009.0,196.375,10.0,8.75,20.0,19.625,9.25,19.75,3,29,4,2,0,0
2024-03-30,112.3800,112.3800,28.0,18.0,22.0,48.75,11.0,6.0,7.5,1008.125,184.625,10.0,23.875,21.25,21.0,15.75,21.0,3,30,5,2,1,0
2024-03-31,119.8700,119.8700,29.0,17.0,23.0,46.875,12.0,6.0,4.75,1006.875,147.0,10.0,31.125,21.5,21.0,8.625,21.5,3,31,6,2,1,0
2024-04-01,111.5600,111.5600,26.0,19.0,21.0,63.625,8.0,5.0,6.25,1001.875,152.75,9.375,48.75,21.875,21.25,11.0,21.5,4,1,0,2,0,0
2024-04-02,116.3800,116.3800,26.0,18.0,21.0,69.875,11.0,6.0,8.375,1001.875,176.75,9.875,52.0,21.625,21.0,12.875,21.25,4,2,1,2,0,0
2024-04-03,131.1200,131.1200,21.0,15.0,19.0,53.0,12.0,4.0,9.0,1008.625,147.125,10.0,59.375,20.375,19.625,14.5,19.625,4,3,2,2,0,0
2024-04-04,124.0000,124.0000,17.0,14.0,15.0,82.375,1.0,3.0,7.5,1013.0,236.5,8.0,88.125,16.625,16.625,12.875,16.625,4,4,3,2,0,1
2024-04-05,134.8100,134.8100,18.0,14.0,16.0,83.625,1.0,4.0,9.75,1012.875,174.875,9.0,91.875,16.625,16.75,15.375,16.75,4,5,4,2,0,1
2024-04-06,130.5700,130.5700,15.0,13.0,14.0,82.75,1.0,3.0,8.625,1015.625,258.875,9.875,92.75,14.375,14.125,14.875,14.125,4,6,5,2,1,0
2024-04-07,130.5600,130.5600,15.0,13.0,14.0,84.5,1.0,3.0,5.875,1014.5,61.0,8.0,87.625,14.25,14.25,9.125,14.25,4,7,6,2,1,0
2024-04-08,127.8800,127.8800,23.0,12.0,17.0,69.375,13.0,4.0,6.0,1017.125,179.375,10.0,52.125,15.875,15.625,10.625,15.625,4,8,0,2,0,0
2024-04-09,357.7500,357.7500,19.0,15.0,17.0,73.5,4.0,5.0,5.375,1016.625,135.5,10.0,65.875,17.125,17.125,9.125,17.125,4,9,1,2,0,0
2024-04-10,130.7400,130.7400,20.0,14.0,17.0,81.75,4.0,4.0,6.75,1016.0,105.625,9.0,81.5,18.125,17.375,12.625,17.375,4,10,2,2,0,0
2024-04-11,446.8700,446.8700,24.0,14.0,19.0,70.875,11.0,4.0,6.25,1015.25,198.25,9.875,53.75,19.75,18.75,8.75,19.375,4,11,3,2,0,0
2024-04-12,577.8700,577.8700,25.0,16.0,21.0,63.5,11.0,6.0,4.25,1011.125,131.125,10.0,36.625,21.75,21.0,7.75,21.375,4,12,4,2,0,0
2024-04-13,803.6999,803.6999,28.0,20.0,23.0,64.25,10.0,6.0,3.75,1004.875,153.875,10.0,48.5,23.625,22.625,9.375,23.25,4,13,5,2,1,0
2024-04-14,1427.4900,1427.4900,29.0,21.0,24.0,65.5,13.0,5.0,5.875,1007.0,145.375,9.875,51.75,23.875,23.125,10.0,23.5,4,14,6,2,1,0
2024-04-15,1601.6300,1601.6300,28.0,21.0,24.0,61.5,13.0,6.0,6.5,1006.625,59.375,10.0,48.125,25.5,24.0,13.5,25.125,4,15,0,2,0,0
2024-04-16,1077.3899,1077.3899,25.0,19.0,22.0,73.5,10.0,5.0,7.75,1006.25,109.125,9.25,78.5,23.75,22.375,15.125,22.75,4,16,1,2,0,0
2024-04-17,1065.1000,1065.1000,28.0,20.0,23.0,65.625,6.0,5.0,5.0,1008.875,104.0,10.0,67.625,23.25,22.5,8.75,23.25,4,17,2,2,0,0
2024-04-18,141.6300,141.6300,28.0,19.0,22.0,72.5,4.0,5.0,4.875,1004.125,229.625,9.875,81.125,22.375,21.625,8.75,21.875,4,18,3,2,0,0
2024-04-19,1279.0600,1279.0600,27.0,17.0,22.0,70.625,13.0,5.0,7.5,1004.25,234.75,8.0,51.875,22.0,21.5,15.125,22.0,4,19,4,2,0,0
2024-04-20,135.1300,135.1300,27.0,19.0,22.0,54.625,12.0,5.0,11.375,1006.75,267.5,9.875,58.0,21.25,20.5,19.625,20.875,4,20,5,2,1,0
2024-04-21,1162.3200,1162.3200,24.0,16.0,20.0,66.625,9.0,6.0,6.125,1009.5,178.5,9.875,44.75,20.5,19.75,10.25,20.5,4,21,6,2,1,0
2024-04-22,1018.1900,1018.1900,23.0,18.0,20.0,70.5,11.0,4.0,6.875,1009.25,128.125,10.0,60.125,20.875,19.875,12.5,20.125,4,22,0,2,0,0
2024-04-23,117.8700,117.8700,25.0,16.0,20.0,65.625,12.0,6.0,6.875,1012.25,225.375,10.0,50.25,20.5,19.75,12.75,20.5,4,23,1,2,0,0
2024-04-24,766.4400,766.4400,23.0,16.0,19.0,74.125,3.0,4.0,8.625,1009.0,162.125,9.375,81.625,18.875,18.25,13.25,18.5,4,24,2,2,0,0
2024-04-25,1082.6300,1082.6300,25.0,16.0,20.0,68.125,12.0,6.0,4.625,1007.625,163.75,10.0,38.375,20.5,20.125,8.125,20.5,4,25,3,2,0,0
2024-04-26,1096.3000,1096.3000,25.0,18.0,22.0,65.125,10.0,6.0,6.5,1004.125,126.125,10.0,48.875,22.25,21.125,9.75,21.875,4,26,4,2,0,0
2024-04-27,1257.9400,1257.9400,29.0,20.0,25.0,54.375,12.0,5.0,5.125,1003.5,204.25,10.0,45.0,24.75,24.0,10.875,24.375,4,27,5,2,1,0
2024-04-28,1423.1300,1423.1300,30.0,23.0,25.0,54.0,8.0,7.0,7.625,1003.0,186.5,10.0,63.125,25.5,24.375,13.125,25.125,4,28,6,2,1,0
2024-04-29,140.5600,140.5600,23.0,17.0,20.0,70.875,7.0,4.0,12.5,1004.375,110.875,9.125,75.0,20.875,20.25,22.625,20.25,4,29,0,2,0,0
2024-04-30,449.8100,449.8100,19.0,16.0,17.0,55.125,13.0,4.0,6.5,1011.625,210.0,10.0,39.375,17.75,17.75,12.0,17.75,4,30,1,2,0,0
2024-05-01,132.6200,132.6200,17.0,14.0,15.0,79.125,1.0,3.0,5.0,1013.5,88.125,7.0,92.375,14.875,15.125,8.75,15.125,5,1,2,2,0,1
2024-05-02,136.3800,136.3800,15.0,14.0,15.0,83.5,1.0,3.0,3.875,1012.5,108.125,9.0,91.0,15.125,15.125,8.25,15.125,5,2,3,2,0,1
2024-05-03,139.5600,139.5600,18.0,14.0,15.0,84.375,1.0,4.0,6.0,1012.875,28.75,10.0,93.0,15.625,15.75,12.25,15.75,5,3,4,2,0,1
2024-05-04,1235.8700,1235.8700,25.0,14.0,19.0,67.25,13.0,5.0,9.375,1010.75,193.375,10.0,26.625,19.5,19.0,14.5,19.5,5,4,5,2,1,0
2024-05-05,895.0000,895.0000,26.0,15.0,21.0,61.75,13.0,6.0,7.5,1010.25,185.625,10.0,19.125,20.875,20.25,12.375,20.5,5,5,6,2,1,0
2024-05-06,954.5699,954.5699,27.0,18.0,22.0,58.875,10.0,6.0,6.125,1012.25,160.875,10.0,42.375,22.375,21.75,12.125,22.0,5,6,0,2,0,0
2024-05-07,119.9400,119.9400,28.0,19.0,23.0,62.125,5.0,6.0,4.75,1013.5,189.5,9.75,50.75,23.625,22.75,10.0,23.375,5,7,1,2,0,0
2024-05-08,113.5600,113.5600,21.0,18.0,20.0,70.75,8.0,5.0,6.375,1017.625,223.25,9.0,60.875,20.125,19.75,10.875,19.75,5,8,2,2,0,0
2024-05-09,452.5600,452.5600,25.0,17.0,20.0,70.875,3.0,6.0,6.625,1014.5,152.875,10.0,76.5,21.625,20.375,10.125,21.25,5,9,3,2,0,0
2024-05-10,783.2482,783.2482,21.0,19.0,20.0,76.5,11.0,4.0,5.625,1009.5,84.375,10.0,65.375,21.25,20.625,8.875,21.25,5,10,4,2,0,0
2024-05-11,109.7477,109.7477,25.0,19.0,21.0,67.75,9.0,5.0,11.875,1014.75,225.375,10.0,52.625,21.875,21.375,19.75,21.625,5,11,5,2,1,0
2024-05-12,1378.9370,1378.9370,27.0,17.0,22.0,64.25,13.0,6.0,8.25,1016.5,194.625,10.0,36.75,22.0,21.5,14.125,21.625,5,12,6,2,1,0
2024-05-13,1349.9378,1349.9378,29.0,18.0,24.0,51.0,13.0,6.0,8.375,1013.875,179.625,10.0,7.625,22.625,22.625,13.625,22.625,5,13,0,2,0,0
2024-05-14,1723.9867,1723.9867,31.0,20.0,25.0,47.25,13.0,7.0,6.875,1011.25,136.25,10.0,15.5,24.625,24.625,12.5,24.625,5,14,1,2,0,0
2024-05-15,1547.4374,1547.4374,31.0,22.0,25.0,52.0,9.0,7.0,7.25,1015.125,230.75,10.0,49.125,26.0,25.0,14.0,25.625,5,15,2,2,0,0
2024-05-16,1636.5770,1636.5770,29.0,23.0,25.0,55.375,11.0,7.0,7.5,1012.125,155.875,10.0,31.75,25.875,24.625,12.375,25.5,5,16,3,2,0,0
2024-05-17,2001.9173,2001.9173,31.0,24.0,27.0,52.25,13.0,7.0,6.875,1008.125,171.75,10.0,51.875,26.875,25.75,9.5,26.625,5,17,4,2,0,0
2024-05-18,2132.0668,2132.0668,29.0,23.0,25.0,54.0,6.0,6.0,8.0,1007.375,174.25,9.375,63.625,25.875,24.5,11.25,25.875,5,18,5,2,1,0
2024-05-19,2464.1972,2464.1972,30.0,21.0,25.0,52.75,13.0,7.0,8.375,1008.125,196.75,10.0,9.625,25.25,24.75,13.375,25.25,5,19,6,2,1,0
2024-05-20,2681.5477,2681.5477,32.0,22.0,27.0,50.125,13.0,7.0,6.25,1009.5,148.875,10.0,30.375,26.75,26.125,9.375,26.375,5,20,0,2,0,0
2024-05-21,1937.9974,1937.9974,31.0,23.0,26.0,53.5,12.0,7.0,7.375,1011.25,56.75,10.0,37.125,26.75,26.0,12.875,26.75,5,21,1,2,0,0
2024-05-22,2042.0067,2042.0067,31.0,24.0,28.0,51.25,11.0,7.0,6.0,1008.875,176.5,10.0,45.0,28.125,27.125,11.0,27.875,5,22,2,2,0,0
2024-05-23,2222.8071,2222.8071,34.0,24.0,30.0,44.5,13.0,7.0,7.125,1005.625,219.25,10.0,21.375,30.0,29.125,10.75,30.0,5,23,3,2,0,0
2024-05-24,2540.8075,2540.8075,35.0,26.0,30.0,42.5,9.0,8.0,7.0,1003.125,220.0,10.0,49.375,30.75,30.125,11.625,30.75,5,24,4,2,0,0
2024-05-25,2895.4368,2895.4368,30.0,24.0,26.0,64.75,6.0,6.0,12.125,1003.125,102.25,9.875,71.875,28.875,27.25,21.25,28.875,5,25,5,2,1,0
2024-05-26,2878.8073,2878.8073,34.0,22.0,28.0,53.75,13.0,7.0,8.75,1002.75,50.0,10.0,19.625,29.375,27.875,13.125,29.375,5,26,6,2,1,0
2024-05-27,2993.6872,2993.6872,33.0,25.0,28.0,51.75,11.0,7.0,7.5,1001.5,202.125,10.0,32.125,29.125,27.875,14.5,29.125,5,27,0,2,0,0
2024-05-28,2315.1775,2315.1775,25.0,19.0,23.0,82.25,3.0,5.0,11.5,1002.375,41.0,9.75,85.0,25.75,23.875,18.375,25.5,5,28,1,2,0,0
2024-05-29,1474.3076,1474.3076,20.0,17.0,19.0,88.25,4.0,4.0,11.625,1005.75,104.625,7.625,82.625,19.5,19.5,19.875,19.5,5,29,2,2,0,0
2024-05-30,1734.2472,1734.2472,25.0,18.0,21.0,64.625,12.0,5.0,9.625,1011.0,209.375,10.0,60.875,22.75,22.25,17.875,22.375,5,30,3,2,0,0
2024-05-31,1943.5674,1943.5674,31.0,21.0,25.0,47.25,14.0,7.0,7.125,1010.125,162.875,10.0,23.375,25.25,24.875,10.5,24.875,5,31,4,2,0,0
2024-06-01,1751.1376,1751.1376,28.0,22.0,24.0,61.25,6.0,6.0,5.5,1010.0,128.125,10.0,61.75,26.0,24.375,9.5,25.625,6,1,5,3,1,0
2024-06-02,1834.7969,1834.7969,23.0,20.0,21.0,65.875,8.0,5.0,8.25,1011.375,66.875,10.0,61.625,23.25,22.125,14.875,22.875,6,2,6,3,1,0
2024-06-03,473.6876,473.6876,26.0,19.0,22.0,67.875,12.0,6.0,6.375,1010.75,111.625,10.0,44.875,22.5,21.625,10.125,22.5,6,3,0,3,0,0
2024-06-04,1131.1770,1131.1770,25.0,19.0,21.0,73.125,11.0,6.0,6.25,1012.0,79.0,10.0,58.125,22.25,21.625,12.0,21.625,6,4,1,3,0,0
2024-06-05,1609.4467,1609.4467,26.0,19.0,22.0,72.75,4.0,5.0,4.625,1012.0,171.125,10.0,86.75,23.5,22.5,9.375,23.125,6,5,2,3,0,0
2024-06-06,1298.4270,1298.4270,25.0,22.0,23.0,72.25,5.0,5.0,7.125,1008.625,123.125,10.0,88.125,25.375,23.25,12.5,25.375,6,6,3,3,0,0
2024-06-07,1458.6080,1458.6080,24.0,19.0,21.0,81.125,11.0,5.0,5.625,1009.625,224.875,9.75,50.125,22.5,21.5,9.5,22.125,6,7,4,3,0,0
2024-06-08,1707.2570,1707.2570,22.0,20.0,21.0,75.0,7.0,5.0,9.125,1008.125,166.125,10.0,69.25,24.125,22.125,15.875,22.75,6,8,5,3,1,0
2024-06-09,1692.3674,1692.3674,25.0,20.0,22.0,67.625,14.0,6.0,4.5,1009.0,176.625,10.0,25.0,23.875,22.25,7.875,23.125,6,9,6,3,1,0
2024-06-10,1961.1272,1961.1272,31.0,20.0,25.0,60.0,14.0,7.0,5.125,1006.5,181.125,10.0,14.875,25.5,24.5,8.625,25.125,6,10,0,3,0,1
2024-06-11,1894.9274,1894.9274,31.0,23.0,26.0,55.875,12.0,7.0,10.375,1005.75,217.125,10.0,33.625,27.0,26.0,15.5,27.0,6,11,1,3,0,0
2024-06-12,1973.5674,1973.5674,32.0,23.0,27.0,57.375,12.0,7.0,6.25,1003.75,168.5,10.0,42.75,28.375,26.5,9.5,28.0,6,12,2,3,0,0
2024-06-13,2414.8066,2414.8066,36.0,25.0,30.0,48.125,12.0,6.0,7.125,1001.125,204.25,10.0,40.5,30.0,29.375,11.375,30.0,6,13,3,3,0,0
2024-06-14,2568.8175,2568.8175,37.0,25.0,31.0,47.75,12.0,8.0,5.375,1001.125,201.5,9.875,38.0,31.5,30.0,9.125,31.5,6,14,4,3,0,0
2024-06-15,3335.1875,3335.1875,36.0,25.0,31.0,44.75,12.0,8.0,6.375,1001.5,143.875,10.0,26.125,31.25,29.75,10.5,31.25,6,15,5,3,1,0
2024-06-16,2888.5477,2888.5477,28.0,25.0,26.0,67.125,9.0,6.0,13.125,1003.125,83.875,9.75,69.875,28.75,26.75,22.375,28.75,6,16,6,3,1,0
2024-06-17,2389.6274,2389.6274,33.0,23.0,28.0,57.25,14.0,7.0,5.625,1004.0,239.375,10.0,38.375,29.5,27.875,12.0,29.5,6,17,0,3,0,0
2024-06-18,2639.1873,2639.1873,27.0,24.0,25.0,67.75,9.0,7.0,5.625,1002.875,100.625,10.0,57.75,27.25,25.75,10.875,27.25,6,18,1,3,0,0
2024-06-19,2545.2369,2545.2369,29.0,22.0,24.0,75.0,12.0,5.0,6.375,1002.0,207.75,10.0,63.875,27.125,25.25,10.75,26.875,6,19,2,3,0,0
2024-06-20,2374.3872,2374.3872,29.0,22.0,26.0,71.5,10.0,6.0,6.25,999.875,118.25,10.0,64.0,27.5,25.5,11.0,27.25,6,20,3,3,0,0
2024-06-21,2601.7471,2601.7471,25.0,23.0,24.0,80.75,9.0,5.0,8.125,1001.875,180.75,10.0,77.125,27.375,25.125,15.75,27.375,6,21,4,3,0,0
2024-06-22,2469.2369,2469.2369,34.0,23.0,28.0,55.375,13.0,7.0,6.25,1001.875,182.0,10.0,40.625,29.25,27.75,12.5,29.25,6,22,5,3,1,0
2024-06-23,2759.2471,2759.2471,31.0,25.0,27.0,62.625,10.0,7.0,3.875,1003.625,174.625,10.0,56.875,28.75,26.875,7.25,28.75,6,23,6,3,1,0
2024-06-24,2454.8773,2454.8773,32.0,24.0,27.0,61.75,8.0,6.0,8.25,1005.625,192.5,10.0,64.5,28.5,26.875,13.0,28.5,6,24,0,3,0,0
2024-06-25,2423.2471,2423.2471,31.0,22.0,26.0,62.75,10.0,7.0,8.875,1007.875,184.375,10.0,29.5,27.125,26.0,12.25,26.75,6,25,1,3,0,0
2024-06-26,2251.7376,2251.7376,24.0,21.0,23.0,69.125,12.0,6.0,4.5,1009.625,165.875,10.0,61.25,25.0,23.0,8.625,24.625,6,26,2,3,0,0
2024-06-27,2225.3875,2225.3875,28.0,19.0,23.0,76.5,6.0,6.0,5.625,1008.125,82.75,9.875,71.375,24.375,23.375,8.875,24.375,6,27,3,3,0,0
2024-06-28,2422.0474,2422.0474,26.0,21.0,22.0,85.875,3.0,5.0,5.375,1003.125,168.875,8.625,83.0,25.625,23.25,8.875,24.625,6,28,4,3,0,0
2024-06-29,2779.1371,2779.1371,32.0,22.0,27.0,70.625,14.0,7.0,6.875,1001.125,214.125,10.0,44.375,28.5,26.375,13.0,28.25,6,29,5,3,1,0
2024-06-30,3560.9273,3560.9273,35.0,23.0,29.0,55.375,13.0,7.0,7.875,998.75,157.75,10.0,36.75,30.5,28.5,12.75,30.5,6,30,6,3,1,0
2024-07-01,2999.9273,2999.9273,32.0,22.0,26.0,66.875,12.0,6.0,10.25,1000.75,214.375,9.875,38.875,28.125,26.25,16.625,28.125,7,1,0,3,0,0
2024-07-02,4414.5567,4414.5567,32.0,22.0,27.0,61.0,13.0,7.0,8.0,1001.0,219.375,9.375,19.875,28.75,26.75,12.75,28.75,7,2,1,3,0,0
2024-07-03,4200.7568,4200.7568,27.0,20.0,24.0,79.125,8.0,5.0,11.125,1003.0,78.75,8.875,65.375,25.625,24.25,17.0,25.375,7,3,2,3,0,0
2024-07-04,3886.8071,3886.8071,29.0,21.0,24.0,81.625,6.0,6.0,5.625,1003.875,88.5,9.0,58.625,26.0,24.5,9.5,25.75,7,4,3,3,0,0
2024-07-05,4179.1268,4179.1268,33.0,23.0,27.0,70.375,10.0,6.0,5.5,1000.0,105.25,10.0,56.25,29.75,27.125,8.75,29.75,7,5,4,3,0,0
2024-07-06,4650.3070,4650.3070,31.0,24.0,27.0,77.875,10.0,7.0,5.625,998.5,95.0,9.75,59.125,29.875,26.75,9.875,29.875,7,6,5,3,1,0
2024-07-07,4829.6171,4829.6171,30.0,24.0,26.0,87.625,4.0,6.0,11.625,996.25,26.625,8.75,83.0,30.25,26.5,19.0,30.25,7,7,6,3,1,0
2024-07-08,3715.1864,3715.1864,25.0,22.0,23.0,95.25,1.0,5.0,11.5,997.75,68.5,4.875,95.5,27.25,24.75,20.125,27.25,7,8,0,3,0,0
2024-07-09,3182.4372,3182.4372,25.0,22.0,23.0,95.75,1.0,5.0,6.5,1001.875,253.75,6.625,91.875,26.625,24.0,13.625,26.625,7,9,1,3,0,0
2024-07-10,3683.2968,3683.2968,25.0,23.0,24.0,93.375,2.0,5.0,5.25,1002.375,67.625,9.0,85.375,26.625,24.0,12.5,26.625,7,10,2,3,0,0
2024-07-11,3951.1369,3951.1369,29.0,23.0,26.0,83.75,10.0,6.0,3.75,1001.0,150.75,10.0,68.5,29.625,26.125,6.75,29.625,7,11,3,3,0,0
2024-07-12,3962.8071,3962.8071,33.0,23.0,27.0,80.75,5.0,7.0,3.625,998.75,187.625,9.875,55.5,30.375,26.875,9.125,30.375,7,12,4,3,0,0
2024-07-13,4305.8166,4305.8166,31.0,24.0,26.0,82.5,7.0,6.0,10.375,997.25,180.625,9.625,81.875,29.5,26.5,16.375,29.5,7,13,5,3,1,0
2024-07-14,3886.5467,3886.5467,24.0,22.0,23.0,83.125,2.0,5.0,8.625,1002.125,223.25,10.0,77.25,25.75,23.5,17.125,25.5,7,14,6,3,1,0
2024-07-15,3763.3068,3763.3068,26.0,22.0,24.0,88.0,6.0,6.0,8.375,1003.375,25.0,8.0,80.625,27.625,24.75,12.625,27.375,7,15,0,3,0,0
2024-07-16,4078.5065,4078.5065,28.0,23.0,25.0,93.25,4.0,5.0,8.75,1001.625,37.375,7.5,87.75,28.75,25.125,15.75,28.75,7,16,1,3,0,0
2024-07-17,3928.1775,3928.1775,25.0,24.0,24.0,98.0,1.0,5.0,11.375,1000.75,24.75,6.125,98.0,27.625,24.5,20.625,27.625,7,17,2,3,0,0
2024-07-18,45.3094,45.3094,29.0,23.0,25.0,91.25,4.0,6.0,8.625,1002.0,35.125,5.25,80.0,29.375,25.75,14.25,29.375,7,18,3,3,0,0
2024-07-19,0.0000,0.0000,27.0,23.0,25.0,94.5,1.0,5.0,9.375,998.875,30.5,8.75,97.25,28.75,25.375,15.5,28.75,7,19,4,3,0,0
2024-07-20,0.0000,0.0000,27.0,24.0,25.0,96.5,4.0,5.0,12.625,999.5,22.75,8.5,90.375,29.25,25.5,20.5,29.25,7,20,5,3,1,0
2024-07-21,10742.8144,10742.8144,31.0,23.0,26.0,89.25,9.0,6.0,4.375,1001.625,80.125,8.625,81.0,29.375,25.625,11.875,29.375,7,21,6,3,1,0
2024-07-22,21485.6285,10742.8141,30.0,24.0,26.0,88.0,7.0,7.0,7.0,999.375,112.375,7.875,70.5,30.625,26.5,14.0,30.625,7,22,0,3,0,0
2024-07-23,5096.9874,5096.9874,32.0,24.0,27.0,89.375,8.0,6.0,8.625,996.125,61.5,6.25,75.0,31.25,26.875,16.0,31.25,7,23,1,3,0,0
2024-07-24,4757.1368,4757.1368,28.0,24.0,25.0,93.25,6.0,6.0,13.125,997.625,17.125,9.0,82.0,29.125,25.625,23.625,29.125,7,24,2,3,0,0
2024-07-25,4555.4967,4555.4967,33.0,24.0,28.0,77.5,14.0,7.0,5.125,997.5,224.5,10.0,35.75,31.875,27.875,8.125,31.875,7,25,3,3,0,0
2024-07-26,4874.5569,4874.5569,33.0,24.0,29.0,74.25,12.0,7.0,4.5,997.375,231.875,9.875,44.25,32.625,28.5,9.5,32.625,7,26,4,3,0,0
2024-07-27,5320.8166,5320.8166,28.0,25.0,26.0,75.75,2.0,7.0,5.25,1001.0,297.75,10.0,82.25,29.25,26.625,11.875,29.25,7,27,5,3,1,0
2024-07-28,3961.4266,3961.4266,32.0,24.0,27.0,70.625,7.0,6.0,4.375,1003.0,227.25,10.0,75.0,28.5,26.25,8.125,28.5,7,28,6,3,1,0
2024-07-29,3950.6270,3950.6270,28.0,24.0,26.0,75.875,6.0,6.0,4.25,1001.75,197.875,10.0,65.375,28.25,25.875,10.0,28.25,7,29,0,3,0,0
2024-07-30,4218.7369,4218.7369,30.0,23.0,26.0,70.375,13.0,7.0,6.375,1002.0,190.375,10.0,21.25,28.875,26.5,12.75,28.875,7,30,1,3,0,0
2024-07-31,4607.9361,4607.9361,32.0,23.0,27.0,78.375,10.0,7.0,5.625,1002.0,198.25,10.0,34.75,30.875,27.0,8.875,30.875,7,31,2,3,0,0
2024-08-01,5258.3663,5258.3663,31.0,24.0,28.0,79.0,7.0,7.0,5.0,1000.5,188.625,8.875,61.75,32.0,27.75,9.0,32.0,8,1,3,3,0,0
2024-08-02,5902.6267,5902.6267,32.0,25.0,28.0,77.125,5.0,7.0,4.25,998.75,112.375,9.25,65.125,32.25,28.125,9.375,32.25,8,2,4,3,0,0
2024-08-03,6414.5472,6414.5472,32.0,24.0,28.0,77.375,8.0,6.0,7.25,1001.625,113.0,9.75,68.5,31.125,27.25,16.75,31.125,8,3,5,3,1,0
2024-08-04,6203.5165,6203.5165,28.0,24.0,26.0,90.125,9.0,6.0,5.875,1003.875,205.125,8.375,58.875,29.5,26.0,10.875,29.5,8,4,6,3,1,0
2024-08-05,4156.1170,4156.1170,32.0,24.0,27.0,80.375,8.0,7.0,5.125,1003.125,177.375,8.75,69.5,31.25,27.625,8.375,31.25,8,5,0,3,0,0
2024-08-06,4262.5569,4262.5569,34.0,25.0,28.0,74.25,7.0,7.0,5.0,1001.5,220.125,9.875,53.25,32.375,28.375,10.125,32.375,8,6,1,3,0,0
2024-08-07,4286.3172,4286.3172,32.0,25.0,28.0,80.5,7.0,6.0,6.0,999.375,160.875,9.625,74.875,31.875,27.625,15.75,31.875,8,7,2,3,0,0
2024-08-08,6622.1666,6622.1666,32.0,25.0,27.0,85.125,4.0,7.0,7.0,998.375,76.25,9.875,77.25,31.125,26.875,14.375,31.125,8,8,3,3,0,0
2024-08-09,5346.7672,5346.7672,28.0,24.0,26.0,87.875,9.0,6.0,11.0,999.75,132.0,9.75,69.125,29.0,25.75,21.125,29.0,8,9,4,3,0,0
2024-08-10,5024.9967,5024.9967,25.0,21.0,22.0,90.375,8.0,5.0,11.75,1005.875,241.375,8.0,75.875,26.375,23.625,20.625,26.375,8,10,5,3,1,0
2024-08-11,5028.1770,5028.1770,31.0,21.0,26.0,70.625,13.0,7.0,5.0,1004.625,190.875,10.0,26.5,29.125,26.375,9.75,29.125,8,11,6,3,1,0
2024-08-12,4541.7371,4541.7371,33.0,23.0,28.0,69.25,13.0,7.0,3.0,1003.625,211.75,10.0,11.375,30.625,27.75,7.875,30.625,8,12,0,3,0,0
2024-08-13,4672.7566,4672.7566,33.0,23.0,28.0,66.5,13.0,7.0,4.875,1005.5,241.125,10.0,12.125,31.375,28.25,8.25,31.375,8,13,1,3,0,0
2024-08-14,0.0000,0.0000,34.0,24.0,28.0,63.75,11.0,7.0,5.0,1005.75,219.25,9.875,22.25,31.375,28.5,10.375,31.375,8,14,2,3,0,0
2024-08-15,0.0000,0.0000,33.0,23.0,27.0,67.75,9.0,6.0,8.875,1006.5,163.25,10.0,48.375,29.375,27.0,17.875,29.375,8,15,3,3,0,0
2024-08-16,0.0000,0.0000,33.0,22.0,27.0,68.75,13.0,7.0,3.875,1006.5,204.625,10.0,22.625,29.875,27.25,8.0,29.875,8,16,4,3,0,0
2024-08-17,0.0000,0.0000,33.0,24.0,28.0,66.125,9.0,7.0,3.5,1006.875,247.875,9.875,50.375,30.875,28.0,7.375,30.875,8,17,5,3,1,0
2024-08-18,0.0000,0.0000,33.0,24.0,29.0,64.125,13.0,7.0,5.0,1006.375,254.625,10.0,26.25,31.125,28.5,8.875,31.125,8,18,6,3,1,0
2024-08-19,0.0000,0.0000,34.0,24.0,29.0,63.75,13.0,7.0,5.375,1004.125,228.875,10.0,10.625,31.875,28.875,9.375,31.875,8,19,0,3,0,0
2024-08-20,0.0000,0.0000,33.0,25.0,29.0,66.625,9.0,7.0,4.625,1003.625,269.375,10.0,36.0,31.875,29.0,10.5,31.875,8,20,1,3,0,0
2024-08-21,43285.1273,43285.1273,34.0,27.0,30.0,61.375,10.0,8.0,5.875,1003.0,244.0,10.0,45.625,33.75,30.25,10.625,33.75,8,21,2,3,0,0
2024-08-22,5636.1770,5636.1770,35.0,27.0,30.0,64.5,9.0,8.0,5.25,1002.375,192.25,9.75,57.75,35.5,31.25,9.0,35.5,8,22,3,3,0,0
2024-08-23,4029.7477,4029.7477,36.0,27.0,30.0,68.875,9.0,7.0,8.5,1004.125,126.25,9.75,52.625,35.0,30.5,18.0,35.0,8,23,4,3,0,0
2024-08-24,4277.1170,4277.1170,35.0,26.0,30.0,65.625,9.0,7.0,5.875,1004.625,228.875,9.75,49.75,35.125,30.75,12.0,35.125,8,24,5,3,1,0
2024-08-25,5868.9269,5868.9269,36.0,27.0,30.0,64.875,10.0,7.0,5.875,1003.5,195.625,10.0,41.0,34.625,30.75,11.5,34.625,8,25,6,3,1,0
2024-08-26,4601.1268,4601.1268,35.0,26.0,30.0,67.875,12.0,6.0,4.875,1003.875,170.875,9.875,37.25,34.75,31.0,10.5,34.75,8,26,0,3,0,0
2024-08-27,4783.5579,4783.5579,36.0,27.0,31.0,58.125,11.0,8.0,5.625,1003.625,264.5,9.875,41.25,35.125,31.25,12.125,35.125,8,27,1,3,0,0
2024-08-28,3976.0072,3976.0072,36.0,27.0,31.0,61.625,8.0,7.0,7.75,1002.375,162.875,8.875,58.375,35.875,31.625,15.625,35.875,8,28,2,3,0,0
2024-08-29,3057.5666,3057.5666,35.0,26.0,30.0,70.75,6.0,7.0,11.125,1002.25,40.0,9.5,71.75,34.875,30.375,21.625,34.875,8,29,3,3,0,0
2024-08-30,5832.1769,5832.1769,31.0,25.0,27.0,83.375,6.0,6.0,11.625,1003.5,27.75,9.375,79.125,32.25,28.0,19.125,32.25,8,30,4,3,0,0
2024-08-31,6581.1862,6581.1862,32.0,25.0,28.0,80.5,6.0,6.0,10.625,1005.25,178.125,9.625,68.875,31.25,27.5,17.375,31.25,8,31,5,3,1,0
2024-09-01,4966.8670,4966.8670,34.0,24.0,28.0,72.375,9.0,6.0,6.125,1006.5,182.625,9.75,65.5,32.125,28.5,12.125,32.125,9,1,6,4,1,0
2024-09-02,5862.9368,5862.9368,35.0,25.0,29.0,68.25,6.0,7.0,5.75,1006.0,239.875,9.75,50.25,32.25,28.625,12.0,32.25,9,2,0,4,0,0
2024-09-03,4682.5572,4682.5572,34.0,24.0,29.0,70.0,9.0,6.0,4.875,1004.625,209.125,9.875,57.875,32.5,28.75,11.25,32.5,9,3,1,4,0,0
2024-09-04,4891.7474,4891.7474,35.0,25.0,29.0,66.75,9.0,7.0,6.375,1002.125,224.5,8.625,48.375,32.875,29.0,12.375,32.875,9,4,2,4,0,0
2024-09-05,4671.3773,4671.3773,32.0,23.0,27.0,71.25,11.0,6.0,7.375,1006.25,166.5,9.75,58.125,30.0,27.375,16.625,30.0,9,5,3,4,0,0
2024-09-06,5208.0568,5208.0568,32.0,24.0,28.0,69.625,4.0,6.0,6.5,1006.625,152.625,9.75,68.125,29.875,27.0,12.5,29.875,9,6,4,4,0,0
2024-09-07,5428.3667,5428.3667,30.0,23.0,25.0,82.5,6.0,6.0,7.5,1008.875,148.75,9.5,69.0,29.125,26.125,13.625,29.125,9,7,5,4,1,0
2024-09-08,5317.4366,5317.4366,33.0,24.0,28.0,69.875,7.0,7.0,6.125,1006.375,228.0,9.75,61.625,31.125,28.0,10.625,31.125,9,8,6,4,1,0
2024-09-09,5136.3266,5136.3266,32.0,25.0,28.0,73.75,8.0,6.0,8.375,1006.125,64.125,9.25,73.125,31.375,27.875,17.25,31.375,9,9,0,4,0,0
2024-09-10,4460.9673,4460.9673,30.0,22.0,26.0,77.5,9.0,6.0,9.0,1008.875,41.125,9.5,59.375,28.5,26.125,16.0,28.5,9,10,1,4,0,0
2024-09-11,3297.7569,3297.7569,32.0,23.0,27.0,72.625,4.0,6.0,4.5,1009.75,114.375,9.5,70.5,28.875,26.25,13.25,28.875,9,11,2,4,0,0
2024-09-12,2915.6275,2915.6275,30.0,23.0,26.0,77.5,2.0,6.0,6.875,1007.375,187.375,9.25,80.25,28.5,26.0,13.5,28.5,9,12,3,4,0,0
2024-09-13,2740.3673,2740.3673,28.0,23.0,24.0,85.25,4.0,5.0,10.25,1006.375,216.5,8.375,85.25,27.0,24.875,18.0,27.0,9,13,4,4,0,0
2024-09-14,2729.9971,2729.9971,29.0,23.0,25.0,83.125,7.0,7.0,5.75,1003.5,151.625,10.0,71.0,27.5,25.0,10.5,27.5,9,14,5,4,1,0
2024-09-15,2643.1870,2643.1870,28.0,23.0,25.0,82.5,6.0,6.0,7.25,1003.875,116.5,9.875,74.5,27.875,25.375,15.0,27.875,9,15,6,4,1,0
2024-09-16,4360.3066,4360.3066,32.0,23.0,27.0,74.5,7.0,7.0,6.625,1007.375,155.375,10.0,50.5,29.375,26.75,14.25,29.375,9,16,0,4,0,1
2024-09-17,4423.5668,4423.5668,33.0,24.0,28.0,65.75,9.0,6.0,4.75,1008.875,258.0,9.75,60.875,30.5,27.875,8.75,30.5,9,17,1,4,0,1
2024-09-18,4930.2473,4930.2473,33.0,25.0,29.0,64.25,12.0,6.0,5.75,1006.625,246.875,9.625,52.0,31.625,28.75,10.0,31.625,9,18,2,4,0,0
2024-09-19,5087.7970,5087.7970,34.0,27.0,29.0,61.875,9.0,7.0,5.375,1006.125,300.0,9.875,59.125,31.75,29.125,10.625,31.75,9,19,3,4,0,0
2024-09-20,5348.6970,5348.6970,35.0,26.0,29.0,60.875,9.0,7.0,7.75,1007.75,225.625,9.875,34.75,31.625,28.75,14.125,31.625,9,20,4,4,0,0
2024-09-21,4708.7466,4708.7466,31.0,24.0,27.0,57.625,12.0,6.0,5.875,1012.0,176.625,9.875,30.25,28.375,27.125,12.375,28.375,9,21,5,4,1,0
2024-09-22,4596.1169,4596.1169,31.0,24.0,27.0,54.875,12.0,7.0,8.375,1012.875,79.875,10.0,22.125,28.375,27.0,14.625,28.375,9,22,6,4,1,0
2024-09-23,4402.5064,4402.5064,31.0,24.0,27.0,55.5,7.0,7.0,6.5,1013.125,77.75,10.0,45.375,28.0,26.5,11.125,28.0,9,23,0,4,0,0
2024-09-24,4589.1164,4589.1164,32.0,24.0,28.0,58.125,12.0,7.0,4.75,1010.375,238.625,10.0,26.125,27.875,26.0,7.125,27.875,9,24,1,4,0,0
2024-09-25,4654.6963,4654.6963,31.0,26.0,28.0,60.25,10.0,7.0,4.625,1009.625,180.375,10.0,44.375,28.625,26.625,8.75,28.625,9,25,2,4,0,0
2024-09-26,4700.4168,4700.4168,32.0,25.0,28.0,57.75,6.0,6.0,4.75,1008.625,213.625,9.875,50.375,29.375,27.75,7.75,29.375,9,26,3,4,0,0
2024-09-27,4817.0664,4817.0664,32.0,25.0,28.0,55.75,12.0,7.0,4.375,1005.875,294.875,10.0,34.375,29.25,27.625,7.25,29.25,9,27,4,4,0,0
2024-09-28,4441.6766,4441.6766,27.0,23.0,25.0,71.375,7.0,7.0,14.5,1003.875,70.0,10.0,65.375,27.5,25.5,21.0,27.5,9,28,5,4,1,0
2024-09-29,1984.5063,1984.5063,24.0,18.0,22.0,79.625,1.0,5.0,16.0,1007.5,32.375,9.0,86.875,23.875,22.375,25.125,23.875,9,29,6,4,1,0
2024-09-30,624.4381,624.4381,17.0,16.0,17.0,80.25,4.0,4.0,7.5,1018.75,245.5,9.0,88.25,16.75,16.75,10.375,16.75,9,30,0,4,0,0
2024-10-01,1755.4370,1755.4370,20.0,17.0,18.0,70.875,12.0,5.0,6.875,1023.25,180.125,10.0,19.0,19.125,18.75,10.125,18.75,10,1,1,4,0,1
2024-10-02,1549.9272,1549.9272,18.0,14.0,16.0,64.375,11.0,5.0,5.0,1023.0,204.375,9.0,45.125,17.5,17.5,9.25,17.5,10,2,2,4,0,1
2024-10-03,88.6173,88.6173,17.0,16.0,16.0,75.875,1.0,5.0,5.375,1021.75,180.25,10.0,76.125,16.875,16.875,8.875,16.875,10,3,3,4,0,1
2024-10-04,87.6271,87.6271,16.0,15.0,15.0,83.625,1.0,4.0,5.625,1020.5,39.875,9.0,98.25,15.625,15.625,9.75,15.625,10,4,4,4,0,1
2024-10-05,87.6873,87.6873,17.0,15.0,16.0,76.5,9.0,4.0,4.25,1020.875,189.5,10.0,75.0,16.375,16.375,7.875,16.375,10,5,5,4,1,0
2024-10-06,90.7372,90.7372,16.0,15.0,16.0,79.5,1.0,4.0,4.0,1023.25,202.625,10.0,91.375,16.875,16.875,7.75,16.875,10,6,6,4,1,0
2024-10-07,87.3871,87.3871,20.0,15.0,17.0,79.125,4.0,4.0,5.25,1023.875,182.5,9.0,82.625,18.25,17.875,8.125,17.875,10,7,0,4,0,1
2024-10-08,86.9272,86.9272,21.0,18.0,19.0,74.125,3.0,4.0,4.875,1020.875,185.5,10.0,81.125,18.25,18.25,8.875,18.25,10,8,1,4,0,0
2024-10-09,86.5071,86.5071,19.0,17.0,18.0,81.0,5.0,4.0,4.75,1019.375,153.375,9.0,64.0,17.875,17.875,7.875,17.875,10,9,2,4,0,0
2024-10-10,89.9272,89.9272,19.0,18.0,19.0,73.5,8.0,4.0,4.875,1018.25,231.75,10.0,70.875,19.5,19.125,9.125,19.125,10,10,3,4,0,0
2024-10-11,87.3673,87.3673,19.0,16.0,17.0,85.25,1.0,4.0,6.625,1016.375,93.0,7.0,94.625,17.5,17.5,9.25,17.5,10,11,4,4,0,0
2024-10-12,89.0671,89.0671,17.0,16.0,16.0,90.5,1.0,4.0,8.125,1017.125,35.0,9.0,100.0,17.0,17.0,12.75,17.0,10,12,5,4,1,0
2024-10-13,88.0475,88.0475,20.0,17.0,18.0,81.75,2.0,4.0,3.25,1017.625,119.875,10.0,88.625,18.75,18.375,5.625,18.375,10,13,6,4,1,0
2024-10-14,89.2572,89.2572,24.0,20.0,21.0,71.75,4.0,5.0,3.25,1015.375,173.625,9.0,71.625,21.375,20.625,7.25,21.0,10,14,0,4,0,0
2024-10-15,91.9374,91.9374,25.0,20.0,22.0,68.0,5.0,6.0,4.25,1015.125,156.0,10.0,66.25,22.5,21.5,8.5,22.25,10,15,1,4,0,0
2024-10-16,90.6875,90.6875,23.0,18.0,21.0,66.375,2.0,5.0,5.625,1014.5,124.125,9.25,71.25,20.875,20.25,11.125,20.5,10,16,2,4,0,0
2024-10-17,88.1773,88.1773,24.0,17.0,21.0,70.625,9.0,5.0,3.875,1012.375,221.875,9.0,75.125,21.375,20.125,7.875,21.0,10,17,3,4,0,0
2024-10-18,89.4973,89.4973,23.0,21.0,21.0,71.0,5.0,5.0,2.125,1014.125,201.875,10.0,81.875,21.375,20.75,5.875,21.0,10,18,4,4,0,0
2024-10-19,88.6873,88.6873,19.0,17.0,18.0,85.375,1.0,4.0,9.75,1015.75,174.0,7.75,91.75,18.125,18.125,13.625,18.125,10,19,5,4,1,0
2024-10-20,91.4973,91.4973,17.0,16.0,17.0,87.125,1.0,4.0,12.625,1018.75,31.375,10.0,96.875,17.375,17.375,18.375,17.375,10,20,6,4,1,0
2024-10-21,87.0570,87.0570,19.0,16.0,17.0,84.25,2.0,4.0,5.875,1016.875,56.125,10.0,86.625,17.25,17.25,10.625,17.25,10,21,0,4,0,0
2024-10-22,84.8678,84.8678,23.0,16.0,19.0,66.75,11.0,5.0,7.125,1024.125,213.25,10.0,13.375,19.25,18.625,10.625,18.875,10,22,1,4,0,0
2024-10-23,84.1878,84.1878,24.0,16.0,20.0,56.75,11.0,5.0,4.5,1020.875,167.375,10.0,17.0,19.375,18.75,9.125,19.125,10,23,2,4,0,0
2024-10-24,88.6277,88.6277,21.0,19.0,20.0,64.125,2.0,5.0,4.25,1016.375,140.375,10.0,66.0,19.375,19.0,9.375,19.0,10,24,3,4,0,0
2024-10-25,87.2472,87.2472,19.0,18.0,19.0,76.875,2.0,4.0,4.875,1016.625,76.0,10.0,81.5,19.625,19.25,9.125,19.25,10,25,4,4,0,0
2024-10-26,85.1178,85.1178,19.0,18.0,18.0,67.5,11.0,4.0,5.25,1019.875,233.625,10.0,54.0,18.375,18.375,9.375,18.375,10,26,5,4,1,0
2024-10-27,83.8079,83.8079,21.0,16.0,18.0,61.375,11.0,4.0,7.125,1020.375,217.375,10.0,44.625,17.0,16.75,9.625,16.75,10,27,6,4,1,0
2024-10-28,83.0084,83.0084,23.0,16.0,20.0,58.375,10.0,5.0,5.875,1016.375,192.875,10.0,24.5,18.5,18.25,9.125,18.375,10,28,0,4,0,0
2024-10-29,86.5581,86.5581,20.0,18.0,19.0,64.125,1.0,5.0,5.0,1013.875,83.875,10.0,77.375,17.75,17.75,10.75,17.75,10,29,1,4,0,0
2024-10-30,84.1883,84.1883,19.0,16.0,17.0,70.875,3.0,4.0,6.375,1015.5,101.5,10.0,86.625,17.375,17.375,8.625,17.375,10,30,2,4,0,0
2024-10-31,85.7477,85.7477,19.0,16.0,17.0,82.5,1.0,4.0,6.0,1017.375,47.875,10.0,98.125,16.875,16.875,7.875,16.875,10,31,3,4,0,0
2024-11-01,84.9876,84.9876,18.0,16.0,17.0,82.25,6.0,4.0,5.125,1021.5,137.75,9.0,76.0,17.25,17.25,8.75,17.25,11,1,4,4,0,0
2024-11-02,86.8181,86.8181,22.0,15.0,19.0,70.75,11.0,5.0,5.625,1022.125,190.5,10.0,26.75,18.75,18.5,8.875,18.875,11,2,5,4,1,0
2024-11-03,84.1178,84.1178,20.0,18.0,18.0,70.875,4.0,5.0,6.0,1021.25,181.375,10.0,66.25,17.75,17.75,9.125,17.75,11,3,6,4,1,0
2024-11-04,82.8783,82.8783,21.0,17.0,18.0,65.5,9.0,4.0,7.125,1024.375,184.375,10.0,61.625,17.875,17.875,10.625,17.875,11,4,0,4,0,0
2024-11-05,82.3086,82.3086,22.0,15.0,18.0,62.25,8.0,5.0,5.375,1024.125,127.375,10.0,49.75,17.25,17.0,8.875,17.0,11,5,1,4,0,0
2024-11-06,83.5582,83.5582,19.0,17.0,18.0,71.125,4.0,5.0,3.125,1022.875,110.375,10.0,81.375,17.125,17.125,7.125,17.125,11,6,2,4,0,0
2024-11-07,85.6783,85.6783,19.0,16.0,17.0,79.0,1.0,4.0,2.875,1022.875,122.125,10.0,89.625,16.75,16.75,5.125,16.75,11,7,3,4,0,0
2024-11-08,85.5076,85.5076,20.0,16.0,18.0,79.125,1.0,4.0,4.5,1020.375,155.125,9.0,92.0,17.0,17.0,6.875,17.0,11,8,4,4,0,0
2024-11-09,84.5578,84.5578,18.0,17.0,17.0,83.125,1.0,4.0,4.875,1018.125,112.875,7.0,99.625,16.5,16.5,8.625,16.5,11,9,5,4,1,0
2024-11-10,81.9387,81.9387,18.0,16.0,17.0,82.5,1.0,4.0,6.125,1019.375,58.5,10.0,91.25,16.25,16.25,9.625,16.25,11,10,6,4,1,0
2024-11-11,82.3684,82.3684,16.0,15.0,16.0,78.625,1.0,4.0,4.25,1018.75,99.375,10.0,86.875,15.75,15.75,7.375,15.75,11,11,0,4,0,0
2024-11-12,86.1883,86.1883,18.0,15.0,16.0,83.0,1.0,4.0,5.625,1015.5,25.75,10.0,94.75,16.375,16.375,9.375,16.375,11,12,1,4,0,0
2024-11-13,46.2488,46.2488,19.0,16.0,17.0,84.125,4.0,4.0,5.5,1012.375,114.875,10.0,82.125,17.125,17.125,9.0,17.125,11,13,2,4,0,0
2024-11-14,0.0000,0.0000,21.0,16.0,18.0,78.375,6.0,5.0,3.5,1013.375,175.375,10.0,56.875,17.25,17.25,7.0,17.25,11,14,3,4,0,0
2024-11-15,10.6200,10.6200,19.0,17.0,18.0,78.5,2.0,4.0,6.25,1012.75,42.0,10.0,76.0,17.625,17.625,9.875,17.625,11,15,4,4,0,0
2024-11-16,0.0000,0.0000,18.0,12.0,16.0,70.0,3.0,4.0,6.5,1016.875,196.875,10.0,81.875,16.625,16.5,10.875,16.5,11,16,5,4,1,0
2024-11-17,0.0000,0.0000,12.0,11.0,12.0,73.875,7.0,3.0,5.625,1023.625,168.125,8.0,80.125,11.875,11.75,9.25,11.75,11,17,6,4,1,0
2024-11-18,0.0000,0.0000,10.0,9.0,10.0,79.5,1.0,2.0,6.5,1026.0,63.0,8.0,100.0,10.375,10.125,12.125,10.125,11,18,0,4,0,0
2024-11-19,0.0000,0.0000,10.0,9.0,10.0,80.375,1.0,2.0,6.125,1027.375,30.625,10.0,100.0,10.0,9.25,10.125,9.25,11,19,1,4,0,0
2024-11-20,0.0000,0.0000,16.0,9.0,12.0,70.25,10.0,3.0,4.625,1026.625,172.5,10.0,46.875,12.125,12.0,7.125,12.0,11,20,2,4,0,0
2024-11-21,0.0000,0.0000,17.0,11.0,14.0,62.0,11.0,4.0,4.5,1024.125,180.25,10.0,44.0,13.625,13.625,6.625,13.625,11,21,3,4,0,0
2024-11-22,0.0000,0.0000,17.0,12.0,15.0,60.875,9.0,4.0,3.625,1023.0,121.75,10.0,58.375,13.75,13.75,7.625,13.75,11,22,4,4,0,0
2024-11-23,0.0000,0.0000,15.0,12.0,14.0,72.75,4.0,3.0,5.625,1019.5,65.375,8.0,80.75,13.625,13.5,9.125,13.5,11,23,5,4,1,0
2024-11-24,0.0000,0.0000,13.0,11.0,12.0,84.5,1.0,3.0,8.125,1020.0,40.0,7.0,91.25,12.0,11.5,13.875,11.5,11,24,6,4,1,0
2024-11-25,0.0000,0.0000,13.0,6.0,9.0,61.0,10.0,2.0,11.5,1029.375,145.375,7.0,62.375,9.375,7.875,18.375,7.875,11,25,0,4,0,0
2024-11-26,0.0000,0.0000,12.0,7.0,9.0,63.375,3.0,3.0,4.0,1028.875,175.0,10.0,57.25,9.0,8.875,7.5,8.875,11,26,1,4,0,0
2024-11-27,0.0000,0.0000,14.0,8.0,11.0,64.5,10.0,4.0,6.125,1029.875,198.125,10.0,56.125,9.75,9.125,9.5,9.125,11,27,2,4,0,0
2024-11-28,0.0000,0.0000,15.0,8.0,11.0,64.75,11.0,4.0,5.375,1030.0,223.625,10.0,22.25,10.25,10.0,8.5,10.0,11,28,3,4,0,0
2024-11-29,0.0000,0.0000,15.0,9.0,12.0,60.625,11.0,4.0,3.5,1025.0,203.5,10.0,21.75,10.25,10.375,6.375,10.375,11,29,4,4,0,0
2024-11-30,0.0000,0.0000,15.0,12.0,13.0,56.25,11.0,4.0,4.25,1019.5,156.25,10.0,36.75,12.0,12.125,5.75,12.125,11,30,5,4,1,0
2024-12-01,0.0000,0.0000,16.0,12.0,13.0,61.0,9.0,4.0,5.125,1016.5,125.5,10.0,43.0,12.125,11.875,7.75,11.875,12,1,6,1,1,0
2024-12-02,0.0000,0.0000,16.0,10.0,13.0,61.0,9.0,4.0,5.125,1016.5,96.0,10.0,42.375,11.625,11.625,9.875,11.625,12,2,0,1,0,0
2024-12-03,0.0000,0.0000,14.0,12.0,13.0,68.25,3.0,3.0,3.0,1018.5,218.0,10.0,81.125,12.625,12.75,6.125,12.75,12,3,1,1,0,0
2024-12-04,0.0000,0.0000,12.0,11.0,12.0,74.125,5.0,3.0,5.75,1021.375,94.75,10.0,68.0,11.625,11.625,9.0,11.625,12,4,2,1,0,0
2024-12-05,1606.1282,1606.1282,15.0,9.0,12.0,58.5,11.0,4.0,5.875,1022.0,189.125,10.0,19.375,11.375,11.25,12.25,11.25,12,5,3,1,0,0
2024-12-06,64.6280,64.6280,14.0,10.0,12.0,61.25,3.0,4.0,5.125,1021.5,113.75,10.0,81.125,10.875,10.625,6.875,10.625,12,6,4,1,0,0
2024-12-07,67.8076,67.8076,14.0,8.0,11.0,62.375,7.0,3.0,6.375,1026.375,161.375,10.0,68.625,9.625,9.0,12.625,9.0,12,7,5,1,1,0
2024-12-08,62.3179,62.3179,9.0,7.0,8.0,74.5,1.0,2.0,9.875,1026.0,51.375,10.0,88.75,7.5,5.75,16.0,5.75,12,8,6,1,1,0
2024-12-09,62.1773,62.1773,7.0,6.0,7.0,86.5,1.0,2.0,10.5,1021.25,59.5,4.0,100.0,6.75,4.25,16.0,4.25,12,9,0,1,0,0
2024-12-10,60.9972,60.9972,11.0,6.0,8.0,73.0,7.0,2.0,7.125,1021.375,132.75,9.0,81.375,7.875,6.875,10.0,6.875,12,10,1,1,0,0
2024-12-11,61.9975,61.9975,12.0,7.0,9.0,61.25,9.0,3.0,4.875,1025.125,195.125,10.0,38.375,8.375,7.75,8.375,7.75,12,11,2,1,0,0
2024-12-12,73.0578,73.0578,11.0,7.0,9.0,65.625,3.0,2.0,8.875,1025.25,28.5,10.0,86.875,8.5,6.875,13.0,6.875,12,12,3,1,0,0
2024-12-13,49.6878,49.6878,9.0,5.0,7.0,42.375,11.0,3.0,7.875,1031.0,54.875,10.0,41.25,6.5,4.75,12.0,4.75,12,13,4,1,0,0
2024-12-14,52.6778,52.6778,10.0,4.0,7.0,40.75,11.0,3.0,5.5,1034.75,101.75,10.0,4.375,6.125,5.125,8.75,5.125,12,14,5,1,1,0
2024-12-15,61.5677,61.5677,11.0,5.0,8.0,42.0,11.0,3.0,4.25,1031.5,147.5,10.0,7.375,6.5,6.0,7.75,6.0,12,15,6,1,1,0
2024-12-16,67.3777,67.3777,11.0,5.0,8.0,56.625,11.0,3.0,3.75,1026.5,190.625,10.0,11.75,6.75,6.625,7.5,6.625,12,16,0,1,0,0
2024-12-17,66.8070,66.8070,13.0,8.0,10.0,54.375,11.0,3.0,3.875,1025.25,94.25,10.0,19.0,8.75,8.375,6.625,8.375,12,17,1,1,0,0
2024-12-18,61.4374,61.4374,12.0,6.0,9.0,63.125,9.0,3.0,5.75,1026.875,129.875,10.0,32.875,7.0,6.25,8.625,6.25,12,18,2,1,0,0
2024-12-19,74.5590,74.5590,10.0,8.0,8.0,74.375,2.0,2.0,6.375,1026.625,71.5,9.0,96.125,7.625,6.875,10.125,6.875,12,19,3,1,0,0
2024-12-20,73.4376,73.4376,9.0,7.0,8.0,77.375,2.0,2.0,6.5,1023.75,148.5,9.0,92.375,7.875,6.875,10.5,6.875,12,20,4,1,0,0
2024-12-21,71.1775,71.1775,11.0,6.0,9.0,70.125,10.0,3.0,5.75,1025.375,167.125,10.0,61.0,8.25,7.5,8.375,7.5,12,21,5,1,1,0
2024-12-22,67.6276,67.6276,8.0,7.0,8.0,76.875,1.0,2.0,9.625,1024.875,29.875,10.0,86.625,7.25,5.625,15.375,5.625,12,22,6,1,1,0
2024-12-23,67.2475,67.2475,8.0,7.0,7.0,80.75,1.0,2.0,5.625,1025.625,32.5,10.0,100.0,7.0,6.125,9.75,6.125,12,23,0,1,0,0
2024-12-24,70.2476,70.2476,10.0,6.0,8.0,72.0,6.0,2.0,5.875,1027.0,118.125,9.0,90.125,7.375,6.75,10.25,6.75,12,24,1,1,0,0
2024-12-25,42.1283,42.1283,11.0,6.0,8.0,65.25,5.0,2.0,5.125,1025.75,220.75,10.0,78.25,8.0,7.625,7.0,7.625,12,25,2,1,0,0
2024-12-26,68.1992,68.1992,12.0,5.0,9.0,56.875,11.0,3.0,4.625,1028.875,223.0,10.0,14.5,8.0,7.625,8.0,7.625,12,26,3,1,0,0
2024-12-27,68.1992,68.1992,12.0,6.0,9.0,54.625,2.0,3.0,7.0,1033.25,40.75,10.0,60.875,8.25,7.5,13.875,7.5,12,27,4,1,0,0
2024-12-28,68.1992,68.1992,11.0,4.0,7.0,44.875,10.0,2.0,5.25,1031.75,150.5,10.0,27.375,7.25,6.625,8.375,6.625,12,28,5,1,1,0
2024-12-29,68.1992,68.1992,8.0,6.0,7.0,64.5,1.0,3.0,6.5,1024.75,154.75,10.0,70.875,6.625,5.625,11.25,5.625,12,29,6,1,1,0
2024-12-30,68.1992,68.1992,13.0,4.0,8.0,63.375,10.0,3.0,6.25,1025.875,191.75,10.0,4.625,7.625,6.75,11.0,6.75,12,30,0,1,0,0
2024-12-31,68.1992,68.1992,13.0,5.0,9.0,61.0,10.0,3.0,5.875,1025.625,187.5,10.0,13.125,8.75,8.0,9.25,8.0,12,31,1,1,0,0
2025-01-01,68.1992,68.1992,13.0,6.0,9.0,62.0,8.0,3.0,6.25,1020.375,82.75,10.0,32.125,8.625,7.75,11.25,7.75,1,1,2,1,0,1
2025-01-02,68.1992,68.1992,15.0,8.0,12.0,53.125,10.0,3.0,4.25,1023.375,176.0,10.0,27.75,10.0,9.75,8.0,9.75,1,2,3,1,0,0
2025-01-03,68.1992,68.1992,14.0,7.0,11.0,64.625,5.0,4.0,4.5,1022.875,67.625,10.0,38.5,9.375,9.125,11.125,9.125,1,3,4,1,0,0
2025-01-04,68.1992,68.1992,15.0,9.0,11.0,60.875,10.0,3.0,5.5,1023.875,169.25,10.0,19.5,10.0,9.75,9.875,9.75,1,4,5,1,1,0
2025-01-05,68.1992,68.1992,14.0,6.0,10.0,62.375,10.0,3.0,6.375,1023.625,144.875,10.0,8.875,8.625,7.75,14.375,7.75,1,5,6,1,1,0
2025-01-06,68.1992,68.1992,14.0,8.0,11.0,58.875,10.0,4.0,4.75,1021.625,149.875,10.0,49.0,9.0,8.625,8.375,8.625,1,6,0,1,0,0
2025-01-07,68.1992,68.1992,10.0,7.0,8.0,75.375,1.0,3.0,10.375,1023.25,37.5,7.0,91.5,7.5,5.75,15.125,5.75,1,7,1,1,0,0
2025-01-08,68.1992,68.1992,7.0,4.0,6.0,79.125,1.0,2.0,8.625,1025.125,33.875,10.0,97.75,6.375,4.75,13.375,4.75,1,8,2,1,0,0
2025-01-09,68.1992,68.1992,12.0,5.0,9.0,64.25,6.0,3.0,4.375,1028.375,150.5,10.0,34.25,7.5,7.125,7.0,7.125,1,9,3,1,0,0
2025-01-10,68.1992,68.1992,10.0,7.0,9.0,69.875,3.0,2.0,7.75,1033.75,49.5,10.0,89.625,7.5,6.25,13.25,6.25,1,10,4,1,0,0
2025-01-11,68.1992,68.1992,12.0,4.0,8.0,51.75,10.0,2.0,7.875,1035.625,238.0,10.0,25.875,7.375,6.125,14.0,6.125,1,11,5,1,1,0
2025-01-12,68.1992,68.1992,11.0,4.0,8.0,56.25,5.0,3.0,4.5,1027.375,67.0,10.0,40.125,6.25,5.5,10.25,5.5,1,12,6,1,1,0
2025-01-13,68.1992,68.1992,12.0,7.0,10.0,60.375,6.0,3.0,5.75,1023.625,185.0,10.0,54.75,8.375,7.625,8.75,7.625,1,13,0,1,0,0
2025-01-14,68.1992,68.1992,13.0,8.0,10.0,63.875,7.0,3.0,4.75,1027.625,167.625,10.0,78.375,10.125,10.0,8.25,10.0,1,14,1,1,0,0
2025-01-15,68.1992,68.1992,11.0,8.0,9.0,71.5,5.0,3.0,7.0,1031.5,74.875,10.0,69.625,8.75,7.875,11.0,7.875,1,15,2,1,0,0
2025-01-16,68.1992,68.1992,13.0,5.0,9.0,68.0,9.0,2.0,6.875,1030.0,201.75,10.0,63.625,8.25,7.125,10.5,7.125,1,16,3,1,0,0
2025-01-17,68.1992,68.1992,9.0,7.0,8.0,80.625,1.0,2.0,4.125,1023.0,161.25,10.0,99.0,7.625,7.5,7.875,7.5,1,17,4,1,0,0
2025-01-18,68.1992,68.1992,13.0,7.0,9.0,77.0,9.0,2.0,6.75,1023.25,144.625,10.0,57.5,8.875,8.25,11.625,8.25,1,18,5,1,1,0
2025-01-19,68.1992,68.1992,13.0,7.0,10.0,69.375,7.0,4.0,4.625,1020.25,112.5,10.0,40.375,8.625,8.5,8.25,8.5,1,19,6,1,1,0
2025-01-20,68.1992,68.1992,16.0,8.0,12.0,63.25,10.0,4.0,4.25,1019.5,207.0,10.0,25.5,10.375,10.25,8.125,10.25,1,20,0,1,0,0
2025-01-21,68.1992,68.1992,15.0,11.0,12.0,64.5,8.0,4.0,4.625,1015.5,76.25,10.0,59.75,10.75,10.75,8.25,10.75,1,21,1,1,0,0
2025-01-22,68.1992,68.1992,12.0,11.0,11.0,72.875,5.0,3.0,2.75,1017.125,178.125,10.0,85.875,10.625,10.75,5.75,10.75,1,22,2,1,0,0
2025-01-23,68.1992,68.1992,11.0,10.0,11.0,79.875,2.0,3.0,3.0,1014.5,88.75,10.0,89.125,10.0,9.875,6.625,9.875,1,23,3,1,0,0
2025-01-24,68.1992,68.1992,10.0,9.0,10.0,91.125,1.0,2.0,7.0,1013.875,106.0,5.0,95.875,9.5,9.0,10.5,9.0,1,24,4,1,0,0
2025-01-25,68.1992,68.1992,10.0,7.0,8.0,71.0,4.0,2.0,11.875,1025.25,202.875,7.0,88.75,8.5,6.625,19.375,6.625,1,25,5,1,1,0
2025-01-26,68.1992,68.1992,11.0,6.0,8.0,62.5,11.0,2.0,7.375,1034.875,175.125,10.0,27.0,7.5,6.5,12.75,6.5,1,26,6,1,1,0
2025-01-27,68.1992,68.1992,10.0,3.0,6.0,56.875,9.0,3.0,6.75,1026.875,131.625,10.0,38.75,4.875,3.375,13.125,3.375,1,27,0,1,0,0
2025-01-28,68.1992,68.1992,11.0,3.0,7.0,56.5,11.0,3.0,4.125,1028.0,231.125,10.0,17.25,5.625,5.0,9.125,5.0,1,28,1,1,0,1
2025-01-29,68.1992,68.1992,12.0,4.0,8.0,54.625,11.0,3.0,3.125,1022.25,205.625,10.0,20.0,7.25,7.125,7.125,7.125,1,29,2,1,0,1
2025-01-30,68.1992,68.1992,10.0,8.0,9.0,69.75,1.0,3.0,6.875,1015.625,44.625,10.0,94.375,8.375,7.75,10.0,7.75,1,30,3,1,0,1
2025-01-31,68.1992,68.1992,12.0,7.0,9.0,78.75,3.0,2.0,4.75,1017.0,191.375,8.0,95.0,8.75,8.25,6.625,8.25,1,31,4,1,0,1
2025-02-01,68.1992,68.1992,9.0,7.0,8.0,84.125,1.0,2.0,5.25,1018.25,111.125,9.0,100.0,7.625,7.0,8.75,7.0,2,1,5,1,1,0
2025-02-02,68.1992,68.1992,13.0,6.0,9.0,73.25,7.0,2.0,6.125,1021.75,149.625,9.875,70.5,9.0,8.25,9.625,8.25,2,2,6,1,1,0
2025-02-03,68.1992,68.1992,12.0,5.0,8.0,51.25,11.0,3.0,5.125,1028.125,156.5,10.0,24.125,8.375,8.25,10.5,8.25,2,3,0,1,0,1
2025-02-04,68.1992,68.1992,11.0,6.0,9.0,63.5,9.0,2.0,4.25,1023.875,129.5,10.0,68.75,8.0,7.875,8.75,7.875,2,4,1,1,0,1
2025-02-05,68.1992,68.1992,10.0,7.0,8.0,74.5,2.0,2.0,10.25,1021.25,122.375,8.875,87.125,8.25,6.5,15.125,6.5,2,5,2,1,0,0
2025-02-06,68.1992,68.1992,12.0,5.0,8.0,66.25,8.0,2.0,7.625,1022.75,103.875,10.0,80.0,7.25,6.0,13.25,6.0,2,6,3,1,0,0
2025-02-07,68.1992,68.1992,11.0,6.0,8.0,71.125,10.0,3.0,7.875,1027.75,136.625,10.0,55.625,7.375,6.0,12.875,6.0,2,7,4,1,0,0
2025-02-08,68.1992,68.1992,6.0,3.0,4.0,90.5,1.0,1.0,10.5,1029.875,39.5,7.75,94.5,5.25,2.75,17.75,2.75,2,8,5,1,1,0
2025-02-09,68.1992,68.1992,8.0,4.0,5.0,87.625,3.0,2.0,6.0,1025.25,23.0,6.0,89.0,5.625,4.125,10.125,4.125,2,9,6,1,1,0
2025-02-10,68.1992,68.1992,11.0,3.0,8.0,71.25,7.0,2.0,5.75,1020.875,193.125,10.0,65.625,7.25,6.625,9.25,6.625,2,10,0,1,0,0
2025-02-11,68.1992,68.1992,12.0,7.0,9.0,66.625,6.0,2.0,5.625,1015.75,142.625,10.0,60.5,8.875,8.125,12.125,8.125,2,11,1,1,0,0
2025-02-12,68.1992,68.1992,12.0,6.0,8.0,59.875,7.0,3.0,6.875,1027.125,139.5,9.0,67.5,8.625,7.625,10.625,7.625,2,12,2,1,0,0
2025-02-13,68.1992,68.1992,11.0,3.0,7.0,67.75,6.0,3.0,5.875,1024.0,135.625,10.0,45.375,6.75,6.125,10.125,6.125,2,13,3,1,0,0
2025-02-14,68.1992,68.1992,11.0,3.0,7.0,74.625,3.0,2.0,4.625,1021.875,150.875,10.0,71.75,7.0,6.125,8.75,6.125,2,14,4,1,0,0
2025-02-15,68.1992,68.1992,14.0,4.0,9.0,62.375,11.0,2.0,6.625,1021.0,165.0,10.0,36.5,9.25,8.5,12.375,8.5,2,15,5,1,1,0
2025-02-16,68.1992,68.1992,14.0,7.0,10.0,67.125,4.0,3.0,5.375,1023.125,157.375,10.0,55.125,9.875,9.5,10.625,9.5,2,16,6,1,1,0
2025-02-17,68.1992,68.1992,14.0,8.0,11.0,71.375,5.0,3.0,4.5,1023.375,213.5,10.0,82.875,10.75,10.625,7.625,10.625,2,17,0,1,0,0
2025-02-18,68.1992,68.1992,10.0,8.0,9.0,85.375,4.0,2.0,5.375,1022.875,176.625,6.0,91.875,9.125,8.625,9.0,8.625,2,18,1,1,0,0
2025-02-19,68.1992,68.1992,11.0,8.0,9.0,78.125,4.0,2.0,6.125,1021.25,221.375,10.0,88.125,9.125,8.625,10.125,8.625,2,19,2,1,0,0
2025-02-20,68.1992,68.1992,11.0,8.0,9.0,84.875,5.0,2.0,5.0,1023.625,169.5,9.0,86.375,9.0,8.5,11.25,8.5,2,20,3,1,0,0
2025-02-21,68.1992,68.1992,9.0,8.0,8.0,90.5,1.0,2.0,7.5,1025.5,71.375,7.0,100.0,8.0,6.875,12.125,6.875,2,21,4,1,0,0
2025-02-22,68.1992,68.1992,8.0,7.0,7.0,94.125,1.0,2.0,8.75,1026.0,56.5,4.0,100.0,7.25,5.375,17.125,5.375,2,22,5,1,1,0
2025-02-23,68.1992,68.1992,11.0,6.0,8.0,77.25,2.0,2.0,8.0,1032.0,164.25,10.0,90.125,8.125,6.75,14.875,6.75,2,23,6,1,1,0
2025-02-24,68.1992,68.1992,8.0,6.0,7.0,89.75,1.0,2.0,8.0,1030.125,66.125,9.0,99.75,7.0,5.25,15.375,5.25,2,24,0,1,0,0
2025-02-25,68.1992,68.1992,14.0,5.0,9.0,74.25,9.0,2.0,6.125,1029.5,188.625,9.0,63.875,8.75,8.125,10.875,8.125,2,25,1,1,0,0
2025-02-26,68.1992,68.1992,12.0,6.0,10.0,68.5,4.0,2.0,4.375,1023.25,138.625,10.0,78.875,9.75,9.625,7.75,9.625,2,26,2,1,0,0
2025-02-27,68.1992,68.1992,14.0,9.0,11.0,68.125,5.0,3.0,6.125,1014.625,46.75,10.0,79.5,11.125,10.875,10.5,10.875,2,27,3,1,0,0
2025-02-28,68.1992,68.1992,17.0,8.0,12.0,64.125,12.0,4.0,4.75,1011.875,169.0,10.0,19.25,11.875,11.5,8.125,11.5,2,28,4,1,0,0
2025-03-01,68.1992,68.1992,18.0,10.0,13.0,70.125,9.0,4.0,4.125,1007.25,157.75,10.0,54.625,13.125,13.125,10.375,13.125,3,1,5,2,1,0
2025-03-02,68.1992,68.1992,16.0,11.0,13.0,72.0,5.0,4.0,5.75,1007.125,177.875,10.0,60.75,13.125,13.0,10.375,13.0,3,2,6,2,1,0
2025-03-03,68.1992,68.1992,13.0,10.0,12.0,82.25,3.0,3.0,7.25,1014.0,179.25,8.875,70.875,12.875,12.375,12.5,12.375,3,3,0,2,0,0
2025-03-04,4705.7487,68.2031,12.0,9.0,10.0,80.0,1.0,3.0,6.875,1014.875,53.5,10.0,93.75,10.75,10.25,12.625,10.25,3,4,1,2,0,0
2025-03-05,64.1775,64.1775,10.0,9.0,9.0,92.25,1.0,2.0,8.75,1018.75,100.75,3.875,100.0,9.25,8.0,18.375,8.0,3,5,2,2,0,0
2025-03-06,48.1878,48.1878,10.0,8.0,9.0,82.125,1.0,2.0,8.125,1028.5,121.5,10.0,92.375,9.125,7.75,14.125,7.75,3,6,3,2,0,0
2025-03-07,45.7376,45.7376,11.0,8.0,9.0,80.0,1.0,2.0,6.25,1025.0,127.75,10.0,90.75,8.375,7.375,9.75,7.375,3,7,4,2,0,0
2025-03-08,42.8181,42.8181,13.0,6.0,10.0,72.25,10.0,2.0,7.5,1020.875,172.875,10.0,64.25,9.5,8.625,12.375,8.625,3,8,5,2,1,0
2025-03-09,44.8780,44.8780,15.0,7.0,11.0,71.125,8.0,3.0,5.125,1022.25,147.625,10.0,72.625,10.75,10.625,8.375,10.625,3,9,6,2,1,0
2025-03-10,49.9278,49.9278,16.0,11.0,13.0,68.0,5.0,3.0,3.75,1019.0,131.625,10.0,76.25,11.875,12.0,7.5,12.0,3,10,0,2,0,0
2025-03-11,54.3176,54.3176,17.0,11.0,13.0,72.625,7.0,3.0,7.125,1016.375,144.875,10.0,61.0,13.25,12.875,13.75,12.875,3,11,1,2,0,0
2025-03-12,43.6882,43.6882,14.0,11.0,13.0,69.0,5.0,4.0,6.875,1016.75,179.5,10.0,71.0,13.625,13.375,16.625,13.375,3,12,2,2,0,0
2025-03-13,50.7978,50.7978,17.0,11.0,13.0,72.875,4.0,3.0,4.25,1015.75,108.625,10.0,75.75,13.0,13.0,9.25,13.0,3,13,3,2,0,0
2025-03-14,67.8074,67.8074,17.0,11.0,13.0,76.625,7.0,3.0,5.75,1017.375,94.75,9.0,81.375,13.125,12.875,11.25,12.875,3,14,4,2,0,0
2025-03-15,56.7576,56.7576,14.0,9.0,11.0,62.625,8.0,3.0,9.625,1025.5,173.125,9.0,71.375,11.625,10.875,17.75,10.875,3,15,5,2,1,0
2025-03-16,34.9380,34.9380,14.0,8.0,11.0,43.0,12.0,4.0,8.375,1028.375,158.125,10.0,50.25,9.25,8.25,15.5,8.25,3,16,6,2,1,0
2025-03-17,31.4291,31.4291,13.0,7.0,10.0,64.625,9.0,2.0,4.875,1027.5,207.75,10.0,57.25,7.375,6.75,8.25,6.75,3,17,0,2,0,0
2025-03-18,36.1886,36.1886,14.0,8.0,10.0,60.25,10.0,4.0,7.75,1029.875,188.125,10.0,64.375,9.25,8.25,11.0,8.25,3,18,1,2,0,0
2025-03-19,41.7483,41.7483,16.0,7.0,11.0,63.75,12.0,4.0,5.125,1029.625,184.75,10.0,33.875,10.625,10.25,9.125,10.25,3,19,2,2,0,0
2025-03-20,43.4977,43.4977,18.0,9.0,13.0,49.75,10.0,4.0,5.0,1027.75,165.375,10.0,40.875,12.125,12.25,8.75,12.25,3,20,3,2,0,0
2025-03-21,45.6877,45.6877,20.0,9.0,15.0,50.625,12.0,4.0,5.375,1025.0,183.75,10.0,16.0,13.125,12.875,9.0,12.875,3,21,4,2,0,0
2025-03-22,44.0578,44.0578,21.0,10.0,16.0,46.375,12.0,5.0,5.25,1022.0,228.625,10.0,14.75,14.0,13.875,8.125,13.875,3,22,5,2,1,0
2025-03-23,45.9380,45.9380,23.0,12.0,17.0,55.75,12.0,4.0,8.25,1020.875,212.75,10.0,32.375,16.75,16.375,16.125,16.5,3,23,6,2,1,0
2025-03-24,43.1175,43.1175,24.0,14.0,19.0,49.5,12.0,4.0,7.5,1013.75,159.0,10.0,29.75,18.375,17.75,12.5,18.0,3,24,0,2,0,0
2025-03-25,43.4983,43.4983,26.0,13.0,20.0,46.75,12.0,5.0,4.375,1004.5,215.5,10.0,3.375,19.625,19.5,8.625,19.75,3,25,1,2,0,0
2025-03-26,50.2480,50.2480,28.0,15.0,22.0,51.5,12.0,6.0,6.625,995.75,126.375,10.0,6.75,22.0,21.75,17.0,22.0,3,26,2,2,0,0
2025-03-27,372.3776,372.3776,21.0,13.0,18.0,38.625,13.0,5.0,13.75,1001.875,133.625,10.0,19.125,20.75,20.875,31.375,20.625,3,27,3,2,0,0
2025-03-28,7.9892,7.9892,13.0,8.0,11.0,32.625,13.0,4.0,13.25,1023.0,78.75,10.0,49.125,11.25,9.75,30.0,9.75,3,28,4,2,0,0
2025-03-29,21.4387,21.4387,14.0,6.0,9.0,61.0,10.0,3.0,10.375,1025.875,84.625,10.0,45.0,8.5,7.25,16.5,7.25,3,29,5,2,1,0
2025-03-30,25.3787,25.3787,12.0,7.0,9.0,68.875,5.0,3.0,6.625,1026.375,95.0,10.0,83.75,8.875,8.0,8.625,8.0,3,30,6,2,1,0
2025-03-31,29.8093,29.8093,14.0,8.0,10.0,69.5,6.0,3.0,5.875,1025.0,205.125,8.375,77.625,10.25,10.0,8.0,10.0,3,31,0,2,0,0
2025-04-01,31.5589,31.5589,17.0,7.0,12.0,67.5,8.0,4.0,6.125,1024.375,170.375,10.0,56.0,11.25,10.875,10.625,10.875,4,1,1,2,0,0
2025-04-02,34.0689,34.0689,20.0,10.0,15.0,55.375,13.0,3.0,8.0,1021.75,182.125,10.0,34.625,14.125,13.625,13.375,13.625,4,2,2,2,0,0
2025-04-03,39.2386,39.2386,22.0,12.0,17.0,55.5,13.0,5.0,5.0,1017.25,143.375,10.0,34.125,16.875,16.5,9.75,16.5,4,3,3,2,0,0
2025-04-04,60.2572,60.2572,22.0,15.0,17.0,62.625,12.0,4.0,5.5,1015.375,167.75,9.375,60.0,17.125,16.875,11.0,17.125,4,4,4,2,0,1
2025-04-05,64.8775,64.8775,23.0,14.0,17.0,67.25,7.0,4.0,8.5,1018.125,206.375,10.0,75.5,16.625,16.625,17.25,16.625,4,5,5,2,1,0
2025-04-06,58.6176,58.6176,20.0,14.0,16.0,73.75,9.0,4.0,6.875,1018.0,189.375,9.0,73.375,15.875,16.0,12.125,16.0,4,6,6,2,1,0
2025-04-07,57.9978,57.9978,23.0,14.0,19.0,67.125,11.0,5.0,4.125,1015.125,147.375,10.0,48.875,19.125,18.125,7.75,19.125,4,7,0,2,0,0
2025-04-08,54.0474,54.0474,28.0,15.0,22.0,56.625,13.0,6.0,5.0,1013.875,161.5,10.0,26.5,22.0,21.75,11.875,22.0,4,8,1,2,0,0
2025-04-09,58.3779,58.3779,29.0,19.0,24.0,53.875,11.0,6.0,5.875,1009.625,183.5,10.0,30.0,25.375,24.25,13.0,25.0,4,9,2,2,0,0
2025-04-10,51.1276,51.1276,29.0,20.0,23.0,52.0,10.0,6.0,6.75,1004.875,148.125,10.0,45.625,24.625,24.125,15.625,24.25,4,10,3,2,0,0
2025-04-11,54.2477,54.2477,26.0,16.0,21.0,61.75,6.0,5.0,13.875,1003.375,147.625,9.25,70.625,22.75,22.0,24.5,22.75,4,11,4,2,0,0
2025-04-12,33.9986,33.9986,20.0,13.0,16.0,44.25,11.0,4.0,13.375,1022.125,209.5,10.0,60.875,15.625,15.125,25.875,15.125,4,12,5,2,1,0
2025-04-13,30.3692,30.3692,25.0,12.0,18.0,49.0,13.0,5.0,5.5,1017.0,176.0,10.0,13.5,18.5,18.5,8.75,18.375,4,13,6,2,1,0
2025-04-14,210.3187,210.3187,29.0,15.0,22.0,37.875,13.0,6.0,7.25,1015.375,231.75,10.0,6.625,20.125,20.5,10.875,20.0,4,14,0,2,0,0
2025-04-15,83.6893,83.6893,28.0,19.0,23.0,40.875,13.0,6.0,5.5,1010.5,144.375,10.0,17.875,22.0,22.125,8.75,22.0,4,15,1,2,0,0
2025-04-16,31.3092,31.3092,29.0,18.0,24.0,45.5,13.0,6.0,7.0,1006.0,200.75,10.0,14.125,23.5,23.25,12.125,23.25,4,16,2,2,0,0
2025-04-17,34.7490,34.7490,31.0,19.0,25.0,48.125,13.0,6.0,8.25,1003.0,193.625,10.0,22.75,26.0,25.125,15.875,25.625,4,17,3,2,0,0
2025-04-18,1702.1785,1702.1785,31.0,21.0,25.0,52.375,10.0,7.0,9.375,1000.625,117.375,9.875,52.375,28.125,26.625,19.25,27.75,4,18,4,2,0,0
2025-04-19,1613.6979,1613.6979,33.0,19.0,26.0,55.75,13.0,6.0,9.125,1003.25,231.875,10.0,12.625,26.125,25.875,17.625,26.125,4,19,5,2,1,0
2025-04-20,581.9285,581.9285,33.0,22.0,27.0,48.875,13.0,7.0,6.125,1000.125,144.375,10.0,16.75,28.0,27.0,11.625,28.0,4,20,6,2,1,0
2025-04-21,4.8098,4.8098,26.0,19.0,23.0,64.125,5.0,6.0,12.5,1004.0,93.875,9.375,76.0,26.125,24.875,30.875,26.125,4,21,0,2,0,0
2025-04-22,0.0000,0.0000,27.0,19.0,22.0,46.0,13.0,6.0,8.375,1011.625,168.125,10.0,27.375,22.125,22.125,16.0,22.125,4,22,1,2,0,0
2025-04-23,0.0000,0.0000,20.0,18.0,19.0,61.375,13.0,4.0,7.125,1013.25,175.25,10.0,25.25,18.625,18.625,15.0,18.625,4,23,2,2,0,0
2025-04-24,0.0000,0.0000,24.0,17.0,20.0,56.375,12.0,4.0,7.5,1014.0,170.0,10.0,39.875,19.25,18.875,11.625,18.875,4,24,3,2,0,0
2025-04-25,0.0000,0.0000,18.0,16.0,17.0,71.5,1.0,5.0,7.25,1014.25,105.25,10.0,84.75,17.75,17.75,11.375,17.75,4,25,4,2,0,0
2025-04-26,0.0000,0.0000,19.0,14.0,16.0,73.0,8.0,4.0,6.25,1013.875,99.625,10.0,76.125,16.125,16.125,11.375,16.125,4,26,5,2,1,0
2025-04-27,0.0000,0.0000,27.0,15.0,21.0,57.875,13.0,6.0,7.375,1015.75,189.25,10.0,36.5,21.0,20.625,10.625,21.0,4,27,6,2,1,0
2025-04-28,0.0000,0.0000,27.0,20.0,23.0,44.625,13.0,6.0,5.25,1016.0,258.875,10.0,39.75,23.5,22.375,10.5,22.75,4,28,0,2,0,0
2025-04-29,3366.4492,3366.4492,24.0,17.0,20.0,64.25,11.0,5.0,10.625,1016.5,211.25,8.375,62.375,21.0,20.5,13.875,21.0,4,29,1,2,0,0
2025-04-30,1315.1885,1315.1885,27.0,16.0,21.0,49.625,13.0,6.0,11.875,1014.125,187.5,10.0,20.5,21.375,21.25,17.25,21.125,4,30,2,2,0,0
2025-05-01,1998.1184,1998.1184,30.0,19.0,24.0,52.0,9.0,6.0,9.75,1014.625,215.875,10.0,48.0,24.125,23.5,15.5,23.75,5,1,3,2,0,1
2025-05-02,2196.0579,2196.0579,32.0,21.0,26.0,43.375,13.0,7.0,6.125,1007.375,113.75,10.0,12.875,26.0,25.75,10.125,26.0,5,2,4,2,0,1
2025-05-03,2330.9878,2330.9878,30.0,20.0,25.0,51.375,10.0,6.0,10.375,1006.125,209.375,9.875,50.375,27.25,26.5,19.625,27.0,5,3,5,2,1,0
2025-05-04,2406.6977,2406.6977,29.0,21.0,24.0,56.875,11.0,6.0,9.375,1004.125,80.875,9.375,57.0,26.375,24.625,19.5,25.75,5,4,6,2,1,0
2025-05-05,1760.1195,1760.1195,27.0,17.0,22.0,54.75,12.0,6.0,11.25,1010.875,156.625,10.0,45.125,22.0,21.5,19.875,22.0,5,5,0,2,0,1
2025-05-06,3520.2389,1760.1194,26.0,19.0,22.0,59.875,13.0,6.0,11.125,1011.0,203.125,10.0,38.375,22.375,21.875,19.25,22.0,5,6,1,2,0,0
2025-05-07,1714.6880,1714.6880,24.0,17.0,20.0,67.75,5.0,6.0,8.375,1006.625,139.375,10.0,56.5,20.875,20.25,11.25,20.875,5,7,2,2,0,0
2025-05-08,1645.5582,1645.5582,28.0,18.0,22.0,68.75,13.0,5.0,8.25,1004.875,214.125,9.25,39.75,22.75,22.25,13.375,22.75,5,8,3,2,0,0
2025-05-09,1674.3681,1674.3681,27.0,19.0,23.0,34.5,13.0,6.0,8.625,1013.625,164.25,9.875,33.625,22.25,22.375,15.625,21.875,5,9,4,2,0,0
2025-05-10,1805.3177,1805.3177,27.0,19.0,22.0,37.5,13.0,6.0,11.125,1016.625,207.625,10.0,15.125,21.75,21.875,21.25,21.75,5,10,5,2,1,0
2025-05-11,1923.9382,1923.9382,29.0,16.0,22.0,44.5,13.0,6.0,10.25,1012.25,176.0,10.0,1.875,21.375,22.0,18.625,21.375,5,11,6,2,1,0
2025-05-12,1374.4288,1374.4288,29.0,19.0,24.0,36.125,13.0,6.0,5.875,1005.0,150.125,10.0,18.625,24.75,24.875,13.25,24.375,5,12,0,2,0,0
2025-05-13,1873.4482,1873.4482,27.0,21.0,23.0,57.0,11.0,5.0,8.5,1006.0,120.25,10.0,55.0,29.375,26.625,15.5,29.0,5,13,1,2,0,0
2025-05-14,1326.9288,1326.9288,31.0,20.0,25.0,53.0,11.0,5.0,8.75,1010.75,163.25,10.0,50.75,26.75,25.75,16.625,26.375,5,14,2,2,0,0
2025-05-15,3231.3080,3231.3080,32.0,19.0,26.0,43.75,13.0,7.0,8.5,1010.625,186.25,10.0,33.125,26.375,26.125,15.75,26.0,5,15,3,2,0,0
2025-05-16,1998.2478,1998.2478,31.0,22.0,26.0,47.75,11.0,7.0,5.875,1009.5,120.0,9.375,43.875,25.75,24.875,10.25,25.75,5,16,4,2,0,0
2025-05-17,2019.7479,2019.7479,27.0,22.0,24.0,56.625,11.0,6.0,8.75,1011.5,154.0,10.0,39.875,25.5,23.75,12.375,25.125,5,17,5,2,1,0
2025-05-18,2256.7377,2256.7377,31.0,20.0,25.0,50.875,13.0,7.0,8.0,1011.625,129.625,10.0,23.25,26.125,25.5,13.625,25.75,5,18,6,2,1,0
2025-05-19,2224.3276,2224.3276,33.0,21.0,27.0,43.0,13.0,7.0,8.375,1005.125,159.375,10.0,10.0,27.75,27.25,14.625,27.375,5,19,0,2,0,0
2025-05-20,2403.2382,2403.2382,36.0,24.0,30.0,38.0,13.0,8.0,7.375,1001.0,186.625,10.0,19.375,30.125,30.125,14.125,30.125,5,20,1,2,0,0
2025-05-21,2452.8777,2452.8777,35.0,26.0,30.0,42.125,12.0,7.0,8.375,1001.5,203.5,9.375,28.375,30.875,30.375,13.875,30.875,5,21,2,2,0,0
2025-05-22,2481.3782,2481.3782,34.0,24.0,29.0,47.625,11.0,6.0,9.875,1005.625,178.75,8.75,51.75,29.375,28.75,18.375,29.375,5,22,3,2,0,0
2025-05-23,1684.3182,1684.3182,36.0,26.0,30.0,30.125,13.0,6.0,8.625,1010.5,187.125,10.0,45.5,26.5,26.875,22.625,26.5,5,23,4,2,0,0
2025-05-24,2111.4178,2111.4178,32.0,22.0,26.0,38.5,13.0,7.0,13.125,1012.875,213.875,10.0,26.25,26.5,26.0,24.0,26.125,5,24,5,2,1,0
2025-05-25,1998.2576,1998.2576,30.0,19.0,25.0,47.625,13.0,6.0,7.125,1013.375,124.75,10.0,28.375,25.0,24.375,9.375,24.625,5,25,6,2,1,0
2025-05-26,1903.6175,1903.6175,26.0,23.0,24.0,54.5,7.0,5.0,7.5,1011.25,185.75,10.0,74.0,25.5,24.5,10.25,25.5,5,26,0,2,0,0
2025-05-27,52.8090,52.8090,22.0,18.0,19.0,84.5,3.0,4.0,16.0,1010.75,91.0,8.625,79.0,19.875,19.5,21.625,19.5,5,27,1,2,0,0
2025-05-28,1843.8080,1843.8080,29.0,17.0,23.0,64.25,13.0,6.0,5.375,1010.875,180.625,10.0,29.0,23.375,22.875,7.375,23.0,5,28,2,2,0,0
2025-05-29,1849.3077,1849.3077,29.0,20.0,25.0,57.0,9.0,7.0,5.75,1007.5,200.125,10.0,48.625,26.125,25.125,8.625,25.75,5,29,3,2,0,0
2025-05-30,43.9986,43.9986,24.0,19.0,21.0,79.625,4.0,5.0,11.375,1003.25,102.75,8.0,84.0,21.625,21.25,16.0,21.625,5,30,4,2,0,0
2025-05-31,405.3084,405.3084,22.0,18.0,20.0,77.5,10.0,4.0,6.125,1003.75,152.875,8.0,66.375,20.0,19.625,8.5,20.0,5,31,5,2,1,1
2025-06-01,1539.3176,1539.3176,22.0,19.0,20.0,74.625,14.0,6.0,3.75,1003.875,210.375,10.0,44.375,21.375,20.375,5.625,20.75,6,1,6,3,1,0
2025-06-02,1857.3080,1857.3080,25.0,20.0,22.0,64.625,14.0,5.0,5.375,1006.375,144.875,10.0,48.125,23.5,22.125,8.625,23.125,6,2,0,3,0,1
2025-06-03,1793.6872,1793.6872,24.0,20.0,22.0,62.25,14.0,6.0,4.5,1008.875,158.5,10.0,22.25,22.75,21.5,6.875,22.0,6,3,1,3,0,0
2025-06-04,1951.9369,1951.9369,30.0,20.0,24.0,57.0,13.0,6.0,6.125,1009.25,178.125,10.0,44.375,24.875,24.375,8.25,24.5,6,4,2,3,0,0
2025-06-05,1711.6170,1711.6170,31.0,23.0,27.0,49.875,12.0,7.0,4.125,1005.5,188.875,10.0,53.0,27.5,26.875,5.5,27.5,6,5,3,3,0,0
2025-06-06,1997.3771,1997.3771,29.0,24.0,25.0,57.0,14.0,7.0,3.875,1004.375,199.625,10.0,17.25,26.5,25.375,5.75,26.5,6,6,4,3,0,0
2025-06-07,2098.0669,2098.0669,25.0,22.0,23.0,75.0,8.0,6.0,6.25,1006.25,176.25,10.0,53.125,25.375,23.375,9.25,25.125,6,7,5,3,1,0
2025-06-08,2439.8169,2439.8169,32.0,23.0,27.0,51.0,12.0,6.0,5.5,1005.625,178.375,10.0,50.125,27.5,26.75,9.0,27.5,6,8,6,3,1,0
2025-06-09,2303.3574,2303.3574,35.0,24.0,29.0,52.875,12.0,6.0,7.5,1005.375,142.75,9.75,59.5,29.875,28.625,10.875,29.875,6,9,0,3,0,0
2025-06-10,2167.6870,2167.6870,37.0,23.0,30.0,39.875,14.0,7.0,6.25,1007.375,192.25,10.0,16.75,29.75,29.625,9.625,29.75,6,10,1,3,0,0
2025-06-11,2749.7970,2749.7970,36.0,23.0,30.0,40.0,14.0,7.0,8.375,1006.5,182.25,10.0,8.625,30.25,29.875,12.25,30.25,6,11,2,3,0,0
2025-06-12,2716.6972,2716.6972,36.0,25.0,31.0,40.75,14.0,8.0,8.5,1004.625,195.125,10.0,20.5,31.25,30.625,12.125,31.25,6,12,3,3,0,0
2025-06-13,2675.6773,2675.6773,36.0,26.0,31.0,43.5,13.0,8.0,6.0,1002.625,183.0,10.0,26.875,32.0,31.0,9.125,32.0,6,13,4,3,0,0
2025-06-14,2620.4473,2620.4473,29.0,20.0,25.0,64.0,8.0,6.0,10.75,1004.25,170.875,9.875,41.875,26.75,24.875,16.375,26.375,6,14,5,3,1,0
2025-06-15,4376.3570,4376.3570,36.0,23.0,30.0,41.25,14.0,7.0,8.625,1003.25,229.875,10.0,7.125,29.75,29.75,12.375,29.75,6,15,6,3,1,0
2025-06-16,4745.7573,4745.7573,36.0,25.0,31.0,41.375,14.0,8.0,7.125,1002.25,211.25,10.0,30.125,31.0,30.75,10.0,31.0,6,16,0,3,0,0
2025-06-17,4186.1171,4186.1171,37.0,26.0,31.0,46.75,14.0,8.0,7.375,998.5,196.125,10.0,38.375,32.375,31.0,11.375,32.375,6,17,1,3,0,0
2025-06-18,3713.6867,3713.6867,27.0,23.0,24.0,86.125,5.0,5.0,17.375,998.875,72.375,9.375,81.75,27.0,24.375,24.25,27.0,6,18,2,3,0,0
2025-06-19,4968.1265,4968.1265,28.0,24.0,25.0,75.5,8.0,7.0,4.875,1001.0,239.125,10.0,70.375,27.375,25.5,7.625,27.375,6,19,3,3,0,0
2025-06-20,3494.6168,3494.6168,26.0,23.0,25.0,64.5,12.0,6.0,6.75,1004.875,265.5,10.0,63.0,26.125,24.75,13.0,26.125,6,20,4,3,0,0
2025-06-21,3133.2468,3133.2468,27.0,22.0,24.0,72.625,12.0,5.0,9.25,1006.75,212.75,10.0,52.25,25.75,23.625,14.375,25.125,6,21,5,3,1,0
2025-06-22,4414.8672,4414.8672,32.0,21.0,26.0,61.375,14.0,7.0,7.0,1006.0,165.0,10.0,25.25,27.75,26.125,9.625,27.0,6,22,6,3,1,0
2025-06-23,2711.4472,2711.4472,30.0,22.0,25.0,74.25,9.0,6.0,9.625,1003.25,116.75,9.125,72.75,27.625,25.625,14.375,27.25,6,23,0,3,0,0
2025-06-24,2018.3672,2018.3672,23.0,20.0,20.0,90.75,1.0,6.0,14.875,1003.875,218.5,6.5,88.0,21.375,20.75,22.5,21.0,6,24,1,3,0,0
2025-06-25,2780.7472,2780.7472,27.0,19.0,22.0,82.875,13.0,5.0,8.875,1006.875,201.25,6.75,61.625,23.0,22.375,12.375,23.0,6,25,2,3,0,0
2025-06-26,3003.9971,3003.9971,30.0,20.0,25.0,74.625,10.0,6.0,6.25,1007.25,207.375,10.0,44.625,26.125,24.625,9.25,25.875,6,26,3,3,0,0
2025-06-27,3312.0573,3312.0573,30.0,22.0,26.0,76.125,7.0,6.0,2.625,1003.875,205.875,9.875,68.375,28.25,25.75,4.0,27.875,6,27,4,3,0,0
2025-06-28,4530.2470,4530.2470,32.0,24.0,28.0,70.125,10.0,6.0,3.0,999.625,224.625,8.375,72.25,30.625,27.625,5.125,30.625,6,28,5,3,1,0
2025-06-29,2956.8169,2956.8169,26.0,21.0,23.0,92.0,3.0,5.0,9.875,998.75,217.875,9.125,85.25,25.625,23.25,16.125,25.0,6,29,6,3,1,0
2025-06-30,3180.1300,3180.1300,30.0,21.0,26.0,75.125,10.0,6.0,7.875,1001.75,137.875,9.0,41.0,27.75,25.375,11.625,26.75,6,30,0,3,0,0
2025-07-01,4134.9300,4134.9300,30.0,23.0,26.0,75.625,3.0,7.0,4.625,1002.25,122.5,9.5,57.875,28.75,26.25,7.875,28.75,7,1,1,3,0,0
2025-07-02,3758.8000,3758.8000,31.0,23.0,26.0,81.0,6.0,6.0,7.125,1002.5,29.125,9.625,80.875,29.0,26.125,11.875,29.0,7,2,2,3,0,0
2025-07-03,3508.0700,3508.0700,29.0,23.0,25.0,90.25,4.0,6.0,11.25,1002.125,26.375,8.5,82.875,28.75,25.25,18.875,28.75,7,3,3,3,0,0
2025-07-04,4322.5000,4322.5000,29.0,21.0,24.0,90.625,4.0,5.0,13.375,1001.5,25.75,7.625,87.375,28.0,24.625,22.0,27.625,7,4,4,3,0,0
2025-07-05,3138.3100,3138.3100,23.0,21.0,22.0,92.125,4.0,5.0,6.75,1006.0,228.375,8.0,79.375,24.0,21.75,11.5,22.625,7,5,5,3,1,0
2025-07-06,3342.6300,3342.6300,27.0,22.0,24.0,82.25,8.0,5.0,4.0,1005.25,178.5,10.0,83.25,26.25,24.125,6.125,25.75,7,6,6,3,1,0
2025-07-07,3638.1800,3638.1800,25.0,21.0,23.0,86.125,8.0,5.0,5.5,1003.0,200.375,6.375,66.625,25.5,23.25,8.375,24.875,7,7,0,3,0,0
2025-07-08,4736.3100,4736.3100,30.0,20.0,25.0,80.75,10.0,6.0,4.875,1000.875,76.0,9.875,58.875,26.375,24.5,7.375,26.0,7,8,1,3,0,0
2025-07-09,68.7500,68.7500,29.0,22.0,25.0,82.875,9.0,6.0,6.875,1002.75,118.625,7.0,59.25,28.375,25.5,10.375,28.125,7,9,2,3,0,0
2025-07-10,5535.9520,5535.9520,32.0,23.0,27.0,81.625,7.0,7.0,5.25,1003.375,59.0,8.625,64.375,29.875,26.5,7.875,29.875,7,10,3,3,0,0
2025-07-11,5535.9520,5535.9520,31.0,23.0,27.0,81.125,9.0,7.0,5.875,1003.5,161.25,9.375,68.0,30.125,26.75,10.375,30.125,7,11,4,3,0,0
2025-07-12,5535.9520,5535.9520,31.0,23.0,27.0,80.75,10.0,6.0,3.25,1006.0,267.75,9.125,62.875,30.25,26.875,5.25,30.25,7,12,5,3,1,0
2025-07-13,5535.9520,5535.9520,32.0,23.0,27.0,74.875,4.0,7.0,3.5,1005.375,255.125,9.875,50.375,30.75,27.625,6.0,30.75,7,13,6,3,1,0
2025-07-14,27679.7600,5535.9520,32.0,24.0,28.0,77.0,11.0,7.0,3.75,1002.75,230.625,9.875,55.125,31.75,27.75,6.0,31.75,7,14,0,3,0,0
2025-07-15,5659.2600,5659.2600,33.0,24.0,28.0,78.75,9.0,7.0,3.875,999.625,234.125,9.75,62.5,32.625,28.25,6.375,32.625,7,15,1,3,0,0
2025-07-16,6290.5500,6290.5500,35.0,25.0,30.0,75.625,6.0,7.0,4.5,999.125,248.625,9.625,51.5,35.125,29.5,7.5,35.125,7,16,2,3,0,0
2025-07-17,5312.9300,5312.9300,35.0,26.0,30.0,76.125,8.0,6.0,4.25,999.5,252.875,9.75,58.0,36.0,30.0,7.375,36.0,7,17,3,3,0,0
2025-07-18,5150.3100,5150.3100,34.0,25.0,29.0,76.625,8.0,7.0,5.25,999.0,240.5,9.25,42.625,34.5,29.25,8.75,34.5,7,18,4,3,0,0
2025-07-19,5883.2700,5883.2700,33.0,24.0,28.0,82.125,8.0,6.0,5.875,1000.375,216.875,8.75,76.0,31.875,27.875,10.625,31.875,7,19,5,3,1,0
2025-07-20,5794.8600,5794.8600,31.0,24.0,27.0,79.125,12.0,6.0,4.875,1002.25,208.375,8.75,43.375,30.0,26.875,10.0,30.0,7,20,6,3,1,0
2025-07-21,5636.8100,5636.8100,32.0,24.0,27.0,77.125,14.0,6.0,3.75,1003.75,208.0,10.0,35.125,29.875,27.0,6.875,29.875,7,21,0,3,0,0
2025-07-22,5689.1300,5689.1300,32.0,24.0,28.0,76.25,7.0,7.0,3.5,1002.125,152.125,9.75,53.875,31.125,27.75,5.625,31.125,7,22,1,3,0,0
2025-07-23,5495.9400,5495.9400,33.0,24.0,28.0,79.125,9.0,6.0,5.5,1000.125,179.875,9.75,57.375,31.875,27.625,9.125,31.875,7,23,2,3,0,0
2025-07-24,5404.4300,5404.4300,30.0,22.0,26.0,87.375,5.0,6.0,5.125,1000.875,105.625,9.625,76.0,29.25,25.875,8.5,29.25,7,24,3,3,0,0
2025-07-25,5934.7507,5934.7507,29.0,23.0,26.0,88.75,7.0,6.0,7.125,1000.625,43.375,6.75,73.75,29.5,26.0,12.75,29.5,7,25,4,3,0,0
2025-07-26,5934.7507,5934.7507,30.0,23.0,26.0,87.75,10.0,6.0,5.5,1001.25,60.875,9.0,61.375,29.5,25.75,9.125,29.5,7,26,5,3,1,0
2025-07-27,5934.7507,5934.7507,32.0,23.0,27.0,81.125,8.0,6.0,3.75,1001.5,247.625,9.875,41.25,31.5,27.25,6.75,31.5,7,27,6,3,1,0
2025-07-28,5934.7507,5934.7507,33.0,23.0,28.0,75.625,9.0,7.0,4.25,999.625,245.375,10.0,31.75,32.25,27.875,7.625,32.25,7,28,0,3,0,0
2025-07-29,5934.7507,5934.7507,34.0,25.0,29.0,71.125,13.0,7.0,3.75,997.5,258.125,10.0,20.0,33.5,29.25,6.25,33.5,7,29,1,3,0,0
2025-07-30,5934.7507,5934.7507,35.0,25.0,29.0,65.5,11.0,7.0,4.375,997.5,203.0,9.75,27.375,33.25,29.375,7.375,33.25,7,30,2,3,0,0
2025-07-31,5934.7507,5934.7507,34.0,25.0,29.0,71.0,6.0,7.0,4.75,997.5,222.75,9.875,47.125,33.625,29.375,8.0,33.625,7,31,3,3,0,0
2025-08-01,5934.7507,5934.7507,34.0,25.0,29.0,75.25,4.0,6.0,5.5,997.625,250.25,9.875,67.125,33.125,28.875,9.625,33.125,8,1,4,3,0,0
2025-08-02,5934.7507,5934.7507,35.0,25.0,29.0,72.125,6.0,7.0,5.875,998.125,206.75,9.875,46.125,34.25,29.5,9.25,34.25,8,2,5,3,1,0
2025-08-03,5934.7507,5934.7507,35.0,26.0,30.0,68.75,10.0,8.0,4.5,997.5,262.0,9.625,28.5,34.5,30.0,7.125,34.5,8,3,6,3,1,0
2025-08-04,5934.7507,5934.7507,34.0,26.0,29.0,72.125,7.0,6.0,6.375,998.75,190.125,9.75,69.5,34.375,29.75,10.0,34.375,8,4,0,3,0,0
2025-08-05,5934.7507,5934.7507,33.0,25.0,28.0,80.25,9.0,6.0,4.875,1001.5,185.5,9.125,63.375,32.0,27.875,9.0,32.0,8,5,1,3,0,0
2025-08-06,5934.7507,5934.7507,31.0,26.0,28.0,82.125,5.0,6.0,3.375,1001.5,251.375,9.625,63.625,32.0,27.75,6.0,32.0,8,6,2,3,0,0
2025-08-07,5934.7507,5934.7507,31.0,24.0,27.0,86.5,5.0,7.0,4.875,1001.25,115.25,9.625,75.75,32.0,27.625,8.875,32.0,8,7,3,3,0,0
2025-08-08,89021.2600,5934.7502,32.0,25.0,28.0,83.0,7.0,7.0,4.0,1001.125,199.125,9.625,59.875,32.875,27.75,7.125,32.875,8,8,4,3,0,0
2025-08-09,5584.1200,5584.1200,31.0,25.0,28.0,84.25,5.0,6.0,5.75,1000.875,161.625,9.75,73.625,32.625,27.75,10.5,32.625,8,9,5,3,1,0
2025-08-10,4776.3100,4776.3100,25.0,23.0,24.0,97.5,1.0,5.0,8.75,1002.75,106.5,9.25,99.125,26.375,23.875,13.375,26.375,8,10,6,3,1,0
2025-08-11,4690.2700,4690.2700,27.0,21.0,23.0,85.125,10.0,5.0,9.375,1004.5,208.875,10.0,62.125,25.625,23.375,16.5,25.125,8,11,0,3,0,0
2025-08-12,4943.2500,4943.2500,31.0,21.0,26.0,75.625,13.0,7.0,4.625,1005.25,149.75,10.0,24.25,28.25,25.75,7.625,27.625,8,12,1,3,0,0
2025-08-13,4624.9300,4624.9300,32.0,23.0,27.0,74.375,13.0,7.0,3.875,1007.375,187.5,9.875,26.625,30.0,27.125,6.875,30.0,8,13,2,3,0,0
2025-08-14,4808.2500,4808.2500,32.0,23.0,27.0,75.75,10.0,6.0,4.25,1006.625,182.875,10.0,48.75,30.5,27.125,7.375,30.5,8,14,3,3,0,0
2025-08-15,4903.0600,4903.0600,33.0,24.0,28.0,69.75,12.0,7.0,5.75,1005.0,195.75,9.25,42.375,30.75,27.875,9.375,30.75,8,15,4,3,0,0
2025-08-16,4952.0600,4952.0600,28.0,24.0,26.0,82.5,6.0,6.0,7.75,1006.25,111.0,9.0,69.0,28.5,25.875,13.375,28.5,8,16,5,3,1,0
2025-08-17,5148.7600,5148.7600,31.0,23.0,26.0,83.625,6.0,6.0,7.0,1007.625,98.0,8.5,73.375,29.0,26.0,12.375,29.0,8,17,6,3,1,0
2025-08-18,4787.8600,4787.8600,30.0,23.0,26.0,84.375,6.0,6.0,6.375,1007.0,201.5,9.625,74.0,29.25,26.0,11.0,29.25,8,18,0,3,0,0
2025-08-19,3292.5000,3292.5000,32.0,22.0,27.0,77.875,5.0,6.0,5.0,1004.0,111.125,9.625,67.25,29.625,26.75,8.5,29.625,8,19,1,3,0,0
2025-08-20,1055.3200,1055.3200,31.0,23.0,26.0,83.25,5.0,6.0,6.375,1001.5,86.125,8.375,68.75,29.5,26.375,10.5,29.5,8,20,2,3,0,0
2025-08-21,4785.3700,4785.3700,28.0,23.0,25.0,85.25,4.0,6.0,8.875,1004.25,221.5,8.5,75.0,28.375,25.375,15.75,28.375,8,21,3,3,0,0
2025-08-22,5051.9300,5051.9300,26.0,22.0,24.0,85.5,6.0,6.0,10.875,1004.875,24.0,9.375,62.5,25.875,23.625,16.625,25.875,8,22,4,3,0,0
2025-08-23,5487.2500,5487.2500,29.0,22.0,25.0,88.875,5.0,5.0,8.875,1004.5,66.125,9.0,66.25,27.75,24.875,15.375,27.75,8,23,5,3,1,0
2025-08-24,5415.8800,5415.8800,28.0,23.0,24.0,89.75,4.0,5.0,10.25,1006.75,71.125,8.875,82.875,27.375,24.75,18.375,27.375,8,24,6,3,1,0
2025-08-25,4658.2600,4658.2600,28.0,22.0,25.0,89.25,3.0,5.0,6.375,1007.375,51.625,8.5,71.75,27.75,24.875,11.125,27.75,8,25,0,3,0,0
2025-08-26,5369.8600,5369.8600,29.0,23.0,25.0,87.75,9.0,6.0,6.375,1006.0,78.25,8.0,71.25,28.25,25.5,11.125,28.25,8,26,1,3,0,0
2025-08-27,5034.6800,5034.6800,29.0,23.0,25.0,86.375,8.0,6.0,9.5,1004.25,111.5,7.75,72.125,28.25,25.625,15.875,28.25,8,27,2,3,0,0
2025-08-28,3790.0000,3790.0000,26.0,22.0,23.0,87.75,5.0,5.0,13.0,1007.25,35.125,9.0,77.75,25.875,23.75,19.25,25.625,8,28,3,3,0,0
2025-08-29,460.0000,460.0000,22.0,20.0,20.0,95.25,1.0,5.0,5.75,1013.625,305.75,6.625,90.25,21.125,20.5,8.625,20.5,8,29,4,3,0,0
2025-08-30,593.6900,593.6900,21.0,19.0,20.0,93.625,7.0,5.0,5.875,1014.375,195.875,6.875,79.5,20.0,20.0,9.0,20.0,8,30,5,3,1,0
2025-08-31,0.0000,0.0000,26.0,20.0,22.0,79.375,13.0,6.0,6.25,1011.125,176.25,10.0,49.125,23.125,22.25,9.5,23.125,8,31,6,3,1,0
2025-09-01,0.0000,0.0000,29.0,20.0,24.0,76.75,9.0,6.0,3.125,1007.0,206.125,9.75,52.75,25.25,24.0,4.75,25.25,9,1,0,4,0,0
2025-09-02,0.0000,0.0000,25.0,23.0,24.0,80.125,9.0,6.0,6.375,1005.25,115.625,10.0,71.25,26.0,24.0,9.0,26.0,9,2,1,4,0,0
2025-09-03,10452.8800,10452.8800,29.0,22.0,25.0,72.625,13.0,6.0,5.375,1005.375,76.375,10.0,43.75,27.0,25.0,8.125,26.75,9,3,2,4,0,0
2025-09-04,45.4400,45.4400,29.0,24.0,26.0,74.25,7.0,7.0,4.875,1003.875,24.625,10.0,70.5,28.125,26.0,7.125,28.125,9,4,3,4,0,0
2025-09-05,0.0000,0.0000,25.0,20.0,22.0,87.625,2.0,5.0,11.375,1007.0,76.25,9.0,83.25,23.5,22.375,17.375,23.5,9,5,4,4,0,0
2025-09-06,0.0000,0.0000,26.0,19.0,21.0,79.125,10.0,5.0,8.5,1012.5,165.875,9.375,54.625,22.5,21.5,12.625,22.125,9,6,5,4,1,0
2025-09-07,0.0000,0.0000,27.0,19.0,23.0,77.25,8.0,6.0,3.625,1009.75,170.25,10.0,51.75,24.125,22.875,5.375,23.875,9,7,6,4,1,0
2025-09-08,12722.8700,12722.8700,27.0,21.0,24.0,78.375,10.0,5.0,6.5,1009.25,226.875,9.0,57.125,25.875,24.0,9.75,25.375,9,8,0,4,0,0
2025-09-09,4215.8100,4215.8100,28.0,21.0,24.0,80.625,9.0,6.0,4.5,1009.5,167.0,9.75,53.75,26.125,24.0,6.5,25.5,9,9,1,4,0,0
2025-09-10,2639.1300,2639.1300,29.0,23.0,25.0,79.625,8.0,6.0,2.625,1007.25,101.875,8.625,66.5,27.875,25.375,4.25,27.875,9,10,2,4,0,0
2025-09-11,898.5600,898.5600,29.0,23.0,25.0,77.375,6.0,7.0,5.875,1006.125,136.75,9.75,70.5,27.875,25.375,8.0,27.875,9,11,3,4,0,0
2025-09-12,0.0000,0.0000,31.0,22.0,26.0,69.5,13.0,6.0,6.0,1008.125,137.0,10.0,28.625,28.0,25.875,9.25,27.75,9,12,4,4,0,0
2025-09-13,0.0000,0.0000,31.0,23.0,27.0,73.75,8.0,7.0,3.75,1008.125,220.0,10.0,42.0,29.0,26.5,5.375,29.0,9,13,5,4,1,0
2025-09-14,0.0000,0.0000,31.0,24.0,27.0,73.5,11.0,6.0,5.875,1007.125,150.25,9.75,73.25,30.0,27.375,9.25,30.0,9,14,6,4,1,0
2025-09-15,19169.5500,19169.5500,32.0,25.0,28.0,68.0,5.0,7.0,5.0,1006.375,133.0,9.125,72.875,30.625,28.125,7.75,30.625,9,15,0,4,0,0
2025-09-16,3030.1400,3030.1400,27.0,23.0,25.0,80.625,5.0,5.0,6.0,1008.125,212.25,10.0,66.375,27.125,25.0,9.625,27.125,9,16,1,4,0,0
2025-09-17,577.5600,577.5600,23.0,19.0,21.0,91.375,1.0,5.0,12.625,1009.5,33.625,9.75,89.375,23.5,21.5,18.0,22.75,9,17,2,4,0,0
2025-09-18,0.0000,0.0000,20.0,19.0,19.0,87.75,1.0,4.0,5.875,1011.5,85.375,8.0,95.5,19.125,19.125,8.625,19.125,9,18,3,4,0,0
2025-09-19,0.0000,0.0000,25.0,20.0,21.0,74.875,11.0,5.0,8.625,1011.5,210.0,10.0,46.5,22.125,21.375,12.375,21.75,9,19,4,4,0,0
2025-09-20,0.0000,0.0000,27.0,19.0,22.0,73.5,9.0,6.0,7.0,1010.375,162.75,9.875,47.0,23.25,21.875,10.125,22.5,9,20,5,4,1,0
2025-09-21,0.0000,0.0000,20.0,18.0,19.0,87.5,1.0,4.0,11.0,1011.375,32.75,9.0,99.375,19.25,19.25,14.75,19.25,9,21,6,4,1,0
2025-09-22,0.0000,0.0000,19.0,17.0,18.0,89.625,2.0,4.0,5.5,1014.5,47.875,8.0,89.5,18.0,18.0,8.0,18.0,9,22,0,4,0,0
2025-09-23,0.0000,0.0000,25.0,18.0,21.0,82.625,9.0,5.0,5.125,1014.375,174.375,10.0,57.125,22.0,20.75,7.5,21.625,9,23,1,4,0,0
2025-09-24,0.0000,0.0000,28.0,18.0,23.0,71.375,12.0,6.0,5.5,1012.5,188.0,10.0,18.0,23.25,22.625,9.0,23.25,9,24,2,4,0,0
2025-09-25,15724.6200,15724.6200,28.0,20.0,24.0,66.875,8.0,5.0,3.5,1013.75,162.375,10.0,51.25,25.5,23.875,5.0,25.125,9,25,3,4,0,0
2025-09-26,1973.7600,1973.7600,25.0,22.0,23.0,72.875,9.0,6.0,5.5,1016.0,180.625,10.0,63.75,25.375,23.375,7.75,25.375,9,26,4,4,0,0
2025-09-27,2286.9300,2286.9300,24.0,21.0,22.0,83.625,3.0,5.0,4.75,1014.625,90.75,10.0,88.875,23.5,21.75,6.25,22.25,9,27,5,4,1,0
2025-09-28,137.6200,137.6200,22.0,21.0,21.0,87.75,2.0,6.0,6.625,1013.0,91.375,9.875,82.125,23.375,21.375,9.375,21.75,9,28,6,4,1,0
2025-09-29,1331.9500,1331.9500,21.0,19.0,20.0,84.5,7.0,5.0,6.75,1014.625,216.625,9.375,68.75,20.875,20.5,11.125,20.5,9,29,0,4,0,0
2025-09-30,1871.7400,1871.7400,25.0,20.0,22.0,74.375,10.0,6.0,4.0,1012.125,152.875,10.0,54.875,24.0,22.375,5.5,23.25,9,30,1,4,0,0
2025-10-01,1787.2600,1787.2600,24.0,20.0,21.0,82.125,2.0,5.0,6.0,1007.875,53.75,10.0,87.375,21.75,21.0,8.125,21.375,10,1,2,4,0,1
2025-10-02,2280.3100,2280.3100,25.0,21.0,22.0,73.75,10.0,5.0,6.5,1007.875,183.25,10.0,66.5,24.625,22.25,10.0,22.875,10,2,3,4,0,1
2025-10-03,2004.5000,2004.5000,28.0,21.0,23.0,71.125,6.0,5.0,3.375,1009.625,125.125,10.0,76.875,25.375,23.25,4.5,24.0,10,3,4,4,0,1
2025-10-04,2280.6800,2280.6800,25.0,21.0,23.0,80.125,1.0,5.0,6.25,1009.25,50.125,10.0,89.625,25.25,22.875,8.625,24.25,10,4,5,4,1,0
2025-10-05,1929.2600,1929.2600,22.0,20.0,21.0,85.5,1.0,5.0,8.75,1008.625,26.75,8.375,89.75,22.375,21.0,12.0,21.0,10,5,6,4,1,0
2025-10-06,1173.0600,1173.0600,20.0,19.0,19.0,87.625,1.0,4.0,9.0,1012.625,38.625,8.0,96.875,19.375,19.375,12.25,19.375,10,6,0,4,0,1
2025-10-07,1981.0600,1981.0600,25.0,19.0,22.0,82.5,7.0,5.0,5.0,1014.5,79.375,10.0,76.5,22.25,21.375,7.0,22.25,10,7,1,4,0,1
2025-10-08,50.3900,50.3900,27.0,21.0,24.0,78.125,3.0,5.0,3.75,1009.125,70.5,10.0,88.625,25.875,23.75,5.625,25.25,10,8,2,4,0,1
2025-10-09,0.0000,0.0000,27.0,22.0,24.0,82.375,2.0,6.0,8.875,1007.75,30.875,10.0,77.5,26.125,23.875,12.375,25.875,10,9,3,4,0,0
2025-10-10,6979.7900,6979.7900,26.0,22.0,23.0,84.5,2.0,5.0,10.5,1007.125,27.75,10.0,80.125,25.75,23.375,14.875,25.375,10,10,4,4,0,0
2025-10-11,154.4400,154.4400,22.0,19.0,20.0,84.5,1.0,5.0,14.625,1007.375,34.5,10.0,86.875,21.625,20.625,19.625,21.0,10,11,5,4,1,0
2025-10-12,0.0000,0.0000,19.0,18.0,18.0,85.125,3.0,4.0,9.0,1009.625,91.875,10.0,79.875,18.125,18.125,12.5,18.125,10,12,6,4,1,0
2025-10-13,1881.8100,1881.8100,21.0,17.0,19.0,79.125,11.0,4.0,8.375,1016.25,198.75,10.0,45.125,18.625,18.625,12.75,18.625,10,13,0,4,0,0
2025-10-14,1578.0200,1578.0200,24.0,18.0,20.0,75.5,9.0,6.0,5.875,1014.125,180.125,10.0,48.25,21.0,20.125,8.125,20.625,10,14,1,4,0,0
2025-10-15,1736.5600,1736.5600,27.0,19.0,22.0,72.375,9.0,6.0,8.25,1013.0,147.375,10.0,45.875,23.0,22.25,11.25,23.0,10,15,2,4,0,0
2025-10-16,1152.4900,1152.4900,24.0,20.0,21.0,78.375,5.0,5.0,6.5,1012.625,37.375,10.0,80.25,23.5,21.75,8.875,21.875,10,16,3,4,0,0
2025-10-17,140.8100,140.8100,21.0,19.0,19.0,74.75,2.0,4.0,6.75,1016.125,142.5,9.0,77.75,19.5,19.5,9.875,19.5,10,17,4,4,0,0
2025-10-18,728.7500,728.7500,23.0,17.0,19.0,64.5,11.0,5.0,6.625,1018.75,166.125,10.0,28.875,20.0,19.25,9.625,19.5,10,18,5,4,1,0
2025-10-19,132.8100,132.8100,18.0,16.0,17.0,80.25,3.0,4.0,8.375,1020.625,50.25,10.0,83.125,17.375,17.375,11.375,17.375,10,19,6,4,1,0
2025-10-20,122.2600,122.2600,17.0,14.0,15.0,81.0,1.0,4.0,13.125,1022.25,33.25,9.0,100.0,15.75,15.625,18.0,15.625,10,20,0,4,0,0
2025-10-21,104.4200,104.4200,17.0,14.0,15.0,76.25,3.0,3.0,8.875,1025.75,41.125,10.0,84.5,15.0,14.875,11.75,14.875,10,21,1,4,0,0
2025-10-22,90.2600,90.2600,14.0,13.0,13.0,81.25,1.0,3.0,8.25,1027.25,38.0,10.0,92.5,13.125,12.875,10.875,12.875,10,22,2,4,0,0
2025-10-23,168.8100,168.8100,13.0,12.0,13.0,88.5,1.0,3.0,7.375,1026.25,27.75,3.0,100.0,12.875,12.125,10.25,12.125,10,23,3,4,0,0
2025-10-24,161.8700,161.8700,13.0,12.0,12.0,92.375,1.0,3.0,10.875,1023.375,27.75,2.875,100.0,12.375,11.375,15.125,11.375,10,24,4,4,0,0
2025-10-25,98.8800,98.8800,17.0,12.0,14.0,79.625,7.0,3.0,5.125,1023.875,133.375,9.875,74.5,14.125,13.875,7.5,13.875,10,25,5,4,1,0
2025-10-26,203.1000,203.1000,19.0,13.0,16.0,73.375,7.0,5.0,6.5,1022.875,180.125,9.875,63.375,15.875,15.75,9.25,15.75,10,26,6,4,1,0
2025-10-27,406.2000,203.1000,20.0,15.0,17.0,70.25,11.0,4.0,6.625,1022.75,200.375,10.0,58.125,17.0,17.0,8.875,17.0,10,27,0,4,0,0
2025-10-28,195.3000,195.3000,18.0,16.0,17.0,71.75,1.0,4.0,5.375,1020.625,163.875,10.0,90.0,16.75,16.75,7.5,16.75,10,28,1,4,0,0
2025-10-29,196.3100,196.3100,20.0,15.0,17.0,72.125,10.0,4.0,6.125,1019.375,239.5,10.0,59.75,17.25,17.25,8.5,17.25,10,29,2,4,0,0
2025-10-30,196.9400,196.9400,21.0,15.0,18.0,74.125,9.0,4.0,4.5,1020.875,177.875,10.0,68.0,18.0,17.625,6.125,17.625,10,30,3,4,0,0
2025-10-31,202.3800,202.3800,18.0,15.0,17.0,76.0,8.0,4.0,5.375,1023.375,168.125,10.0,68.25,16.625,16.625,8.375,16.625,10,31,4,4,0,0
2025-11-01,189.2500,189.2500,16.0,14.0,15.0,80.625,5.0,4.0,7.25,1023.125,190.5,10.0,59.875,14.5,14.375,11.125,14.375,11,1,5,4,1,0
2025-11-02,178.0600,178.0600,17.0,13.0,15.0,82.75,8.0,3.0,4.0,1023.75,180.875,10.0,68.25,14.75,14.875,5.625,14.875,11,2,6,4,1,0
2025-11-03,157.2400,157.2400,16.0,14.0,14.0,84.625,5.0,3.0,6.5,1023.375,198.375,9.875,73.5,14.375,14.5,9.25,14.5,11,3,0,4,0,0
2025-11-04,0.0000,0.0000,20.0,14.0,17.0,70.25,7.0,5.0,5.25,1019.0,194.75,10.0,70.875,16.875,17.0,7.25,17.0,11,4,1,4,0,0
2025-11-05,104.9042,104.9042,16.0,15.0,15.0,77.75,2.0,4.0,4.5,1013.125,46.25,10.0,84.25,15.125,15.375,6.0,15.375,11,5,2,4,0,0
2025-11-06,199.1800,199.1800,14.0,14.0,14.0,88.125,1.0,3.0,4.875,1013.25,28.375,9.0,99.375,14.0,14.0,6.5,14.0,11,6,3,4,0,0
2025-11-07,193.3200,193.3200,15.0,14.0,14.0,88.125,1.0,3.0,4.875,1018.125,107.75,10.0,94.5,14.0,14.375,7.0,14.375,11,7,4,4,0,0
2025-11-08,193.0600,193.0600,14.0,14.0,14.0,77.875,1.0,3.0,3.5,1022.125,258.125,10.0,93.375,14.0,14.5,5.25,14.5,11,8,5,4,1,0
2025-11-09,156.3100,156.3100,15.0,14.0,15.0,75.0,1.0,3.0,2.875,1021.125,130.25,10.0,92.75,14.875,15.125,3.75,15.125,11,9,6,4,1,0
2025-11-10,126.9300,126.9300,14.0,13.0,14.0,75.375,2.0,3.0,6.25,1018.875,43.75,10.0,92.25,13.625,13.5,8.875,13.5,11,10,0,4,0,0
2025-11-11,130.7600,130.7600,14.0,13.0,13.0,77.625,2.0,4.0,5.5,1019.0,36.0,10.0,84.875,13.25,13.5,7.625,13.5,11,11,1,4,0,0
2025-11-12,172.4300,172.4300,15.0,13.0,14.0,85.5,1.0,3.0,5.625,1022.0,114.75,8.0,94.75,13.75,13.75,7.875,13.75,11,12,2,4,0,0
2025-11-13,121.6300,121.6300,14.0,14.0,14.0,77.625,1.0,3.0,5.625,1022.5,159.375,10.0,94.875,14.0,14.25,9.0,14.25,11,13,3,4,0,0
2025-11-14,172.9400,172.9400,15.0,13.0,14.0,84.25,4.0,3.0,5.25,1022.25,141.375,6.0,89.75,13.5,13.875,7.75,13.875,11,14,4,4,0,0
2025-11-15,131.8100,131.8100,16.0,13.0,14.0,79.5,8.0,3.0,4.625,1023.625,201.875,10.0,65.625,13.875,14.25,6.375,14.25,11,15,5,4,1,0
2025-11-16,117.1900,117.1900,19.0,12.0,15.0,74.625,6.0,5.0,4.0,1023.625,139.5,10.0,47.125,15.25,15.25,5.5,15.25,11,16,6,4,1,0
2025-11-17,73.3700,73.3700,14.0,10.0,11.0,68.25,3.0,3.0,8.75,1029.875,93.375,7.0,90.125,11.25,10.5,11.625,10.5,11,17,0,4,0,0
2025-11-18,29.8800,29.8800,13.0,9.0,10.0,52.375,8.0,3.0,6.25,1037.5,151.5,10.0,57.0,10.25,10.0,8.875,10.0,11,18,1,4,0,0
2025-11-19,37.5000,37.5000,13.0,7.0,10.0,46.0,11.0,3.0,6.75,1032.875,179.25,10.0,17.25,9.875,9.375,9.75,9.375,11,19,2,4,0,0
2025-11-20,46.3100,46.3100,14.0,8.0,11.0,51.75,11.0,4.0,5.25,1031.125,210.75,10.0,16.625,10.875,10.875,7.375,10.875,11,20,3,4,0,0
2025-11-21,60.4400,60.4400,16.0,9.0,12.0,49.625,11.0,4.0,4.25,1029.625,178.25,10.0,10.25,12.125,12.0,6.5,12.0,11,21,4,4,0,0
2025-11-22,65.9300,65.9300,16.0,10.0,13.0,54.25,11.0,4.0,2.875,1025.875,165.375,10.0,17.25,12.875,12.875,4.0,12.875,11,22,5,4,1,0
2025-11-23,60.0100,60.0100,17.0,10.0,13.0,52.625,11.0,4.0,4.875,1025.25,221.75,10.0,22.5,13.25,13.375,7.25,13.375,11,23,6,4,1,0
2025-11-24,63.3700,63.3700,15.0,10.0,13.0,53.625,10.0,4.0,8.25,1029.5,112.0,10.0,30.625,12.625,12.125,11.125,12.125,11,24,0,4,0,0
2025-11-25,67.5000,67.5000,16.0,9.0,12.0,48.75,11.0,4.0,3.625,1026.25,170.375,10.0,17.25,12.125,12.25,5.625,12.25,11,25,1,4,0,0
2025-11-26,70.8200,70.8200,15.0,11.0,12.0,62.625,6.0,4.0,5.875,1027.25,125.0,10.0,55.75,12.375,12.0,8.75,12.0,11,26,2,4,0,0
2025-11-27,85.5000,85.5000,16.0,9.0,13.0,57.375,11.0,4.0,4.25,1029.375,199.25,10.0,1.0,12.375,12.5,6.625,12.5,11,27,3,4,0,0
2025-11-28,85.1300,85.1300,16.0,10.0,13.0,63.875,11.0,4.0,2.75,1020.0,105.5,10.0,27.625,13.0,13.125,3.75,13.125,11,28,4,4,0,0
2025-11-29,87.1800,87.1800,17.0,10.0,13.0,62.625,11.0,4.0,2.75,1016.125,141.625,10.0,9.25,13.375,13.5,3.75,13.5,11,29,5,4,1,0
2025-11-30,85.8200,85.8200,19.0,11.0,15.0,58.375,11.0,4.0,4.875,1017.125,169.75,10.0,16.5,14.875,14.75,7.75,14.75,11,30,6,4,1,0
2025-12-01,87.6800,87.6800,18.0,11.0,14.0,54.25,11.0,4.0,6.125,1016.0,94.875,10.0,15.125,14.375,14.5,9.125,14.5,12,1,0,1,0,0
2025-12-02,80.7400,80.7400,14.0,11.0,13.0,59.0,7.0,4.0,8.0,1020.0,70.875,10.0,47.875,12.625,12.125,12.625,12.125,12,2,1,1,0,0
2025-12-03,59.8200,59.8200,15.0,9.0,12.0,50.75,11.0,3.0,6.5,1025.375,132.75,10.0,27.25,12.125,12.0,8.5,12.0,12,3,2,1,0,0
2025-12-04,78.6300,78.6300,13.0,9.0,11.0,64.75,10.0,4.0,8.625,1024.75,52.25,10.0,49.25,10.875,9.875,11.25,9.875,12,4,3,1,0,0
2025-12-05,84.2500,84.2500,15.0,9.0,12.0,60.375,11.0,4.0,5.5,1024.875,193.0,10.0,22.125,11.875,11.875,7.875,11.875,12,5,4,1,0,0
2025-12-06,85.1200,85.1200,12.0,10.0,11.0,69.0,10.0,4.0,3.625,1021.75,121.875,10.0,56.0,11.125,11.125,5.375,11.125,12,6,5,1,1,0
2025-12-07,83.4400,83.4400,17.0,11.0,13.0,57.5,10.0,4.0,5.5,1024.25,189.25,10.0,48.375,13.125,13.0,8.125,13.0,12,7,6,1,1,0
2025-12-08,107.5600,107.5600,14.0,11.0,12.0,64.25,8.0,4.0,3.75,1024.5,85.875,10.0,51.875,12.375,12.625,5.375,12.625,12,8,0,1,0,0
2025-12-09,143.6200,143.6200,16.0,12.0,13.0,63.0,4.0,4.0,4.5,1020.625,224.375,10.0,64.375,13.5,13.375,6.125,13.375,12,9,1,1,0,0
2025-12-10,136.8800,136.8800,17.0,10.0,13.0,70.875,11.0,4.0,5.625,1021.25,133.625,10.0,37.75,13.25,13.25,8.125,13.25,12,10,2,1,0,0
2025-12-11,132.8100,132.8100,15.0,13.0,14.0,72.375,6.0,4.0,4.625,1018.75,201.125,10.0,63.625,13.75,13.875,6.5,13.875,12,11,3,1,0,0
2025-12-12,109.3200,109.3200,14.0,10.0,12.0,65.75,1.0,3.0,9.5,1018.875,36.375,10.0,82.125,12.75,12.0,13.125,12.0,12,12,4,1,0,0
2025-12-13,28.0000,28.0000,12.0,6.0,9.0,40.75,7.0,2.0,7.125,1031.5,155.0,10.0,66.75,9.375,8.5,10.0,8.5,12,13,5,1,1,0
2025-12-14,26.2400,26.2400,13.0,7.0,10.0,42.25,11.0,4.0,4.625,1026.5,240.375,10.0,12.25,10.0,9.75,6.375,9.75,12,14,6,1,1,0
2025-12-15,0.0000,0.0000,13.0,7.0,10.0,51.375,11.0,3.0,3.625,1021.0,225.5,10.0,23.0,9.75,9.75,5.5,9.75,12,15,0,1,0,0
2025-12-16,163.1900,163.1900,15.0,8.0,11.0,54.625,11.0,4.0,5.0,1022.875,204.0,10.0,19.625,11.375,10.875,7.375,10.875,12,16,1,1,0,0
2025-12-17,80.7500,80.7500,16.0,8.0,12.0,55.125,11.0,4.0,4.5,1025.375,168.375,10.0,8.875,12.0,12.0,7.25,12.0,12,17,2,1,0,0
2025-12-18,82.6900,82.6900,15.0,9.0,12.0,64.125,11.0,4.0,3.125,1019.125,93.0,10.0,18.0,11.875,12.125,4.25,12.125,12,18,3,1,0,0
2025-12-19,89.3800,89.3800,15.0,9.0,12.0,63.25,7.0,4.0,5.625,1014.5,98.625,10.0,42.125,12.125,12.0,8.25,12.0,12,19,4,1,0,0
2025-12-20,90.4300,90.4300,13.0,10.0,12.0,46.625,9.0,4.0,7.25,1022.75,182.25,10.0,72.25,12.375,12.125,10.625,12.125,12,20,5,1,1,0
2025-12-21,76.0600,76.0600,11.0,7.0,9.0,51.75,11.0,3.0,5.375,1024.5,108.625,10.0,39.875,9.25,8.625,7.75,8.625,12,21,6,1,1,0
2025-12-22,80.3800,80.3800,11.0,10.0,10.0,69.875,1.0,4.0,5.5,1016.0,56.25,10.0,83.25,10.5,10.0,7.375,10.0,12,22,0,1,0,0
2025-12-23,78.4400,78.4400,16.0,10.0,12.0,56.125,11.0,4.0,9.875,1020.625,170.375,10.0,45.375,12.0,11.0,13.875,11.0,12,23,1,1,0,0
2025-12-24,77.1900,77.1900,14.0,8.0,11.0,48.75,11.0,4.0,4.25,1022.75,141.375,10.0,22.875,10.75,10.875,6.375,10.875,12,24,2,1,0,0
2025-12-25,81.2400,81.2400,14.0,8.0,11.0,51.375,11.0,4.0,4.625,1026.0,103.0,10.0,9.875,10.75,10.5,6.75,10.5,12,25,3,1,0,0
2025-12-26,82.3800,82.3800,11.0,8.0,9.0,64.875,9.0,3.0,5.875,1021.875,48.125,10.0,66.875,9.375,8.875,8.625,8.875,12,26,4,1,0,0
2025-12-27,83.3800,83.3800,12.0,7.0,10.0,65.5,7.0,2.0,3.875,1022.25,209.75,10.0,55.25,10.0,9.875,5.625,9.875,12,27,5,1,1,0
2025-12-28,84.4900,84.4900,14.0,8.0,11.0,66.875,5.0,4.0,4.5,1019.875,147.125,10.0,56.125,11.0,10.875,6.375,10.875,12,28,6,1,1,0
2025-12-29,86.6300,86.6300,12.0,10.0,11.0,65.375,8.0,3.0,5.875,1018.5,97.5,10.0,69.875,11.25,10.875,8.375,10.875,12,29,0,1,0,0
2025-12-30,87.3800,87.3800,11.0,9.0,10.0,73.875,1.0,4.0,2.625,1017.0,167.375,10.0,83.625,10.125,10.0,3.75,10.0,12,30,1,1,0,0
2025-12-31,86.3100,86.3100,10.0,8.0,9.0,82.875,1.0,2.0,6.25,1017.375,101.875,8.0,100.0,9.125,8.25,8.75,8.25,12,31,2,1,0,0
2026-01-01,69.0600,69.0600,9.0,8.0,8.0,65.0,7.0,2.0,11.125,1024.125,48.625,10.0,79.625,8.375,6.25,14.5,6.25,1,1,3,1,0,1
2026-01-02,75.3100,75.3100,7.0,5.0,6.0,82.5,1.0,2.0,10.5,1028.5,36.25,10.0,97.0,6.125,3.875,13.75,3.875,1,2,4,1,0,0
2026-01-03,76.1300,76.1300,6.0,4.0,5.0,89.375,1.0,2.0,7.875,1025.375,24.125,8.0,100.0,5.0,3.25,10.625,3.25,1,3,5,1,1,0
2026-01-04,82.1200,82.1200,11.0,3.0,7.0,70.75,10.0,2.0,6.25,1026.375,215.25,10.0,44.75,7.0,5.75,9.25,5.75,1,4,6,1,1,0
2026-01-05,78.1300,78.1300,11.0,4.0,8.0,60.0,5.0,3.0,5.375,1028.625,200.875,10.0,34.5,7.75,7.25,7.75,7.25,1,5,0,1,0,0
2026-01-06,70.9400,70.9400,12.0,4.0,8.0,52.625,10.0,3.0,8.75,1032.125,226.875,10.0,8.875,7.625,6.375,13.5,6.375,1,6,1,1,0,0
2026-01-07,70.6900,70.6900,12.0,4.0,7.0,44.125,10.0,3.0,4.375,1031.125,244.5,10.0,3.125,7.5,7.25,6.75,7.25,1,7,2,1,0,0
2026-01-08,73.6200,73.6200,12.0,4.0,8.0,48.625,10.0,3.0,7.0,1029.625,194.25,10.0,2.5,7.5,6.5,11.375,6.5,1,8,3,1,0,0
2026-01-09,81.3100,81.3100,13.0,5.0,8.0,51.5,10.0,3.0,5.5,1025.125,186.75,10.0,4.75,8.375,7.875,8.625,7.875,1,9,4,1,0,0
2026-01-10,79.6300,79.6300,14.0,5.0,9.0,56.125,10.0,3.0,4.5,1025.875,95.25,10.0,9.875,9.375,8.875,8.0,8.875,1,10,5,1,1,0
2026-01-11,82.0000,82.0000,13.0,6.0,10.0,57.25,10.0,3.0,4.75,1024.5,111.875,10.0,28.375,9.875,9.625,6.625,9.625,1,11,6,1,1,0
2026-01-12,48.4400,48.4400,15.0,8.0,11.0,56.125,10.0,4.0,4.75,1024.0,206.625,10.0,18.25,11.25,11.125,6.75,11.125,1,12,0,1,0,0
2026-01-13,0.0000,0.0000,15.0,7.0,11.0,62.375,8.0,4.0,4.375,1019.25,109.75,10.0,33.75,11.25,11.0,6.0,11.0,1,13,1,1,0,0
2026-01-14,82.0131,82.0131,17.0,9.0,12.0,52.75,10.0,4.0,6.75,1018.25,182.375,10.0,36.125,12.125,11.75,11.25,11.75,1,14,2,1,0,0
2026-01-15,82.0131,82.0131,17.0,8.0,12.0,45.125,10.0,4.0,4.375,1016.5,170.25,10.0,3.5,12.0,12.25,7.125,12.25,1,15,3,1,0,0
2026-01-16,82.0131,82.0131,17.0,8.0,12.0,56.375,10.0,4.0,4.5,1015.375,121.125,10.0,9.125,11.875,11.875,7.875,11.875,1,16,4,1,0,0
2026-01-17,82.0131,82.0131,18.0,9.0,13.0,58.25,10.0,4.0,5.125,1013.375,198.375,10.0,17.25,12.75,12.875,7.625,12.875,1,17,5,1,1,0
2026-01-18,82.0131,82.0131,18.0,9.0,13.0,63.875,10.0,4.0,6.625,1009.5,79.75,10.0,26.625,13.5,13.125,10.25,13.125,1,18,6,1,1,0
2026-01-19,82.0131,82.0131,14.0,9.0,12.0,70.625,3.0,4.0,11.0,1013.125,45.25,10.0,85.125,12.25,11.25,14.75,11.25,1,19,0,1,0,0
2026-01-20,82.0131,82.0131,9.0,4.0,7.0,56.5,1.0,2.0,10.25,1023.625,58.75,10.0,95.5,7.5,5.625,13.25,5.625,1,20,1,1,0,0
2026-01-21,82.0131,82.0131,6.0,3.0,4.0,79.625,1.0,1.0,7.875,1026.5,84.25,10.0,95.625,4.125,2.25,10.5,2.25,1,21,2,1,0,0
2026-01-22,82.0131,82.0131,9.0,2.0,5.0,68.625,4.0,2.0,5.0,1028.25,152.75,10.0,51.75,5.5,4.75,6.875,4.75,1,22,3,1,0,0
2026-01-23,82.0131,82.0131,9.0,4.0,6.0,63.875,3.0,3.0,3.625,1026.125,98.0,10.0,79.75,6.375,6.0,4.875,6.0,1,23,4,1,0,0
2026-01-24,82.0131,82.0131,10.0,3.0,7.0,60.875,6.0,3.0,4.125,1022.0,216.75,10.0,58.625,7.25,6.875,6.125,6.875,1,24,5,1,1,0
2026-01-25,82.0131,82.0131,9.0,6.0,7.0,67.625,1.0,2.0,6.75,1020.375,67.375,10.0,99.25,7.5,6.25,9.25,6.25,1,25,6,1,1,0
2026-01-26,1066.1700,82.0128,14.0,5.0,9.0,63.125,11.0,3.0,5.875,1025.5,186.375,10.0,29.625,8.75,8.0,9.5,8.0,1,26,0,1,0,0
2026-01-27,77.3900,77.3900,13.0,5.0,9.0,62.0,8.0,3.0,3.75,1024.5,141.25,10.0,42.375,9.375,9.125,5.25,9.125,1,27,1,1,0,0
2026-01-28,80.4300,80.4300,13.0,9.0,10.0,57.25,10.0,4.0,3.125,1021.625,167.375,10.0,54.0,10.25,10.375,4.75,10.375,1,28,2,1,0,0
2026-01-29,82.7500,82.7500,12.0,9.0,10.0,61.25,8.0,4.0,5.25,1016.75,80.625,10.0,59.75,10.375,9.875,7.125,9.875,1,29,3,1,0,0
2026-01-30,72.1300,72.1300,10.0,6.0,9.0,70.125,3.0,3.0,8.25,1024.375,156.5,10.0,85.625,8.75,7.625,11.5,7.625,1,30,4,1,0,0
2026-01-31,73.3100,73.3100,11.0,5.0,8.0,70.75,4.0,3.0,4.75,1028.5,151.0,10.0,68.25,7.875,7.5,6.75,7.5,1,31,5,1,1,0
2026-02-01,73.6200,73.6200,12.0,5.0,9.0,65.0,7.0,2.0,3.875,1027.75,209.25,10.0,56.625,8.625,8.5,6.0,8.5,2,1,6,1,1,0
2026-02-02,79.0700,79.0700,14.0,5.0,10.0,61.625,8.0,3.0,4.375,1027.125,193.875,10.0,48.5,9.75,9.625,6.75,9.625,2,2,0,1,0,0
2026-02-03,81.6800,81.6800,13.0,7.0,10.0,63.875,9.0,3.0,4.5,1022.75,59.5,10.0,70.75,10.375,10.125,6.5,10.125,2,3,1,1,0,0
2026-02-04,84.3200,84.3200,13.0,9.0,11.0,67.875,2.0,3.0,5.125,1018.5,123.75,10.0,72.5,10.625,10.375,7.375,10.375,2,4,2,1,0,0
2026-02-05,81.7500,81.7500,16.0,7.0,11.0,60.75,11.0,4.0,4.875,1017.25,200.75,10.0,45.0,11.25,11.375,7.875,11.375,2,5,3,1,0,0
2026-02-06,88.2500,88.2500,18.0,9.0,13.0,57.625,11.0,4.0,6.0,1018.5,233.875,10.0,29.875,13.0,12.875,9.375,12.875,2,6,4,1,0,0
2026-02-07,85.8800,85.8800,11.0,8.0,10.0,57.875,8.0,4.0,11.75,1024.375,123.375,9.0,67.0,10.375,8.75,17.375,8.75,2,7,5,1,1,0
2026-02-08,83.3100,83.3100,12.0,7.0,9.0,61.375,9.0,2.0,7.25,1027.875,163.5,10.0,70.75,9.125,8.25,10.5,8.25,2,8,6,1,1,0
2026-02-09,83.4300,83.4300,11.0,7.0,9.0,70.375,2.0,2.0,5.625,1020.25,81.375,10.0,92.875,8.375,7.75,7.875,7.75,2,9,0,1,0,0
2026-02-10,93.8800,93.8800,14.0,6.0,10.0,64.625,11.0,2.0,6.375,1022.625,173.375,10.0,32.5,9.75,9.375,8.875,9.375,2,10,1,1,0,0
2026-02-11,84.3100,84.3100,15.0,6.0,10.0,56.5,11.0,4.0,4.75,1022.875,147.875,10.0,11.5,10.125,9.75,7.875,9.75,2,11,2,1,0,0
2026-02-12,84.2500,84.2500,17.0,9.0,12.0,52.5,11.0,4.0,3.5,1020.125,104.25,10.0,23.0,12.25,12.25,5.0,12.25,2,12,3,1,0,0
2026-02-13,85.7400,85.7400,18.0,10.0,13.0,53.875,8.0,4.0,6.0,1017.875,177.125,10.0,51.25,13.125,13.0,9.875,13.0,2,13,4,1,0,0
2026-02-14,85.2000,85.2000,18.0,8.0,13.0,58.0,11.0,4.0,5.0,1014.125,68.25,10.0,13.5,12.875,13.0,8.0,13.0,2,14,5,1,1,0
2026-02-15,82.0600,82.0600,17.0,10.0,13.0,57.0,9.0,4.0,11.0,1015.375,121.875,10.0,18.375,13.25,12.75,16.625,12.75,2,15,6,1,1,0
2026-02-16,41.1300,41.1300,16.0,8.0,12.0,48.375,11.0,3.0,7.375,1021.375,117.25,10.0,45.375,12.25,11.5,11.0,11.5,2,16,0,1,0,1
2026-02-17,63.0000,63.0000,11.0,9.0,10.0,64.625,6.0,3.0,6.0,1023.375,48.25,10.0,78.75,9.875,9.625,8.125,9.625,2,17,1,1,0,1
2026-02-18,63.5500,63.5500,18.0,10.0,13.0,54.5,11.0,3.0,5.125,1023.625,178.875,10.0,59.375,13.0,13.125,7.625,13.125,2,18,2,1,0,1
2026-02-19,63.0600,63.0600,19.0,9.0,14.0,56.375,11.0,3.0,3.5,1025.25,222.875,10.0,34.375,14.25,14.25,5.25,14.25,2,19,3,1,0,1
2026-02-20,63.2000,63.2000,20.0,10.0,15.0,54.75,11.0,5.0,5.0,1018.375,127.25,10.0,17.375,15.0,15.25,8.0,15.25,2,20,4,1,0,0
2026-02-21,64.1200,64.1200,22.0,11.0,16.0,56.25,11.0,5.0,4.625,1008.625,82.25,10.0,16.5,16.375,16.0,7.0,16.0,2,21,5,1,1,0
2026-02-22,65.5600,65.5600,23.0,13.0,17.0,55.75,11.0,5.0,6.5,1009.25,181.125,10.0,43.25,18.0,17.625,10.625,17.75,2,22,6,1,1,0
2026-02-23,66.6200,66.6200,18.0,14.0,15.0,66.75,8.0,4.0,9.875,1008.375,79.25,10.0,67.125,15.5,15.375,14.0,15.375,2,23,0,1,0,0
2026-02-24,71.7600,71.7600,22.0,13.0,17.0,51.25,11.0,4.0,10.25,1013.875,209.375,10.0,35.75,17.25,16.75,14.75,16.75,2,24,1,1,0,0
2026-02-25,71.7500,71.7500,22.0,11.0,16.0,56.25,11.0,5.0,8.375,1008.75,50.25,10.0,39.25,16.5,16.125,12.625,16.125,2,25,2,1,0,0
2026-02-26,74.2500,74.2500,22.0,14.0,17.0,56.0,11.0,4.0,8.75,1008.875,159.5,10.0,33.375,17.625,17.375,12.875,17.625,2,26,3,1,0,0
2026-02-27,90.5600,90.5600,19.0,14.0,16.0,63.625,9.0,4.0,5.375,1008.125,188.5,9.375,68.5,16.375,16.5,7.75,16.5,2,27,4,1,0,0
2026-02-28,108.0100,108.0100,15.0,13.0,14.0,85.625,1.0,3.0,8.5,1005.125,142.625,8.0,96.5,13.75,13.5,12.625,13.5,2,28,5,1,1,0
2026-03-01,89.7400,89.7400,14.0,12.0,12.0,82.75,7.0,3.0,8.25,1010.0,105.75,7.0,80.125,12.5,12.0,11.625,12.0,3,1,6,2,1,0
2026-03-02,100.2600,100.2600,14.0,11.0,12.0,80.125,2.0,3.0,3.875,1016.25,214.125,10.0,78.375,12.125,12.125,5.75,12.125,3,2,0,2,0,0
2026-03-03,96.2400,96.2400,16.0,12.0,14.0,77.25,10.0,3.0,5.625,1020.0,200.375,9.0,67.75,13.75,14.125,8.375,14.125,3,3,1,2,0,0
2026-03-04,90.1900,90.1900,22.0,12.0,16.0,65.75,12.0,5.0,8.25,1015.25,176.875,10.0,31.125,16.875,16.5,11.875,16.5,3,4,2,2,0,0
2026-03-05,83.5600,83.5600,20.0,14.0,16.0,53.625,12.0,4.0,8.375,1017.625,180.375,10.0,52.25,16.375,16.375,12.375,16.375,3,5,3,2,0,0
2026-03-06,80.3100,80.3100,18.0,14.0,15.0,58.25,7.0,4.0,6.0,1016.875,94.375,10.0,72.875,15.625,15.5,9.0,15.5,3,6,4,2,0,0
2026-03-07,101.0700,101.0700,14.0,12.0,13.0,87.75,1.0,3.0,6.125,1017.875,40.625,8.0,95.0,13.0,13.0,8.625,13.0,3,7,5,2,1,0
2026-03-08,100.9300,100.9300,12.0,11.0,11.0,86.875,1.0,3.0,7.375,1020.875,72.375,9.0,94.875,11.375,10.75,10.875,10.75,3,8,6,2,1,0
2026-03-09,87.6300,87.6300,19.0,11.0,14.0,74.5,11.0,3.0,7.875,1028.375,220.5,8.875,53.5,14.0,13.5,11.5,13.5,3,9,0,2,0,0
2026-03-10,84.1200,84.1200,20.0,12.0,16.0,65.375,7.0,5.0,5.125,1022.25,131.5,10.0,57.75,15.625,15.75,7.125,15.75,3,10,1,2,0,0
2026-03-11,86.1900,86.1900,23.0,13.0,18.0,59.5,12.0,5.0,6.25,1018.5,102.0,10.0,26.25,18.375,18.125,8.875,18.5,3,11,2,2,0,0
2026-03-12,91.1900,91.1900,19.0,13.0,16.0,74.125,1.0,5.0,8.0,1019.125,120.875,8.0,85.0,16.125,15.75,11.25,15.75,3,12,3,2,0,0
2026-03-13,125.3200,125.3200,13.0,11.0,12.0,92.25,1.0,3.0,14.25,1018.0,31.25,5.875,100.0,12.25,10.875,19.5,10.875,3,13,4,2,0,0
2026-03-14,102.3000,102.3000,12.0,9.0,10.0,90.5,1.0,2.0,8.875,1020.25,79.375,5.875,100.0,10.0,9.25,12.5,9.25,3,14,5,2,1,0
2026-03-15,93.2500,93.2500,12.0,8.0,10.0,81.375,1.0,2.0,8.875,1023.5,153.75,10.0,85.75,9.625,8.5,12.375,8.5,3,15,6,2,1,0
2026-03-16,88.6900,88.6900,13.0,8.0,10.0,73.75,1.0,2.0,2.875,1020.0,226.875,9.0,94.5,9.875,9.75,4.0,9.75,3,16,0,2,0,0
2026-03-17,105.1900,105.1900,14.0,9.0,10.0,79.75,2.0,3.0,5.875,1016.625,56.5,9.0,88.25,10.375,9.875,7.875,9.875,3,17,1,2,0,0
2026-03-18,102.1300,102.1300,18.0,9.0,13.0,56.75,6.0,3.0,8.125,1019.0,194.5,10.0,65.25,13.5,12.625,12.5,12.625,3,18,2,2,0,0
2026-03-19,91.2400,91.2400,15.0,9.0,12.0,69.375,1.0,4.0,8.125,1016.375,82.125,10.0,75.25,11.75,11.25,11.375,11.25,3,19,3,2,0,0
2026-03-20,93.7500,93.7500,20.0,10.0,15.0,58.875,12.0,4.0,7.0,1017.75,217.125,10.0,30.0,14.625,14.625,10.0,14.625,3,20,4,2,0,0
2026-03-21,94.0600,94.0600,19.0,13.0,15.0,62.125,8.0,5.0,4.375,1015.25,102.625,10.0,60.75,15.25,15.5,6.375,15.5,3,21,5,2,1,0
2026-03-22,104.8800,104.8800,21.0,12.0,16.0,57.875,9.0,5.0,9.25,1014.625,173.375,10.0,48.375,16.375,16.125,13.375,16.125,3,22,6,2,1,0
2026-03-23,108.7500,108.7500,15.0,13.0,14.0,73.75,2.0,3.0,7.125,1013.625,216.25,9.0,82.75,14.25,14.375,10.25,14.375,3,23,0,2,0,0
2026-03-24,107.1200,107.1200,22.0,12.0,17.0,66.0,12.0,4.0,10.0,1014.875,213.25,9.375,34.625,16.75,16.125,14.5,16.375,3,24,1,2,0,0
2026-03-25,120.7000,120.7000,17.0,14.0,15.0,75.0,7.0,3.0,5.25,1013.5,188.5,10.0,71.5,15.25,15.25,8.0,15.25,3,25,2,2,0,0
2026-03-26,104.1200,104.1200,22.0,13.0,17.0,65.375,12.0,5.0,5.5,1013.375,183.75,10.0,42.875,17.25,17.125,7.75,17.375,3,26,3,2,0,0
2026-03-27,96.6900,96.6900,17.0,13.0,16.0,66.375,1.0,5.0,3.125,1013.0,119.625,9.0,82.75,16.0,16.0,4.875,16.0,3,27,4,2,0,0
2026-03-28,117.6900,117.6900,22.0,13.0,17.0,74.5,9.0,4.0,6.5,1013.5,222.75,9.875,63.875,17.0,16.5,9.375,16.5,3,28,5,2,1,0
2026-03-29,132.4900,132.4900,19.0,15.0,16.0,86.375,4.0,4.0,5.0,1008.125,119.5,8.0,92.75,16.125,16.125,7.375,16.125,3,29,6,2,1,0
2026-03-30,115.8200,115.8200,16.0,12.0,14.0,83.875,1.0,3.0,7.25,1011.125,267.875,9.875,93.75,14.25,14.0,11.25,14.0,3,30,0,2,0,0
2026-03-31,103.8700,103.8700,23.0,11.0,16.0,65.25,13.0,4.0,10.5,1016.0,213.5,9.0,23.625,16.625,15.625,16.5,15.75,3,31,1,2,0,0
2026-04-01,100.2500,100.2500,23.0,12.0,18.0,58.875,13.0,5.0,4.0,1013.25,162.0,10.0,19.375,18.25,17.75,5.75,17.875,4,1,2,2,0,0
2026-04-02,82.6900,82.6900,20.0,15.0,17.0,79.375,6.0,4.0,4.75,1009.875,126.75,9.875,85.125,16.5,16.375,6.75,16.375,4,2,3,2,0,0
